Input_pH,Input_pe,U_initial,Carbonate,NaCl,Ca,Hfo_s,Hfo_w,Output_pH,Output_pe,U_ads,U_diss,HFO_gL,Ads_%,Kd_L_g,logKd,U_surface_total,Hfo_sOUO2+,(Hfo_sO)2UO2,(Hfo_sO)2UO2CO3-2,Hfo_wOUO2+,(Hfo_wO)2UO2,(Hfo_wO)2UO2CO3-2,UO2+2,UO2OH+,UO2(OH)2,UO2CO3,UO2(CO3)2-2,UO2(CO3)3-4,UO2Cl+,CaUO2(CO3)3-2,Ca2UO2(CO3)3,SI_Na2U2O7,SI_UO2CO3,SI_beta_UO2OH2,Dominant_aq_species,Dominant_surface_species
3.0,17.8,1e-08,2.6826957952797277e-05,0.0630957344480193,0.0,5.623413251903491e-06,0.0002249365300761,3.0,17.601505696397858,2.3330349583709413e-10,9.766696504162778e-09,0.0461119886656086,2.3330349583709413,0.5180357139836103,-0.2856402984568048,2.3330349583709413e-10,1.4673317289868646e-10,8.044046184161465e-11,6.817405985339756e-36,5.112249531127782e-12,1.0176115656652333e-12,2.727260587971577e-38,9.04798904820884e-09,5.077053333588261e-11,6.285574742138282e-15,4.153079822840226e-14,1.0540016010688684e-22,9.57162935069621e-33,6.661335224835218e-10,0.0,0.0,-23.274822121202725,-8.555303331585256,-999.999,UO2+2,Hfo_sOUO2+
3.0,17.8,1e-08,2.6826957952797277e-05,0.2511886431509579,0.001,1e-06,4e-05,3.0,17.60288894216032,3.6270099080087427e-11,9.963729900919971e-09,0.0081999999999999,0.3627009908008743,0.4439284142213057,-0.3526870564961724,3.6270099080087427e-11,2.2811552981668855e-11,1.2505587152396739e-11,1.0998399073628334e-36,7.947592685747313e-13,1.5819967744710278e-13,4.3997801939463454e-39,7.909984311817484e-09,4.410306678918782e-11,5.198530320143446e-15,3.610103326999048e-14,9.922620816219284e-23,9.350864895222982e-33,1.992394141438722e-09,6.1889414181993625e-31,1.9386507835021902e-32,-22.31040888043891,-8.597598991172228,-999.999,UO2+2,Hfo_sOUO2+
3.0,17.8,1e-08,7.196856730011514e-05,0.0039810717055349,0.001,3.1622776601683795e-05,0.0012649110640673,3.0,17.601073775184222,1.2543011565136894e-09,8.745698850264887e-09,0.2593067681338071,12.543011565136895,0.5530870010555028,-0.2572065484305007,1.2543011565136894e-09,7.888756525240084e-10,4.3246985763772815e-10,9.71934119262231e-35,2.7484715381212305e-11,5.4709309707405515e-12,3.888142916219487e-37,8.650301920121974e-09,4.863565483636366e-11,6.112611158445135e-15,1.0667453318882929e-13,7.085870897795721e-22,1.706373980279267e-31,4.663871456437619e-11,2.690668970533919e-29,2.1232191425363667e-30,-25.59243879606452,-8.151287749395216,-999.999,UO2+2,Hfo_sOUO2+
3.0,17.8,1e-08,7.196856730011514e-05,0.0039810717055349,0.01,3.1622776601683795e-05,0.0012649110640673,3.0,17.601107160580305,1.2547094899982618e-09,8.745290516798766e-09,0.2593067681338071,12.547094899982618,0.553292889693331,-0.257044910821077,1.2547094899982618e-09,7.891324725951428e-10,4.3261064171264047e-10,9.762912702097463e-35,2.749366355397601e-11,5.472712136502624e-12,3.905573474980948e-37,8.653118190813454e-09,4.8644009731769155e-11,6.087429552639132e-15,1.0670940391213717e-13,7.147218361663819e-22,1.7283005113938906e-31,4.3407000370540953e-11,2.159569477025782e-28,1.3448162659663495e-28,-25.64876848599713,-8.149345156731703,-999.999,UO2+2,Hfo_sOUO2+
3.0,17.8,1e-08,7.196856730011514e-05,0.0630957344480193,0.0,0.001,0.04,3.0,17.601505863328704,8.094551913958028e-09,1.905448086034546e-09,8.2,80.94551913958027,0.5180621212128145,-0.2856181605591302,8.094551913958028e-09,5.090890827373388e-09,2.790995607295308e-09,6.34563151888059e-34,1.7736111389809795e-10,3.5304365391233866e-11,2.5383067578898435e-36,1.7652182914490511e-09,9.905074457748553e-12,1.2262829244030458e-15,2.1736405459393376e-14,1.4798912843496752e-22,3.6053340414959656e-32,1.299593643576394e-10,0.0,0.0,-24.694330425137156,-8.83648588425865,-999.999,UO2+2,Hfo_sOUO2+
3.0,17.8,1e-08,0.0005179474679231,0.001,0.001,0.0001778279410038,0.0071131176401556,3.0,17.601053355160232,4.4741431910057345e-09,5.5258568089906385e-09,1.4581891162319167,44.741431910057344,0.5552600142739647,-0.2555036000830384,4.4741431910057345e-09,2.8139343641017922e-09,1.5426576601100339e-09,2.4935842825407747e-33,9.803662539636307e-11,1.9514541397545587e-11,9.974998554371156e-36,5.486916746450358e-09,3.0852667053427664e-11,3.880646742717356e-15,4.870010736023222e-13,2.3250770763364063e-20,4.0270947343270286e-29,7.595867684993326e-12,6.864935781227431e-27,5.86041225471869e-28,-27.169411449335424,-7.492117137508092,-999.999,UO2+2,Hfo_sOUO2+
3.0,17.8,1e-08,0.0005179474679231,0.0039810717055349,1e-05,3.1622776601683795e-05,0.0012649110640673,3.0,17.601071730970624,1.2541368957561203e-09,8.745863104243535e-09,0.2593067681338071,12.541368957561204,0.553004183858528,-0.2572715829452145,1.2541368957561203e-09,7.887723412338183e-10,4.3241322427295875e-10,6.990720849347864e-34,2.748111579007953e-11,5.470214459263594e-12,2.796580636368436e-36,8.649169015865191e-09,4.8629742965514754e-11,6.114716557174005e-15,7.676162202807372e-13,3.66623559905194e-20,6.351018286392943e-29,4.72805828498435e-11,1.0502594029086955e-28,8.695540052239432e-32,-25.581385771887547,-7.294402623025725,-999.999,UO2+2,Hfo_sOUO2+
3.0,17.8,1e-08,0.0005179474679231,0.2511886431509579,0.0001,3.1622776601683795e-05,0.0012649110640673,3.0,17.602887525139796,1.0320836705074143e-09,8.967916330829853e-09,0.2593067681338071,10.320836705074145,0.4438226954343093,-0.3527904933390976,1.0320836705074143e-09,6.491130712676674e-10,3.558538506449565e-10,6.040056471094336e-34,2.2615126663464708e-11,4.501621931325583e-12,2.4162304181340445e-36,7.11768958981194e-09,3.968579145879256e-11,4.679757798975741e-15,6.27192277558092e-13,3.3256588969649824e-20,6.048490909686596e-29,1.7943923405373987e-09,4.010580226859835e-28,1.2590985194365294e-30,-22.401594211018097,-7.357891626556011,-999.999,UO2+2,Hfo_sOUO2+
3.0,17.8,1e-08,0.0037275937203149,0.0158489319246111,1e-05,3.1622776601683795e-05,0.0012649110640673,3.0,17.601171295293323,1.2374435387704271e-09,8.762556467290443e-09,0.2593067681338071,12.374435387704272,0.5446038539346786,-0.2639192896639897,1.2374435387704271e-09,7.782731088709878e-10,4.2665773256523424e-10,4.9760138471229824e-33,2.711529984580621e-11,5.397397488398754e-12,1.9906108268111312e-35,8.534035261840782e-09,4.79604108252796e-11,6.011350597030542e-15,5.449003588289937e-12,1.882601287772551e-18,2.3526661863767424e-26,1.7497537256915818e-10,3.175478585208806e-26,2.1400246095899366e-29,-24.44254535534931,-6.442043607791129,-999.999,UO2+2,Hfo_sOUO2+
3.0,17.8,1e-08,0.0037275937203149,0.2511886431509579,0.0,0.0001778279410038,0.0071131176401556,3.0,17.602899113572228,3.927972278412894e-09,6.072027721593629e-09,1.4581891162319167,39.279722784128936,0.4436299069476646,-0.3529791839283565,3.927972278412894e-09,2.470426502951396e-09,1.354344952316681e-09,1.654242436607367e-32,8.606856666111726e-11,1.713225648369879e-11,6.617354968756317e-35,4.817088070250904e-09,2.6856994582943008e-11,3.1669542100264445e-15,3.0546819469914007e-12,1.165532304037148e-18,1.5254366595073188e-26,1.2145210328327467e-09,0.0,0.0,-22.740720507510684,-6.670345549237837,-999.999,UO2+2,Hfo_sOUO2+
3.0,17.8,1e-08,0.01,0.0158489319246111,0.01,3.1622776601683795e-05,0.0012649110640673,3.0,17.60123136003825,1.2374786622466291e-09,8.762521343829372e-09,0.2593067681338071,12.374786622466294,0.5446214949549136,-0.2639052220557548,1.2374786622466291e-09,7.782951996617577e-10,4.2666984235069685e-10,1.3409440509175663e-32,2.711606953616032e-11,5.397550698014117e-12,5.364329432607552e-35,8.534277507529815e-09,4.794850742833358e-11,5.9807025034852165e-15,1.4616865349632588e-11,1.3671122714748993e-17,4.60386830631293e-25,1.6555619396041378e-10,5.255164641204517e-22,2.981388256893873e-22,-24.484672393717773,-6.011514528869643,-999.999,UO2+2,Hfo_sOUO2+
3.0,17.8,5.179474679231213e-08,2.6826957952797277e-05,0.0158489319246111,0.01,0.001,0.04,3.0,17.601194515077804,4.233159654648364e-08,9.46315024561209e-09,8.2,81.72951731229797,0.545525505646032,-0.2631849394800803,4.233159654648364e-08,2.66239117162941e-08,1.4595454658317444e-08,1.2307821871256377e-33,9.27590052284228e-10,1.84640119587865e-10,4.9236780423484194e-36,9.232006578067586e-09,5.1877391084032825e-11,6.471860246973533e-15,4.242566521652238e-14,1.0646901920968936e-22,9.620260395723784e-33,1.7909154059001719e-10,1.0981674780824995e-29,6.230448491494973e-30,-24.41618517882296,-8.54874032068346,-999.999,UO2+2,Hfo_sOUO2+
3.0,17.8,5.179474679231213e-08,2.6826957952797277e-05,0.2511886431509579,0.0,3.1622776601683795e-05,0.0012649110640673,3.0,17.60288533635434,5.344736086657837e-09,4.645001071255857e-08,0.2593067681338071,10.319069823990633,0.4437379723386607,-0.3528734054697895,5.344736086657837e-09,3.3616816935273676e-09,1.8425946413555202e-09,1.6198319790534612e-34,1.171421832341436e-10,2.3317568540804902e-11,6.48221493110361e-37,3.6868322590255776e-08,2.0556717056933358e-10,2.4241850800132832e-14,1.6826941306511147e-13,4.620975952805049e-22,4.352851721679575e-32,9.295525881305393e-09,0.0,0.0,-20.972898698977616,-7.929306456343884,-999.999,UO2+2,Hfo_sOUO2+
3.0,17.8,5.179474679231213e-08,0.0005179474679231,0.0039810717055349,0.001,5.623413251903491e-06,0.0002249365300761,3.0,17.60107542196011,1.2876094439768e-09,5.05071373483336e-08,0.0461119886656086,2.485984629174632,0.5528630264099464,-0.2573824532210708,1.2876094439768e-09,8.098888374638377e-10,4.4387868326317053e-10,7.179345515393534e-34,2.8223863095777777e-11,5.618060154013984e-12,2.8734718754102147e-36,4.9952421007241954e-08,2.808515014309937e-10,3.5297621390384446e-14,4.433284370113478e-12,2.1193255468011308e-19,3.672977255256475e-28,2.693216924502728e-10,5.791644344521054e-26,4.5701874420929345e-27,-24.069399247574022,-6.532622892529728,-999.999,UO2+2,Hfo_sOUO2+
3.0,17.8,5.179474679231213e-08,0.0005179474679231,0.0158489319246111,0.001,5.623413251903491e-06,0.0002249365300761,3.0,17.60116309800334,1.2692779005070395e-09,5.0525468891803914e-08,0.0461119886656086,2.450591959830641,0.5447942480118194,-0.2637674863924704,1.2692779005070395e-09,7.983574527888333e-10,4.3756051691955006e-10,7.094442014233537e-34,2.7821885665471368e-11,5.538045133184874e-12,2.8394655728881057e-36,4.924097519139754e-08,2.76739722733144e-10,3.467207251619185e-14,4.368880910685365e-12,2.0993598090991612e-19,3.6472622811253797e-28,1.0025910872720171e-09,4.816603136886316e-26,3.174520805016491e-27,-22.925504616577932,-6.537793238013887,-999.999,UO2+2,Hfo_sOUO2+
3.0,17.8,5.179474679231213e-08,0.0013894954943731,1.0,0.0001,5.623413251903491e-06,0.0002249365300761,3.0,17.608348104626828,7.004929263131907e-10,5.109425386604322e-08,0.0461119886656086,1.3524401019316592,0.2973156980188482,-0.526782159806234,7.004929263131907e-10,4.4058120909442986e-10,2.415041735331374e-10,1.2526808338661565e-33,1.535172756516942e-11,3.055816120453992e-12,5.0123687071791045e-36,2.7170479624523296e-08,1.4773117353333038e-10,1.4463382524818863e-14,6.229253128879136e-12,1.1855746087904485e-18,6.589381949517358e-27,2.319170901199512e-08,2.9527229398405144e-26,5.333638735282133e-29,-20.174176859238205,-6.290986902815288,-999.999,UO2+2,Hfo_sOUO2+
3.0,17.8,5.179474679231213e-08,0.0037275937203149,0.0630957344480193,1e-05,3.1622776601683795e-05,0.0012649110640673,3.0,17.601519424138434,6.129071685794651e-09,4.5665675128161093e-08,0.2593067681338071,11.833384783926364,0.5175960648129897,-0.2860090341873091,6.129071685794651e-09,3.855045858487795e-09,2.112946780367188e-09,2.4880837581574405e-32,1.343384923644139e-10,2.6740554575253037e-11,9.957420500019515e-35,4.2280541732914073e-08,2.372317142514407e-10,2.936814315995254e-14,2.6964260771046708e-11,9.508092952219365e-18,1.199692258998873e-25,3.1126925824938253e-09,1.1823759584931954e-25,5.755894989033595e-29,-21.93575066555202,-5.742883019001276,-999.999,UO2+2,Hfo_sOUO2+
3.0,17.8,5.179474679231213e-08,0.0037275937203149,0.0630957344480193,0.0001,0.0001778279410038,0.0071131176401556,3.0,17.601519753351628,2.2279662050902183e-08,2.9515084741332e-08,1.4581891162319167,43.015292921963166,0.5176672758741765,-0.2859492878990804,2.2279662050902183e-08,1.4012994344984258e-08,7.681202313468698e-09,9.045306398996339e-32,4.882729253854142e-10,9.719246706380756e-11,3.6193175165389926e-34,2.7327675608997357e-08,1.533325079758589e-10,1.898102056022597e-14,1.7428120228770843e-11,6.14597587248997e-18,7.755055845733971e-26,2.0113261458092953e-09,7.637684220260746e-25,3.71528592532822e-27,-22.31501384597543,-5.932403227611388,-999.999,UO2+2,Hfo_sOUO2+
3.0,17.8,5.179474679231213e-08,0.0037275937203149,1.0,0.0,1e-06,4e-05,3.0,17.608356683454733,1.2594049258281906e-10,5.1668806300124746e-08,0.0081999999999999,0.2431530230040865,0.2972508512627331,-0.5268768929811689,1.2594049258281906e-10,7.921143014457714e-11,4.341959197211478e-11,6.041418663108073e-34,2.760068907483436e-12,5.494015586436931e-13,2.417369743789245e-36,2.747008323232504e-08,1.4935427587400175e-10,1.4622315995231738e-14,1.689483635002679e-11,8.625144211457927e-18,1.2859366083403076e-25,2.344794508161155e-08,0.0,0.0,-20.164702395193057,-5.857686829767802,-999.999,UO2+2,Hfo_sOUO2+
3.0,17.8,5.179474679231213e-08,0.01,0.0158489319246111,0.01,1e-06,4e-05,3.0,17.601231360198653,2.3020532190054027e-10,5.1564541470521616e-08,0.0081999999999999,0.4444568921702105,0.5444404031017623,-0.2640496531361303,2.3020532190054027e-10,1.4479609318028742e-10,7.935878574077377e-11,2.494099239693732e-33,5.046015650113957e-12,1.004427329365123e-12,9.982452141340525e-36,5.0221384183415323e-08,2.82161015818419e-10,3.519444400265345e-14,8.601538963897386e-11,8.045001142983915e-17,2.7092234497807647e-24,9.742429929727203e-10,3.0924880274205928e-21,1.7544459553161495e-21,-22.94522869579784,-5.241792605727879,-999.999,UO2+2,Hfo_sOUO2+
3.0,17.8,5.179474679231213e-08,0.01,0.0630957344480193,0.0001,0.001,0.04,3.0,17.601542960068844,4.19126619867354e-08,9.8820848054251e-09,8.2,80.92068130924135,0.5172289393305739,-0.2863171840237163,4.19126619867354e-08,2.6360423589479773e-08,1.4451016210698878e-08,4.564757022567075e-31,9.184094905742047e-10,1.8281269598254118e-10,1.826104516264888e-33,9.14063538599852e-09,5.1281594186714276e-11,6.3474643969168926e-15,1.5636850598125875e-11,1.4791592712615408e-17,5.0064999620085975e-25,6.727521917494768e-10,4.930616351385972e-24,2.39840118454096e-26,-23.26640975108642,-5.979504337222696,-999.999,UO2+2,Hfo_sOUO2+
3.0,17.8,2.682695795279728e-07,1e-05,0.0039810717055349,0.01,0.001,0.04,3.0,17.601106930815874,2.1980722916646438e-07,4.846235035559503e-08,8.2,81.93520471207388,0.553125456313163,-0.2571763536770472,2.1980722916646438e-07,1.3825522704555602e-07,7.577495464212074e-08,2.3761042090035738e-33,4.818006226935136e-09,9.590412518524408e-10,9.509924886331057e-36,4.795207874415064e-08,2.6956569895013115e-10,3.37341427528362e-14,8.21665582516998e-14,7.646928612163185e-23,2.5693710969130848e-33,2.405262564647956e-10,3.2105184764378346e-30,1.999269641539464e-30,-24.16149727361497,-8.262852762684552,-999.999,UO2+2,Hfo_sOUO2+
3.0,17.8,2.682695795279728e-07,7.196856730011514e-05,1.0,1e-05,0.0001778279410038,0.0071131176401556,3.0,17.608342765875857,8.110542471026182e-08,1.8716415481682066e-07,1.4581891162319167,30.232807183344796,0.2971757538145385,-0.5269866269912247,8.110542471026182e-08,5.101907567770367e-08,2.7953833469405238e-08,7.509971408887982e-33,1.7784990705100991e-09,3.540164926428334e-10,3.0076022779034285e-35,9.95391213981806e-08,5.412268373648223e-10,5.2991221435867017e-14,1.1820335384791389e-12,1.1651655165587147e-20,3.3541658512472925e-30,8.496451570755135e-08,1.5030537549213477e-30,2.7152109651677074e-34,-19.04635012698912,-7.012809286949086,-999.999,UO2+2,Hfo_sOUO2+
3.0,17.8,2.682695795279728e-07,7.196856730011514e-05,1.0,0.001,0.001,0.04,3.0,17.608346178662924,1.9024403267503365e-07,7.802554685027988e-08,8.2,70.91524615268452,0.2973448149508872,-0.526739630253157,1.9024403267503365e-07,1.196589641851174e-07,6.558526775377073e-08,1.762641620172033e-32,4.1697893392827834e-09,8.300113968627233e-10,7.054102735822501e-35,4.150058194057643e-08,2.2564872372443629e-10,2.2083739466695322e-14,4.928025540041481e-13,4.8614926792511455e-21,1.3999978245559723e-30,3.541648396322611e-08,6.27186918452915e-29,1.1322117579536502e-30,-19.8062634380709,-7.392588088632582,-999.999,UO2+2,Hfo_sOUO2+
3.0,17.8,2.682695795279728e-07,0.0005179474679231,0.0158489319246111,0.01,5.623413251903491e-06,0.0002249365300761,3.0,17.60119633041517,6.569699290287874e-09,2.6169988023754177e-07,0.0461119886656086,2.448916981883458,0.5444125336440573,-0.2640718848834841,6.569699290287874e-09,4.133881745493727e-09,2.2628655907928428e-09,3.684113790563149e-33,1.4424040915762488e-10,2.8711544843678988e-11,1.4781919666626724e-35,2.552862028756448e-07,1.4345171180166987e-09,1.7895879461796877e-13,2.265012172576373e-11,1.0974276493688238e-18,1.9144770961800552e-27,4.952300041326789e-09,2.1853932047014312e-24,1.2398750511033471e-24,-21.532734801806924,-5.821298379197653,-999.999,UO2+2,Hfo_sOUO2+
3.0,17.8,2.682695795279728e-07,0.0005179474679231,0.2511886431509579,0.0,3.1622776601683795e-05,0.0012649110640673,3.0,17.60288716513666,2.7650818762484996e-08,2.406187608007821e-07,0.2593067681338071,10.30710183806055,0.4431641875171909,-0.3534353425758419,2.7650818762484996e-08,1.7396703634544116e-08,9.526559700827872e-09,1.6169139945831295e-32,6.067748072734342e-10,1.2078061983956963e-10,6.482582918868716e-35,1.909711841070235e-07,1.0647914686737052e-09,1.2556623680917917e-13,1.6827913131110914e-11,8.922149456586264e-19,1.622633060874638e-27,4.8149106330078976e-08,0.0,0.0,-19.544281034647867,-5.929281332579915,-999.999,UO2+2,Hfo_sOUO2+
3.0,17.8,2.682695795279728e-07,0.0013894954943731,0.0630957344480193,0.001,3.1622776601683795e-05,0.0012649110640673,3.0,17.6015143977045,3.1721875238016074e-08,2.3654770440178838e-07,0.2593067681338071,11.82462629338426,0.5171615906703029,-0.2863737374253809,3.1721875238016074e-08,1.995911579349847e-08,1.0927898508308094e-08,4.79902463207618e-32,6.962666665783892e-10,1.3859426963111638e-10,1.9246935916350323e-34,2.1913711863020081e-07,1.229584001258339e-09,1.5215161613135486e-13,5.209648024273425e-11,6.854071005834381e-18,3.2252614479445373e-26,1.6086098606378083e-08,3.1542324725943314e-24,1.522995361927441e-25,-20.508587110959517,-5.456667726900459,-999.999,UO2+2,Hfo_sOUO2+
3.0,17.8,2.682695795279728e-07,0.0037275937203149,0.001,0.0001,1e-06,4e-05,3.0,17.60106182363656,1.2127392368949495e-09,2.6705684029121864e-07,0.0081999999999999,0.4520599163829144,0.5537960710100227,-0.2566501297473954,1.2127392368949495e-09,7.631116676223871e-10,4.1769888774217886e-10,4.856888527908717e-33,2.6628239851590025e-11,5.300441678793675e-12,1.9489777333423043e-35,2.650225772672251e-07,1.49015099784645e-09,1.8750177125553325e-13,1.69279895409909e-10,5.811289448610779e-17,7.240479436385113e-25,3.7400827288165575e-10,1.3227878866001765e-23,1.2107118296337634e-25,-23.78567262357104,-4.951222309820226,-999.999,UO2+2,Hfo_sOUO2+
3.0,17.8,2.682695795279728e-07,0.0037275937203149,0.0630957344480193,0.0,3.1622776601683795e-05,0.0012649110640673,3.0,17.601519388078074,3.170592955245282e-08,2.365636499748668e-07,0.2593067681338071,11.818682389647094,0.5168667864748091,-0.2866213744180277,3.170592955245282e-08,1.9949078689366533e-08,1.0922410319266936e-08,1.2861540382778974e-31,6.959160629834346e-10,1.3852448083591963e-10,5.158233876218598e-34,2.1902677251654725e-07,1.2289366032251694e-09,1.5213713500559398e-13,1.3968352288698909e-10,4.925453234102822e-17,6.2147075715316e-25,1.6125204781162043e-08,0.0,0.0,-20.507016834926183,-5.028528298227535,-999.999,UO2+2,Hfo_sOUO2+
3.0,17.8,2.682695795279728e-07,0.0037275937203149,0.0630957344480193,0.001,0.0001778279410038,0.0071131176401556,3.0,17.60152304706116,1.153489237912224e-07,1.5292065573373969e-07,1.4581891162319167,42.99739239692469,0.5172893567550655,-0.2862664571217434,1.153489237912224e-07,7.256569339489318e-08,3.974933073107274e-08,4.682743070229006e-31,2.530245481095641e-09,5.036541841608343e-10,1.876302923962793e-33,1.416129215370813e-07,7.945620906925675e-10,9.831705735252347e-14,9.031283275150155e-11,3.1874538153996694e-17,4.0235963905813417e-25,1.0395292585915771e-08,3.934956366939114e-23,1.8999470821806243e-24,-20.88786641852328,-5.217726608328245,-999.999,UO2+2,Hfo_sOUO2+
3.0,17.8,1.389495494373136e-06,1e-05,0.0158489319246111,0.0,0.0001778279410038,0.0071131176401556,3.0,17.601157526526514,6.132074536623097e-07,7.762880406265529e-07,1.4581891162319167,44.131661897828266,0.54171477040219,-0.2662293227721953,6.132074536623097e-07,3.86220711858499e-07,2.107794643970169e-07,6.595186909741091e-33,1.3516730823335258e-08,2.6905465834585687e-09,2.6621917129995134e-35,7.565067853639642e-07,4.251760832140245e-09,5.329512670138343e-13,1.2959084218718252e-12,1.201186522489347e-21,4.027256231585548e-32,1.5511136739176036e-08,0.0,0.0,-20.547088637749333,-7.065788360795722,-999.999,UO2+2,Hfo_sOUO2+
3.0,17.8,1.389495494373136e-06,1e-05,0.2511886431509579,0.0,1e-06,4e-05,3.0,17.602885277734284,4.995539078468108e-09,1.3844999552941197e-06,0.0081999999999999,0.359521790369088,0.4400231870073219,-0.3565244377774302,4.995539078468108e-09,3.148417507231692e-09,1.7147315895539255e-09,5.619078993550315e-35,1.1041213514162712e-10,2.197784654086345e-11,2.277477658890473e-37,1.098900808773802e-06,6.12715673259433e-09,7.22554997542784e-13,1.8695578346218464e-12,1.9137996490764075e-21,6.719940990312584e-32,2.770627995129232e-07,0.0,0.0,-18.02428868972684,-6.883572518185076,-999.999,UO2+2,Hfo_sOUO2+
3.0,17.8,1.389495494373136e-06,1e-05,0.2511886431509579,0.0001,5.623413251903491e-06,0.0002249365300761,3.0,17.60288563812037,2.7637027139317782e-08,1.361858467230752e-06,0.0461119886656086,1.9889972476511044,0.4400940502701209,-0.3564545027215848,2.7637027139317782e-08,1.7417529322470482e-08,9.487174472295505e-09,3.109026304186849e-34,6.107515252461833e-10,1.2157181930560816e-10,1.259854596672475e-36,1.0809515224783636e-06,6.027066641169817e-09,7.107189525812981e-13,1.8390174659344035e-12,1.8827004893667328e-21,6.611024162565891e-32,2.725107710117689e-07,4.383575244798969e-31,1.3761960732946503e-33,-18.03864890198135,-6.890706273479562,-999.999,UO2+2,Hfo_sOUO2+
3.0,17.8,1.389495494373136e-06,1e-05,1.0,0.0001,3.1622776601683795e-05,0.0012649110640673,3.0,17.60834284194771,9.898585128248604e-08,1.2905096430926047e-06,0.2593067681338071,7.123869899782799,0.2957998952894163,-0.5290019840755588,9.898585128248604e-08,6.233662644448847e-08,3.403444397523567e-08,1.2705386193262381e-33,2.1807048001351886e-09,4.3407606262672965e-10,5.12430590206274e-36,6.863378264342102e-07,3.731842473735109e-09,3.6536879501865035e-13,1.1324783987117893e-12,1.5512305746939689e-21,6.205054018338031e-32,5.858319215930355e-07,2.7805107532578587e-31,5.022574330328397e-34,-17.369263534627393,-7.03139285445376,-999.999,UO2+2,Hfo_sOUO2+
3.0,17.8,1.389495494373136e-06,2.6826957952797277e-05,0.0039810717055349,0.0001,0.001,0.04,3.0,17.60107024883295,1.138066389710624e-06,2.514291045036208e-07,8.2,81.90500755988828,0.5519988801020173,-0.2580618033686409,1.138066389710624e-06,7.161016044391896e-07,3.920059608289098e-07,3.28263726709173e-32,2.4985396110500092e-08,4.973428332024602e-09,1.317000951621963e-34,2.4867185096287413e-07,1.3981609924459527e-09,1.757990453681494e-13,1.143103693773426e-12,2.828049953598016e-21,2.5375657335706063e-31,1.356961779458303e-09,4.1762479898932045e-30,3.44099494425854e-32,-22.66519150313569,-7.121443148300873,-999.999,UO2+2,Hfo_sOUO2+
3.0,17.8,1.389495494373136e-06,2.6826957952797277e-05,0.0158489319246111,0.0,0.001,0.04,3.0,17.601157584176267,1.1350088353429366e-06,2.544866588741331e-07,8.2,81.6849597526036,0.5439016419939194,-0.2644796300838505,1.1350088353429366e-06,7.141767932029575e-07,3.909538645724458e-07,3.2816747105026156e-32,2.4918137316286208e-08,4.960040251247281e-09,1.3166041529248767e-34,2.480024445881912e-07,1.39383654004628e-09,1.7471513946011026e-13,1.1396953894149872e-12,2.8339749121168977e-21,2.5489776125140677e-31,5.0847523712744734e-09,0.0,0.0,-21.51579878530664,-7.121574018472392,-999.999,UO2+2,Hfo_sOUO2+
3.0,17.8,1.389495494373136e-06,7.196856730011514e-05,0.2511886431509579,0.001,5.623413251903491e-06,0.0002249365300761,3.0,17.6028891141392,2.7641590174256877e-08,1.361853904195832e-06,0.0461119886656086,1.9893256427382116,0.4401681871985959,-0.3563813489325261,2.7641590174256877e-08,1.7420410985695978e-08,9.488733897815458e-09,2.238746271281292e-33,6.108532274126733e-10,1.2159206333276569e-10,9.071974823047724e-36,1.081131522895161e-06,6.027973775849294e-09,7.105302727200137e-13,1.3237121233833207e-11,9.760492825292486e-20,2.4675635969175146e-29,2.723185551043295e-07,1.633172049537976e-27,5.115804395471375e-29,-18.03900468633805,-6.033324861527728,-999.999,UO2+2,Hfo_sOUO2+
3.0,17.8,1.389495494373136e-06,0.0001930697728883,0.0039810717055349,0.0001,3.1622776601683795e-05,0.0012649110640673,3.0,17.601070871064987,1.7283510323410133e-07,1.216660391114802e-06,0.2593067681338071,12.438694758925797,0.5478336835712233,-0.261351268651272,1.7283510323410133e-07,1.0895006379088234e-07,5.9300873447458494e-08,3.5738237369164105e-32,3.823156252470277e-09,7.610097432902644e-10,1.4503147237364079e-34,1.2032722246011251e-06,6.765395682798424e-09,8.50650236563988e-13,3.9807458031284186e-11,7.087743128868526e-19,4.576990473660434e-28,6.568091505037066e-09,7.532143377700618e-27,6.205626934869411e-29,-21.29573701757551,-5.579564069230091,-999.999,UO2+2,Hfo_sOUO2+
3.0,17.8,1.389495494373136e-06,0.0001930697728883,0.2511886431509579,0.0001,3.1622776601683795e-05,0.0012649110640673,3.0,17.602886318729286,1.42414651794933e-07,1.2470808427485934e-06,0.2593067681338071,10.249378452226122,0.4403988864450094,-0.3561537878188124,1.42414651794933e-07,8.973772002238358e-08,4.890594287792142e-08,3.0942974277605903e-32,3.144972932867553e-09,6.260159617604572e-10,1.2525233380664558e-34,9.898250269271828e-07,5.518954900213518e-09,6.507997963172179e-13,3.2512547444134774e-11,6.426274468278291e-19,4.356720412733217e-28,2.4953743011283934e-07,2.888812501472029e-27,9.069245698832078e-30,-18.11514855726025,-5.643241149565018,-999.999,UO2+2,Hfo_sOUO2+
3.0,17.8,1.389495494373136e-06,0.0005179474679231,0.0039810717055349,0.001,0.001,0.04,3.0,17.601075417002303,1.1380630014491652e-06,2.51432492762742e-07,8.2,81.90476371156545,0.5519897980703663,-0.2580689488698739,1.1380630014491652e-06,7.160994714363709e-07,3.920047949404377e-07,6.340330566523488e-31,2.4985321576555043e-08,4.9734134958015244e-09,2.5437538892242612e-33,2.48671109149547e-07,1.3981235454350543e-09,1.757172052330062e-13,2.206959548151585e-11,1.0550338054958665e-18,1.828466035788729e-27,1.3402096090210247e-09,2.8831966309511403e-25,2.2751505795169707e-26,-22.675259565633688,-5.835554146495227,-999.999,UO2+2,Hfo_sOUO2+
3.0,17.8,1.389495494373136e-06,0.0005179474679231,0.0039810717055349,0.01,0.0001778279410038,0.0071131176401556,3.0,17.601108807157058,6.183798263730036e-07,7.711156679125706e-07,1.4581891162319167,44.50391015135912,0.5499483877452572,-0.2596780668134149,6.183798263730036e-07,3.894832158861113e-07,2.125517980117823e-07,3.4521258862661403e-31,1.3631433945729716e-08,2.713378529380406e-09,1.3935810287460786e-33,7.629265272412994e-07,4.288803548999701e-09,5.367070785427188e-13,6.770991814953543e-11,3.2638214962389317e-18,5.6799987457300644e-27,3.82628510972656e-09,7.097267970037495e-24,4.4195891437515656e-24,-21.75816086593565,-5.34689544290395,-999.999,UO2+2,Hfo_sOUO2+
3.0,17.8,1.389495494373136e-06,0.0013894954943731,0.001,0.0001,0.0001778279410038,0.0071131176401556,3.0,17.601053190396215,6.19551290718585e-07,7.699442035640916e-07,1.4581891162319167,44.58821876195378,0.5518285424455481,-0.2581958400909418,6.19551290718585e-07,3.902221348470554e-07,2.129531918491658e-07,9.2304903161881e-31,1.3657414081542183e-08,2.71854994082177e-09,3.7263009969798324e-33,7.64380592022813e-07,4.298078300015812e-09,5.408373542045943e-13,1.8200275160604055e-10,2.3291147506119454e-17,1.0817614555997354e-25,1.077800368466245e-09,1.9763200431073876e-24,1.808884062984744e-26,-22.86556678985293,-4.919749731286345,-999.999,UO2+2,Hfo_sOUO2+
3.0,17.8,1.389495494373136e-06,0.0013894954943731,0.0158489319246111,0.0,3.1622776601683795e-05,0.0012649110640673,3.0,17.601162625638825,1.7059901938049254e-07,1.2188964749685477e-06,0.2593067681338071,12.277767007618648,0.5397539845065993,-0.2678041429856871,1.7059901938049254e-07,1.0753731565260529e-07,5.853740364489661e-08,2.544950503193227e-31,3.773228545360591e-09,7.510715376300406e-10,1.0325882733134113e-33,1.1875582778541436e-06,6.6742232901130674e-09,8.365830430703615e-13,2.826593395961008e-10,3.6403798322301345e-17,1.6958701029620343e-25,2.435003557727e-08,0.0,0.0,-20.1554398800256,-4.727099184524684,-999.999,UO2+2,Hfo_sOUO2+
3.0,17.8,1.389495494373136e-06,0.0013894954943731,0.0630957344480193,0.01,0.001,0.04,3.0,17.601547350999557,1.12466213773651e-06,2.648333564839635e-07,8.2,80.94032274958154,0.5178876296289545,-0.2857644625060422,1.12466213773651e-06,7.076633104047092e-07,3.8739355068286324e-07,1.7081698849856918e-30,2.4690540317701675e-08,4.914736331235931e-09,6.852971065802389e-33,2.457372407312499e-07,1.3786287391889027e-09,1.6987186368474198e-13,5.841809973550952e-11,7.74869071890378e-18,3.661061306873547e-26,1.7613401269387774e-08,3.3635393299906903e-23,1.5194408309541676e-23,-20.425668709269765,-5.405150347853917,-999.999,UO2+2,Hfo_sOUO2+
3.0,17.8,1.389495494373136e-06,0.0037275937203149,0.0158489319246111,0.001,0.0001778279410038,0.0071131176401556,3.0,17.60117495318276,6.130437213005613e-07,7.764517729795981e-07,1.4581891162319167,44.11987831433256,0.5414559250179095,-0.2664368895475417,6.130437213005613e-07,3.861174380219399e-07,2.1072335934151787e-07,2.4587370549895647e-30,1.351310006522462e-08,2.6898238718790204e-09,9.924833936324056e-33,7.5630357791578e-07,4.2502776445005575e-09,5.324780578316903e-13,4.829018062629013e-10,1.6699173057839236e-16,2.087826332030401e-24,1.539812663318857e-08,2.757120792925997e-22,1.8171069354936128e-23,-20.55284258784281,-4.494304439800692,-999.999,UO2+2,Hfo_sOUO2+
3.0,17.8,1.389495494373136e-06,0.01,0.0039810717055349,0.0001,1e-06,4e-05,3.0,17.601107083700498,6.195899811456278e-09,1.383299594563086e-06,0.0081999999999999,0.4459100325655628,0.5462284099209382,-0.2626257154906357,6.195899811456278e-09,3.906905300003169e-09,2.1244491733490846e-09,6.6302815135035e-32,1.3722945425174279e-10,2.7315883852281137e-11,2.6958820098963382e-34,1.3658072948540844e-06,7.677968265275447e-09,9.652314162076864e-13,2.3399323542868115e-09,2.157549032804409e-15,7.215165503754133e-23,7.455570231660164e-09,1.1872402621244159e-21,9.780457856009637e-24,-21.185923934453857,-3.810324948837444,-999.999,UO2+2,Hfo_sOUO2+
3.0,17.8,7.196856730011529e-06,1e-05,0.2511886431509579,0.001,5.623413251903491e-06,0.0002249365300761,3.0,17.602888900022723,1.3840404425536638e-07,7.058452685675724e-06,0.0461119886656086,1.923117958958517,0.4252314921600704,-0.3713745796029212,1.3840404425536638e-07,8.794647512905063e-08,4.666147440175101e-08,1.5297244409663608e-33,3.165919498446414e-09,6.301752261182979e-10,6.53305138460891e-36,5.603358668741781e-06,3.124220476606483e-08,3.68258205394054e-12,9.53280427603876e-12,9.766926483032391e-21,3.430936395258925e-31,1.4113776337384256e-06,2.270765385729193e-29,7.11294367682829e-31,-16.609866000525955,-6.1758968294445005,-999.999,UO2+2,Hfo_sOUO2+
3.0,17.8,7.196856730011529e-06,2.6826957952797277e-05,0.0039810717055349,0.001,1e-06,4e-05,3.0,17.601073634914687,3.079363437508512e-08,7.166063095614013e-06,0.0081999999999999,0.427876162195545,0.5240424505266674,-0.2806335311789606,3.079363437508512e-08,1.9617648624184062e-08,1.0322138456897576e-08,8.647298864193912e-34,7.121039731116198e-10,1.4174332089187223e-10,3.7550298396049474e-36,7.08751885358771e-06,3.9849053415772186e-08,5.00828314369311e-12,3.2580076370562255e-11,8.067069620288255e-20,7.241467633798409e-30,3.8208794245126824e-08,1.1415116712636431e-27,9.00494781765779e-29,-19.76558386719221,-5.666394983913005,-999.999,UO2+2,Hfo_sOUO2+
3.0,17.8,7.196856730011529e-06,2.6826957952797277e-05,0.2511886431509579,0.01,1e-06,4e-05,3.0,17.602921439135955,2.5031764620951658e-08,7.171824965376118e-06,0.0081999999999999,0.347815241570212,0.4256453882804964,-0.3709520676755393,2.5031764620951658e-08,1.5908784364119705e-08,8.43591111987219e-09,7.447730773798737e-34,5.730114398631975e-10,1.1405769709656451e-10,3.184319030162421e-36,5.703113298407062e-06,3.1793634208640907e-08,3.732048806843439e-12,2.6024532733739576e-11,7.209347286019894e-20,6.820055680582165e-30,1.424456549356996e-06,4.43501215392941e-27,1.3595045825580213e-27,-16.599329385382703,-5.737996026953359,-999.999,UO2+2,Hfo_sOUO2+
3.0,17.8,7.196856730011529e-06,7.196856730011514e-05,0.0158489319246111,0.001,0.001,0.04,3.0,17.601161426175683,5.869989998786065e-06,1.3268667270049364e-06,8.2,81.56324655328606,0.5395059083983544,-0.2680037947794922,5.869989998786065e-06,3.700893029474469e-06,2.013295390808809e-06,4.535736809492004e-31,1.2993722539443926e-07,2.5864353108347534e-08,1.8426462504237883e-33,1.293229402935321e-06,7.268148131016503e-09,9.106166133757269e-13,1.5943347670649104e-11,1.064525978056124e-19,2.569783943021022e-29,2.631827303810701e-08,3.393745832703296e-27,2.236792076583434e-28,-20.08679162716714,-5.975584082819097,-999.999,UO2+2,Hfo_sOUO2+
3.0,17.8,7.196856730011529e-06,7.196856730011514e-05,0.0158489319246111,0.01,0.0001778279410038,0.0071131176401556,3.0,17.60119468130408,3.1340444806334493e-06,4.062812247116167e-06,1.4581891162319167,43.54740685005173,0.5290108148958463,-0.2765354493228902,3.1340444806334493e-06,1.9856817549417185e-06,1.0634519181843272e-06,2.405763043055746e-31,7.081502007104953e-08,1.4095787436353689e-08,1.0083802523800524e-33,3.963432226793333e-06,2.227168758268675e-08,2.778453977209698e-12,4.886240267686416e-11,3.289587301503452e-19,7.974003218395356e-29,7.686512304741557e-08,9.10211353368038e-26,5.1638840494787535e-26,-19.15064466413068,-5.48739357358278,-999.999,UO2+2,Hfo_sOUO2+
3.0,17.8,7.196856730011529e-06,0.0001930697728883,0.0158489319246111,0.0,0.0001778279410038,0.0071131176401556,3.0,17.601158202175874,3.132131174909522e-06,4.0647255528351344e-06,1.4581891162319167,43.520821553224174,0.528439000092592,-0.2770051378781469,3.132131174909522e-06,1.984460601752535e-06,1.0628132036926323e-06,6.420501454968891e-31,7.077045301367873e-08,1.4086916450675765e-08,2.6910882895289778e-33,3.960937827043699e-06,2.22614102571868e-08,2.7904196143796148e-12,1.3100028120880671e-10,2.3443477891923016e-18,1.517518688675801e-27,8.119456371921751e-08,0.0,0.0,-19.109135491040234,-5.061089966890656,-999.999,UO2+2,Hfo_sOUO2+
3.0,17.8,7.196856730011529e-06,0.0001930697728883,0.0158489319246111,0.01,0.001,0.04,3.0,17.601195105113277,5.870982949265679e-06,1.325873776505997e-06,8.2,81.57704355546166,0.5400012754494773,-0.2676052143992245,5.870982949265679e-06,3.7015206024424977e-06,2.013634143708112e-06,1.2220404774647934e-30,1.299594301171972e-07,2.5868772997871656e-08,4.964561036180714e-33,1.2934504014302317e-06,7.268262801626204e-09,9.067353994513368e-13,4.2778338420781766e-11,7.72609117914332e-19,5.024176105848532e-28,2.5079232655535424e-08,5.7352293584742065e-25,3.253912232901666e-25,-20.123278610097515,-5.545145195455287,-999.999,UO2+2,Hfo_sOUO2+
3.0,17.8,7.196856730011529e-06,0.0001930697728883,0.0630957344480193,0.0,5.623413251903491e-06,0.0002249365300761,3.0,17.6015063349262,1.5992820152160873e-07,7.036928528380214e-06,0.0461119886656086,2.222195154374742,0.4928650935152711,-0.3072719390587468,1.5992820152160873e-07,1.0178558228913533e-07,5.37264979371798e-08,3.2769934875866546e-32,3.683019784924182e-09,7.331015103694038e-10,1.414005698729229e-34,6.518595049425897e-06,3.657736236434736e-08,4.528382230504543e-12,2.15334372148597e-10,3.933037556262259e-18,2.5704853851693087e-27,4.798998623841121e-07,0.0,0.0,-17.559635681201463,-4.840558952025781,-999.999,UO2+2,Hfo_sOUO2+
3.0,17.8,7.196856730011529e-06,0.0005179474679231,0.0039810717055349,0.001,3.1622776601683795e-05,0.0012649110640673,3.0,17.601075440944474,8.655026588801239e-07,6.331354070485638e-06,0.2593067681338071,12.026120448819016,0.5271788187153907,-0.2780420473894306,8.655026588801239e-07,5.506002175048273e-07,2.9104821899236024e-07,4.707455805070809e-31,1.9894281417451052e-08,3.959940965485258e-09,2.0253963216442678e-33,6.261491791124448e-06,3.520448421783003e-08,4.424512733242046e-12,5.557076994822684e-10,2.656564876072629e-17,4.604068024718626e-26,3.374661366737413e-08,7.25796044123617e-24,5.7257812901226105e-25,-19.873216914806115,-4.434500879074447,-999.999,UO2+2,Hfo_sOUO2+
3.0,17.8,7.196856730011529e-06,0.0005179474679231,0.0158489319246111,0.01,0.0001778279410038,0.0071131176401556,3.0,17.601196328792124,3.133914970683741e-06,4.0629417570359255e-06,1.4581891162319167,43.54560731513577,0.528972092274804,-0.2765672400456647,3.133914970683741e-06,1.985599095833098e-06,1.06340868457941e-06,1.731309716186933e-30,7.081200331439225e-08,1.4095186956841244e-08,7.256804182245408e-33,3.963263380187015e-06,2.2270569817481565e-08,2.7782933958258287e-12,3.5163806452259157e-10,1.7037350641657862e-17,2.972190386719418e-26,7.68618374895898e-08,3.3926702551370484e-23,1.924753243247455e-23,-19.15069188405548,-4.630272501947108,-999.999,UO2+2,Hfo_sOUO2+
3.0,17.8,7.196856730011529e-06,0.0013894954943731,0.0158489319246111,0.0,5.623413251903491e-06,0.0002249365300761,3.0,17.601162646800528,1.6761020464959298e-07,7.029246525237855e-06,0.0461119886656086,2.3289362417156867,0.5171039188676885,-0.2864221709183899,1.6761020464959298e-07,1.0673533999584353e-07,5.6235455586632086e-08,2.444875930309293e-31,3.869241247067318e-09,7.701678200500582e-10,1.0588439892294812e-33,6.848197268863644e-06,3.8487705492223553e-08,4.824242917639516e-12,1.6299874397608466e-09,2.0992756883037527e-16,9.779487215992803e-25,1.4041083091530665e-07,0.0,0.0,-18.633629383995533,-3.9661771308208777,-999.999,UO2+2,Hfo_sOUO2+
3.0,17.8,7.196856730011529e-06,0.0037275937203149,0.0630957344480193,0.0,1e-06,4e-05,3.0,17.601519412063542,2.8927972008233144e-08,7.167928757987813e-06,0.0081999999999999,0.4019528676679215,0.4921646940878642,-0.3078895440521021,2.8927972008233144e-08,1.8414814387904466e-08,9.713677243436648e-09,1.1438233983711583e-31,6.66762086178933e-10,1.3271829071309283e-10,4.9420380751676325e-34,6.636223846016514e-06,3.723516261061692e-08,4.609540902853645e-12,4.232222816913675e-09,1.4923532692925228e-15,1.8829853824474317e-23,4.885601916560974e-07,0.0,0.0,-17.54418276371838,-3.547103665956734,-999.999,UO2+2,Hfo_sOUO2+
3.0,17.8,7.196856730011529e-06,0.0037275937203149,0.2511886431509579,1e-05,0.001,0.04,3.0,17.602899126654744,5.633138379181878e-06,1.5637183472099554e-06,8.2,78.2722039705361,0.4393170267829205,-0.3572219642863147,5.633138379181878e-06,3.5512109546767096e-06,1.9324740765622907e-06,2.3603979648706045e-29,1.2464284988412274e-07,2.48104980587549e-08,9.583122448850106e-32,1.2405357125643577e-06,6.916431341744866e-09,8.15576310127546e-13,7.866663247656708e-10,3.001596987665003e-16,3.928474474579116e-24,3.1276064026103173e-07,2.6053248685215402e-24,8.181059809832076e-28,-17.91907571521101,-4.259519173941783,-999.999,UO2+2,Hfo_sOUO2+
3.0,17.8,3.727593720314938e-05,1e-05,0.001,1e-05,0.001,0.04,3.0,17.601047630571678,3.0267069220008004e-05,7.008867863606218e-06,8.2,81.19733933195593,0.5266336980906992,-0.27849135482622,3.0267069220008004e-05,1.9277973660465603e-05,1.015062842230919e-05,3.166414118180297e-31,6.992769544410116e-07,1.3919018279219925e-07,1.3730406286643857e-33,6.959849375155241e-06,3.913592758419841e-08,4.924906941650696e-12,1.1926725663743172e-11,1.0983718831641755e-20,3.671336484324762e-31,9.439584059709624e-09,6.770954752883505e-31,6.256367322617032e-34,-20.944809071287168,-6.103325376128218,-999.999,UO2+2,Hfo_sOUO2+
3.0,17.8,3.727593720314938e-05,2.6826957952797277e-05,0.001,0.001,5.623413251903491e-06,0.0002249365300761,3.0,17.601051675103612,7.386043005932722e-07,3.653733289954394e-05,0.0461119886656086,1.981450651577095,0.438390503188993,-0.3581388625010802,7.386043005932722e-07,4.901396733555726e-07,2.2389494654421986e-07,1.8745311972885076e-32,2.0491327895996487e-08,4.0783527974833255e-09,1.0797747635575395e-34,3.627149256010268e-05,2.039544234834153e-07,2.565314724242151e-11,1.6674531144772214e-10,4.1234638317975603e-19,3.6992234958429827e-29,5.013018305002773e-08,6.29175669844299e-27,5.358868404601731e-28,-19.529451192976826,-4.957586191696823,-999.999,UO2+2,Hfo_sOUO2+
3.0,17.8,3.727593720314938e-05,2.6826957952797277e-05,0.2511886431509579,0.01,3.1622776601683795e-05,0.0012649110640673,3.0,17.60292150444905,3.262189874232822e-06,3.401374731854042e-05,0.2593067681338071,8.751463059008493,0.3698630118475249,-0.4319590981350429,3.262189874232822e-06,2.1406321878702928e-06,1.018536115935445e-06,8.992300130062948e-32,8.592042579451465e-08,1.710114463256992e-08,4.774408125235405e-34,2.704442014642863e-05,1.5076680015098884e-07,1.769736588241836e-11,1.2340902004601672e-10,3.41874253434014e-19,3.234154447087004e-29,6.754469567427338e-06,2.1030560848793614e-26,6.4463788118656074e-27,-15.247408255530477,-5.062027965223015,-999.999,UO2+2,Hfo_sOUO2+
3.0,17.8,3.727593720314938e-05,7.196856730011514e-05,0.0630957344480193,0.01,0.001,0.04,3.0,17.60154235984723,2.987815360865667e-05,7.397783484582697e-06,8.2,80.15399705666505,0.4925363491567381,-0.3075617130736444,2.987815360865667e-05,1.9027187463793308e-05,1.0023840627958207e-05,2.289324852527493e-30,6.898180679638541e-07,1.3730744894129708e-07,9.916704409234552e-33,6.865703538858814e-06,3.8518678518858514e-08,4.7463096570926816e-12,8.453891580865629e-11,5.808066582500853e-19,1.421362509958428e-28,4.918043475436354e-07,1.305892627342014e-25,5.899408111876104e-26,-17.533201879952404,-5.244641683480266,-999.999,UO2+2,Hfo_sOUO2+
3.0,17.8,3.727593720314938e-05,7.196856730011514e-05,1.0,0.0001,0.001,0.04,3.0,17.608342973176985,2.6081828967893685e-05,1.119410818295506e-05,8.2,69.96961290537338,0.2841415142464236,-0.5464653094273895,2.6081828967893685e-05,1.65833918832743e-05,8.781221359927429e-06,2.359206124877009e-30,5.981535961163886e-07,1.1906212857556861e-07,1.0115435948505064e-32,5.95335536749164e-06,3.2370314063285616e-08,3.169241192848189e-12,7.069619540772854e-11,6.969212887383397e-19,2.0062945478864131e-28,5.08135826991974e-06,8.990338649534714e-28,1.6239800229054147e-30,-15.492814654954064,-5.23602723086959,-999.999,UO2+2,Hfo_sOUO2+
3.0,17.8,3.727593720314938e-05,0.0005179474679231,1.0,0.0,0.001,0.04,3.0,17.60834433045675,2.608144381282913e-05,1.1194493337342196e-05,8.2,69.96857965150116,0.284127542333994,-0.5464866652425646,2.608144381282913e-05,1.6583144335720954e-05,8.78109483006986e-06,1.6977856160684829e-29,5.98144357387884e-07,1.1906028965043153e-07,7.279492741683523e-32,5.953263413653213e-06,3.2369611753566034e-08,3.16928380506968e-12,5.087805863240639e-10,3.609304012429942e-17,7.47752109469008e-26,5.081389263785209e-06,0.0,0.0,-15.492834977330352,-4.378910718254488,-999.999,UO2+2,Hfo_sOUO2+
3.0,17.8,3.727593720314938e-05,0.0005179474679231,1.0,0.01,0.0001778279410038,0.0071131176401556,3.0,17.608378935352057,1.0482077852769892e-05,2.679385932891452e-05,1.4581891162319167,28.12022618142054,0.2682861514937105,-0.5714017443429196,1.0482077852769892e-05,6.755881096426716e-06,3.420633852998621e-06,6.63845642250676e-30,2.548388561832625e-07,5.0724047161292275e-08,3.112966283661325e-32,1.4263542807467404e-05,7.754264151778268e-08,7.559497459031996e-12,1.218504343682669e-09,8.712613491287323e-17,1.8117946275557927e-25,1.2148906394636072e-05,8.096574818075456e-23,1.452555890616423e-23,-14.734222674486048,-3.997812070923075,-999.999,UO2+2,Hfo_sOUO2+
3.0,17.8,3.727593720314938e-05,0.0013894954943731,0.001,1e-05,0.001,0.04,3.0,17.601052723399807,3.0265747331445137e-05,7.010189747006951e-06,8.2,81.1937931070665,0.5265113969409422,-0.2785922235763272,3.0265747331445137e-05,1.927712112555858e-05,1.015019764367129e-05,4.3994286189172433e-29,6.992447829588944e-07,1.3918377925636974e-07,1.9077014134211184e-31,6.959529168022998e-06,3.9133209212304667e-08,4.924449010608872e-12,1.657098068074253e-09,2.1204274261311362e-16,9.847935367178583e-25,9.43927647497003e-09,1.816190988223781e-24,1.6781254278173143e-27,-20.94488386489992,-3.9604983638961073,-999.999,UO2+2,Hfo_sOUO2+
3.0,17.8,3.727593720314938e-05,0.0013894954943731,0.0158489319246111,0.0,0.001,0.04,3.0,17.601162498692513,3.015923872760618e-05,7.116698354070415e-06,8.2,80.90806292338661,0.5168064964123961,-0.2866720357669912,3.015923872760618e-05,1.9208432818238247e-05,1.0115484874175552e-05,4.3977599924417466e-29,6.966531121354875e-07,1.3866792305689522e-07,1.9064298521856154e-31,6.933733840338954e-06,3.896845805529733e-08,4.884528556101193e-12,1.6503473585689726e-09,2.1254789334292034e-16,9.901514410974742e-25,1.4181378293018906e-07,0.0,0.0,-18.62278612098127,-3.960788014217325,-999.999,UO2+2,Hfo_sOUO2+
3.0,17.8,3.727593720314938e-05,0.0013894954943731,0.0158489319246111,0.0001,3.1622776601683795e-05,0.0012649110640673,3.0,17.601163094899203,3.80900645264859e-06,3.346693073474163e-05,0.2593067681338071,10.218405594713722,0.4389165644066057,-0.3576180288733269,3.80900645264859e-06,2.516779118315792e-06,1.1680509413482403e-06,5.0784525823569594e-30,1.035639726136344e-07,2.061242037092395e-08,2.8339919281160073e-32,3.259856064524411e-05,1.8320751626789537e-07,2.2962791301647947e-11,7.758978921009364e-09,9.99396123949196e-16,4.65593896813882e-24,6.675555959947422e-07,6.266953195026659e-23,4.211551860022303e-25,-17.279084965425135,-3.288531957287181,-999.999,UO2+2,Hfo_sOUO2+
3.0,17.8,3.727593720314938e-05,0.0013894954943731,0.2511886431509579,0.0,5.623413251903491e-06,0.0002249365300761,3.0,17.60289051628539,6.165383230646929e-07,3.665939887806271e-05,0.0461119886656086,1.6539847669144658,0.3647210967086314,-0.4380391148897999,6.165383230646929e-07,4.056210587068218e-07,1.912140008754286e-07,8.706406228743081e-31,1.6432624701130465e-08,3.2706387813119772e-09,4.709250801315706e-33,2.9086489210245863e-05,1.6217403557070965e-07,1.912392940328133e-11,6.875690684242068e-09,9.779795664892326e-16,4.771435080014773e-24,7.333088694825259e-06,0.0,0.0,-15.178870155959205,-3.317989457389621,-999.999,UO2+2,Hfo_sOUO2+
3.0,17.8,3.727593720314938e-05,0.0037275937203149,0.001,0.01,0.001,0.04,3.0,17.60109853677569,3.026427806980796e-05,7.01165900085913e-06,8.2,81.18985152505027,0.5263755150980729,-0.2787043205816215,3.026427806980796e-05,1.927617354539488e-05,1.0149718837609754e-05,1.1855749080525496e-28,6.992090249574367e-07,1.391766618458867e-07,5.140926598132431e-31,6.95917326415947e-06,3.9122953007775564e-08,4.899485650449989e-12,4.445058901289422e-09,1.5399535598072926e-15,1.9274477391818066e-23,8.487026233012692e-09,2.4762784699111614e-20,1.5865772966340895e-20,-21.03094113018494,-3.529967363285806,-999.999,UO2+2,Hfo_sOUO2+
3.0,17.8,3.727593720314938e-05,0.01,1.0,0.001,3.1622776601683795e-05,0.0012649110640673,3.0,17.608384136077692,2.357687280018189e-06,3.4918249917093104e-05,0.2593067681338071,6.3249577526892935,0.2603873483925522,-0.5843801209363441,2.357687280018189e-06,1.5293035182255422e-06,7.576989185162913e-07,2.8290331296765367e-29,5.8951166763412885e-08,1.1733676512943135e-08,1.385400936574547e-31,1.855498947420779e-05,1.0087034177572457e-07,9.870143081226668e-12,3.0609712768600074e-08,4.1951108819268574e-14,1.6783588008053201e-21,1.5834439608700497e-05,7.518743926218853e-20,1.3572596981489939e-21,-14.505680957245398,-2.5993979217137912,-999.999,UO2+2,Hfo_sOUO2+
3.0,17.8,0.0001930697728883,1e-05,1.0,1e-05,0.0001778279410038,0.0071131176401556,3.0,17.608342655618195,4.219850694796794e-05,0.0001508712654246,1.4581891162319167,21.85660982383624,0.1918124090387797,-0.717123300175046,4.219850694796794e-05,2.9153782086923727e-05,1.132677958277732e-05,4.228323433412823e-31,1.4328180279506574e-06,2.8512725031624535e-07,3.365894323306581e-33,8.021458902468706e-05,4.361532406793399e-07,4.270217049998318e-11,1.3235495938302442e-10,1.812912586643206e-19,7.251679724081324e-30,6.846037822037939e-05,3.2495646475814436e-30,5.8699831339974855e-34,-13.23382584635857,-4.963684886528037,-999.999,UO2+2,Hfo_sOUO2+
3.0,17.8,0.0001930697728883,2.6826957952797277e-05,0.0158489319246111,1e-05,0.001,0.04,3.0,17.601157067090895,0.0001493106283834,4.3759140872731183e-05,8.2,77.3350619052167,0.4161099339324647,-0.3807919160249935,0.0001493106283834,9.978440518666947e-05,4.439014602941723e-05,3.726107367654549e-30,4.28354903059036e-06,8.525281367703509e-07,2.262963309163528e-32,4.2639174144096336e-05,2.3964352682812e-07,3.0038936675096704e-11,1.9594740239965427e-10,4.872438508198735e-19,4.3824317174323453e-29,8.635003488634272e-07,5.916402698534962e-29,3.98806501532128e-32,-17.045093245064745,-4.886222424320213,-999.999,UO2+2,Hfo_sOUO2+
3.0,17.8,0.0001930697728883,7.196856730011514e-05,0.001,0.001,0.001,0.04,3.0,17.601051140094306,0.0001499070423246,4.3162726828824426e-05,8.2,77.64397299589763,0.4235447565085048,-0.3731006904628045,0.0001499070423246,0.0001002063119848,4.453837130546677e-05,1.0003359608400798e-29,4.305468965667211e-06,8.56890068635061e-07,6.086066021438622e-32,4.285740175917639e-05,2.409875521218013e-07,3.031179843631146e-11,5.285495534788757e-10,3.50629892090349e-18,8.43840737976064e-28,4.763639614874679e-08,1.43917386336383e-25,1.229176817173297e-26,-19.38388564219803,-4.456562611831759,-999.999,UO2+2,Hfo_sOUO2+
3.0,17.8,0.0001930697728883,0.0001930697728883,0.0630957344480193,0.0,1e-06,4e-05,3.0,17.601506975902456,3.881999877988522e-07,0.0001926815728905,0.0081999999999999,0.201067200728202,0.2456979212722712,-0.6095985178536633,3.881999877988522e-07,2.8195760127380165e-07,8.478344379203935e-08,5.171538670343787e-32,1.7898425429779593e-08,3.560517303231623e-09,6.867866175715024e-34,0.000178248779845,1.0001926667641322e-06,1.238165203067435e-10,5.888072072164754e-09,1.0755832058406671e-16,7.029958090415632e-26,1.3113754518826753e-05,0.0,0.0,-14.6862532348525,-3.403664710892645,-999.999,UO2+2,Hfo_sOUO2+
3.0,17.8,0.0001930697728883,0.0001930697728883,0.2511886431509579,1e-05,0.001,0.04,3.0,17.602885465502137,0.0001424599677968,5.060980237971421e-05,8.2,73.78677960080186,0.3432767169124699,-0.4643556520340427,0.0001424599677968,9.495125352234928e-05,4.267067913688275e-05,2.6996683609939694e-29,4.034972637485071e-06,8.030625001599199e-07,1.6066830362115903e-31,4.016445335341414e-05,2.239453151844176e-07,2.640904292362424e-11,1.319268770091012e-09,2.6073755218294347e-17,1.7676018433525868e-26,1.011862581784312e-05,1.1723099731237551e-26,3.6813832596549255e-30,-14.898512344752689,-4.034977277733853,-999.999,UO2+2,Hfo_sOUO2+
3.0,17.8,0.0001930697728883,0.0001930697728883,1.0,0.0,5.623413251903491e-06,0.0002249365300761,3.0,17.608343594194963,1.5628868780401823e-06,0.0001915068859907,0.0461119886656086,0.8094933011311845,0.1769820812766318,-0.7520707019806594,1.5628868780401823e-06,1.0954724082111213e-06,3.9847088089130123e-07,2.8719303787733555e-31,5.750174988764268e-08,1.1441839050117316e-08,2.60779322075439e-33,0.0001018066861716,5.53554218904372e-07,5.4195617651341047e-11,3.243200215927967e-09,8.5769116525959e-17,6.623815914297628e-26,8.689117891222864e-05,0.0,0.0,-13.026787805899197,-3.5744463810471743,-999.999,UO2+2,Hfo_sOUO2+
3.0,17.8,0.0001930697728883,0.0001930697728883,1.0,1e-05,5.623413251903491e-06,0.0002249365300761,3.0,17.608343628674614,1.5628879505511957e-06,0.0001915068849182,0.0461119886656086,0.809493856635548,0.1769822037194297,-0.7520704015196595,1.5628879505511957e-06,1.0954732326273414e-06,3.984710554495567e-07,2.8719423796211253e-31,5.7501811223736524e-08,1.1441851250560758e-08,2.607805756162019e-33,0.0001018067948058,5.535547216858684e-07,5.4195433822994585e-11,3.2432023765907606e-09,8.57698497044328e-17,6.623897313776048e-26,8.689108452243302e-05,2.968202592721738e-26,5.361568163353736e-30,-13.026787224596829,-3.5744442931097886,-999.999,UO2+2,Hfo_sOUO2+
3.0,17.8,0.0001930697728883,0.0005179474679231,0.0630957344480193,0.0,5.623413251903491e-06,0.0002249365300761,3.0,17.601508163546082,2.1717946779109727e-06,0.0001908979781539,0.0461119886656086,1.124875554272899,0.246719560907636,-0.6077964165521283,2.1717946779109727e-06,1.5764905796497815e-06,4.757521336729408e-07,7.784992481426695e-31,9.971553056171722e-08,1.983643402653272e-08,1.0264576953548047e-32,0.0001765924043674,9.908929642473171e-07,1.2266473665193704e-10,1.5649041180494e-08,7.668791410361607e-16,1.3446348962642311e-24,1.2991548688861944e-05,0.0,0.0,-14.694364885965228,-2.979150527562437,-999.999,UO2+2,Hfo_sOUO2+
3.0,17.8,0.0001930697728883,0.0005179474679231,0.0630957344480193,0.01,1e-06,4e-05,3.0,17.601544796835867,3.885739786281062e-07,0.0001926811988996,0.0081999999999999,0.2012609083312406,0.2459351033469406,-0.6091794781672772,3.885739786281062e-07,2.82260329514907e-07,8.481718439287482e-08,1.3941835913153463e-31,1.7929724937827736e-08,3.5667397824966e-09,1.8539906578022776e-33,0.0001785606841778,1.001768334779445e-06,1.2342713808002336e-10,1.5822818910332994e-08,7.824526622197646e-16,1.3781426973134703e-24,1.2790951152502073e-05,1.2647144141989566e-21,5.70627436506476e-22,-14.70332173320661,-2.972378043075886,-999.999,UO2+2,Hfo_sOUO2+
3.0,17.8,0.0001930697728883,0.0037275937203149,0.2511886431509579,0.01,0.001,0.04,3.0,17.602934672556586,0.000142509927211,5.0559842723635126e-05,8.2,73.81265595286659,0.3437364216296555,-0.46377444844251,0.000142509927211,9.498641294791484e-05,4.268333098449539e-05,5.235721903989887e-28,4.036764251821805e-06,8.034190268081692e-07,3.1164515485646753e-30,4.0182289798407056e-05,2.239940016873941e-07,2.629171484603968e-11,2.547614816225505e-08,9.805533209661259e-15,1.2888117344112872e-22,1.0028584745008002e-05,8.381353987403867e-20,2.5693289076124387e-20,-14.90354713894792,-2.7472470517958865,-999.999,UO2+2,Hfo_sOUO2+
3.0,17.8,0.001,2.6826957952797277e-05,0.001,0.0,1e-06,4e-05,3.0,17.601051515909692,8.210648749303217e-07,0.0009991789348575,0.0081999999999999,0.0821064874930321,0.1002121434942562,-0.9990796483989476,8.210648749303217e-07,6.270443086680565e-07,7.597510193336134e-08,6.359778054378107e-33,9.85051124019493e-08,1.9540351926954603e-08,5.172530373341505e-34,0.0009837736222688,5.531758273566358e-06,6.957927354531936e-10,4.521832987070538e-09,1.117986373942318e-17,1.002783498475617e-27,1.3595332754162506e-06,0.0,0.0,-16.662148103022705,-3.5243341579441463,-999.999,UO2+2,Hfo_sOUO2+
3.0,17.8,0.001,2.6826957952797277e-05,0.001,1e-05,3.1622776601683795e-05,0.0012649110640673,3.0,17.601051357813294,2.573272194963381e-05,0.0009742672695361,0.2593067681338071,2.573272194963381,0.1018576758208067,-0.992006237738816,2.573272194963381e-05,1.966804003876396e-05,2.4235642800881088e-06,2.028723256124937e-31,3.038351924600917e-06,6.027657061808252e-07,1.595573446938678e-32,0.0009594837691271,5.3951803772307935e-06,6.786210407175272e-10,4.410206373281812e-09,1.0903706728865856e-17,9.780080438356902e-28,1.2895099053231294e-06,1.670371730987562e-27,1.4286862055263722e-30,-16.68354032234342,-3.535194102752208,-999.999,UO2+2,Hfo_sOUO2+
3.0,17.8,0.001,2.6826957952797277e-05,0.0630957344480193,1e-05,0.0001778279410038,0.0071131176401556,3.0,17.601508163348406,0.0001352057932855,0.0008647941683625,1.4581891162319167,13.520579328551683,0.1072182454156901,-0.969731304110514,0.0001352057932855,0.0001037509962746,1.4450228094227932e-05,1.2249429896963112e-30,1.4188222186103968e-05,2.816346730575968e-06,7.549658295417093e-32,0.0007963057836579,4.468220487515197e-06,5.529779075774936e-10,3.6545970899527885e-09,9.280304332473489e-18,8.429530621123572e-28,5.830702804937355e-05,8.257987778034258e-28,3.994510239420526e-31,-13.38737027618116,-3.610678955750048,-999.999,UO2+2,Hfo_sOUO2+
3.0,17.8,0.001,2.6826957952797277e-05,0.2511886431509579,0.001,1e-06,4e-05,3.0,17.602891936787607,7.57806365947336e-07,0.0009992421934657,0.0081999999999999,0.0757806365947336,0.092485496595026,-1.033926367180992,7.57806365947336e-07,5.815659719280711e-07,8.146450549418112e-08,7.166209444040062e-33,7.907850265957723e-08,1.56973858655066e-08,4.366650221907904e-34,0.0007892226740943,4.400345047616401e-06,5.184809072346554e-10,3.601467355169712e-09,9.904708455517168e-18,9.33604138094658e-28,0.0001984996465017,6.168963800418588e-26,1.928503950715576e-27,-12.312805202576492,-3.5984793747395685,-999.999,UO2+2,Hfo_sOUO2+
3.0,17.8,0.001,0.0001930697728883,0.0039810717055349,0.0,0.001,0.04,3.0,17.601069512878556,0.0005838222463845,0.0004161775983508,8.2,58.382224638456606,0.1710756062005133,-0.766811912421399,0.0005838222463845,0.0004434063434065,9.10410160466048e-05,5.48669589979226e-29,4.118805507988397e-05,8.186831851484401e-06,1.5602337379271278e-30,0.0004105223247161,2.3081753887499937e-06,2.902024656367877e-10,1.3580346133596473e-08,2.418156296431891e-16,1.5615581524511418e-25,1.8519021850773424e-06,0.0,0.0,-16.23140617331721,-3.046589426284293,-999.999,UO2+2,Hfo_sOUO2+
3.0,17.8,0.001,0.0001930697728883,0.0630957344480193,0.0001,0.0001778279410038,0.0071131176401556,3.0,17.601509107713547,0.0001352053995888,0.0008647945619962,1.4581891162319167,13.520539958884818,0.1072178844110566,-0.9697327663857412,0.0001352053995888,0.0001037507037322,1.4450260310350827e-05,8.816092063671121e-30,1.4188110853430016e-05,2.8163246928636054e-06,5.433543759875248e-31,0.0007962995177799,4.468165896576289e-06,5.529461188461558e-10,2.6301322509667823e-08,4.80703567148283e-16,3.142518123247194e-25,5.829130766569358e-05,3.0764190719996896e-24,1.4870099927227107e-26,-13.387564920038862,-2.7535231011852077,-999.999,UO2+2,Hfo_sOUO2+
3.0,17.8,0.001,0.0005179474679231,1.0,0.0,5.623413251903491e-06,0.0002249365300761,3.0,17.608346539804188,3.6500079664005815e-06,0.0009963499916068,0.0461119886656086,0.3650007966400581,0.0794452687407299,-1.0999319615274197,3.6500079664005815e-06,2.7936188936936616e-06,4.989355429335305e-07,9.648050565473746e-31,2.982047659525426e-07,5.924876382084684e-08,3.6230507827554864e-32,0.0005287615657031,2.8750000227155475e-06,2.814157115872464e-10,4.518429634208232e-08,3.206639482105789e-15,6.64423926511473e-24,0.0004510984816804,0.0,0.0,-11.595829505619792,-2.430344992270765,-999.999,UO2+2,Hfo_sOUO2+
3.0,17.8,0.001,0.0013894954943731,0.0630957344480193,0.0001,3.1622776601683795e-05,0.0012649110640673,3.0,17.601514363428674,2.511187769070573e-05,0.0009748881148216,0.2593067681338071,2.5111877690705726,0.0993368900228151,-1.002889440747808,2.511187769070573e-05,1.922930847652252e-05,2.478881680356197e-06,1.0884502003821988e-29,2.8401238201686008e-06,5.635637136584087e-07,7.825206157946365e-31,0.0008966883814062,5.031342334046389e-06,6.225875185274892e-10,2.1314174886025161e-07,2.8038002749466513e-14,1.319167185797204e-22,6.57368567183557e-05,1.2900440705650205e-21,6.2285000290680696e-24,-13.28474775478104,-1.8448056917302849,-999.999,UO2+2,Hfo_sOUO2+
3.0,17.8,0.001,0.0013894954943731,0.2511886431509579,0.01,0.0001778279410038,0.0071131176401556,3.0,17.602928586860727,0.0001281408059867,0.0008718591654335,1.4581891162319167,12.814080598675655,0.1007922781658672,-0.996572738509648,0.0001281408059867,9.83994836982032e-05,1.4996745776618852e-05,6.858694143401165e-29,1.2301779921387863e-05,2.442796590546665e-06,3.5329029884837594e-30,0.0006901740509374,3.847445752593841e-06,4.514749079880122e-10,1.6309861315552665e-07,2.3412481144215432e-14,1.1473392412493771e-22,0.0001720778196144,7.451772644772021e-20,2.2807336961486556e-20,-12.433994025760772,-1.9407969663317743,-999.999,UO2+2,Hfo_sOUO2+
3.0,17.8,0.001,0.0037275937203149,0.2511886431509579,0.01,1e-06,4e-05,3.0,17.60293819718453,7.581408869161719e-07,0.0009992418589382,0.0081999999999999,0.0758140886916172,0.0925263537495557,-1.0337345520403516,7.581408869161719e-07,5.818151418154218e-07,8.143729107696275e-08,9.991710176191724e-31,7.917246746275616e-08,1.57159865610311e-08,6.097589142119075e-32,0.0007901630639129,4.404649778258948e-06,5.168041464551109e-10,5.009024814514637e-07,1.9290778011107437e-13,2.536099291542093e-21,0.0001970793497235,1.646676979790511e-18,5.038143401630334e-19,-12.31661337188284,-1.4534667659097202,-999.999,UO2+2,Hfo_sOUO2+
3.0,17.8,0.001,0.01,1.0,0.001,1e-06,4e-05,3.0,17.60838619738144,6.49672427399027e-07,0.0009993503274922,0.0081999999999999,0.0649672427399027,0.0792798507442046,-1.1008371761442406,6.49672427399027e-07,4.972672724591905e-07,8.869524407358863e-08,3.3120764501847125e-30,5.314988040854665e-08,1.0560030457701289e-08,1.246996373229871e-31,0.0005299677294644,2.8810320059370323e-06,2.8183750211032144e-10,8.741812472109788e-07,1.1985315330395352e-12,4.79567213676884e-20,0.0004520314525313,2.1481225443397094e-18,3.876329287221633e-20,-11.594105302851387,-1.1435505548756302,-999.999,UO2+2,Hfo_sOUO2+
4.0,16.8,1e-08,1e-05,0.001,0.0,1e-06,4e-05,4.0,16.60104425662932,1.5158250302196114e-09,8.484174969765964e-09,0.0081999999999999,15.158250302196116,21.78841332965708,1.338225605314452,1.5158250302196114e-09,2.3065695800681692e-10,1.2610705709021798e-09,3.9181273852924376e-33,8.057926268588985e-12,1.6039575042025968e-11,1.5759122030098685e-35,8.019803615589976e-09,4.509685674522148e-10,5.675755101848254e-13,1.3689819786488026e-12,1.2555732518024966e-19,4.180047489540812e-28,1.1432171128374811e-11,0.0,0.0,-20.815449561431688,-7.043497105620581,-999.999,UO2+2,(Hfo_sO)2UO2
4.0,16.8,1e-08,0.0001930697728883,0.001,1e-05,1e-06,4e-05,4.0,16.60104496946831,1.5120524339496222e-09,8.487947566038563e-09,0.0081999999999999,15.120524339496225,21.72452608264635,1.3369503111535457,1.5120524339496222e-09,2.3008160774654335e-10,1.2579335986441547e-09,7.545900603355373e-32,8.037771408366546e-12,1.599945615055787e-11,3.034999219441477e-34,7.999744089441686e-09,4.4983910604333533e-10,5.661494858048677e-13,2.6364664793284167e-11,4.66855866677985e-17,3.0007940078133754e-24,1.13996208039531e-11,5.681165064773948e-24,5.3892884410732506e-27,-20.817921396096907,-5.758870542560597,-999.999,UO2+2,(Hfo_sO)2UO2
4.0,16.8,1e-08,0.0001930697728883,1.0,1e-05,3.1622776601683795e-05,0.0012649110640673,4.0,16.608338971770205,7.564475956608486e-09,2.435524043357615e-09,0.2593067681338071,75.64475956608486,11.97767633327576,1.0783725731853642,7.564475956608486e-09,1.148876101986923e-09,6.295851147019305e-09,4.491001201771816e-31,4.004256296066099e-11,7.970614464159649e-11,1.7979620585582968e-33,1.2602652003401494e-09,6.85259480846987e-11,6.71025141757141e-14,3.974122913681348e-12,1.0400144751536132e-17,7.949285660405716e-25,1.0758655716254966e-09,3.562448581914789e-25,6.436647659904872e-29,-16.841390501304904,-6.486249335893602,-999.999,UO2+2,(Hfo_sO)2UO2
4.0,16.8,1e-08,0.0005179474679231,0.0630957344480193,0.01,0.001,0.04,4.0,16.601540161516184,9.940504323582064e-09,5.94956763275319e-11,8.2,99.40504323582064,20.37554154613591,1.3091091603505671,9.940504323582064e-09,1.509228701738021e-09,8.27403241291624e-09,1.3526189919331344e-30,5.2580279038481166e-11,1.0466292988931871e-10,5.410671299276038e-33,5.23314656304292e-11,2.9359836125263917e-12,3.618222710450958e-15,4.61287939570627e-13,2.2681899629392175e-18,3.9731749384705886e-25,3.753724861819049e-12,3.656425179130542e-22,1.6547280671793432e-22,-21.768598252985097,-7.507778838824752,-999.999,UO2+2,(Hfo_sO)2UO2
4.0,16.8,1e-08,0.0013894954943731,0.001,0.0,5.623413251903491e-06,0.0002249365300761,4.0,16.601049349258812,4.961944812083629e-09,5.038055187874193e-09,0.0461119886656086,49.61944812083629,21.358716767734748,1.3295751567164071,4.961944812083629e-09,7.54329061208722e-10,4.128899212951355e-09,1.7824636798594775e-30,2.632189424866965e-11,5.2394643674882216e-11,7.152754160086988e-33,4.658621233028147e-09,2.6195684757765087e-10,3.2968307257771e-13,1.1049391182739931e-10,1.4080893595750906e-15,6.513533095503256e-22,6.640457561468997e-12,0.0,0.0,-21.28734184232801,-5.136556190763615,-999.999,UO2+2,(Hfo_sO)2UO2
4.0,16.8,1e-08,0.0013894954943731,0.001,0.001,1e-06,4e-05,4.0,16.601053046980084,1.4878939495640032e-09,8.512106079913409e-09,0.0081999999999999,14.878939495640031,21.316755213181345,1.3287210980910782,1.4878939495640032e-09,2.2639740389260723e-10,1.2378452561186988e-09,5.345567193111416e-31,7.908718109780235e-12,1.5742571442917016e-11,2.149825001405677e-33,7.871301225494146e-09,4.4260008283108975e-10,5.567637609226063e-13,1.8666740054802883e-10,2.380682093022817e-15,1.1016124654763908e-21,1.0945437342926904e-11,1.9073620428618904e-19,1.6539864246628864e-20,-20.852374810184344,-4.908626031027019,-999.999,UO2+2,(Hfo_sO)2UO2
4.0,16.8,1e-08,0.0013894954943731,0.0158489319246111,1e-05,5.623413251903491e-06,0.0002249365300761,4.0,16.601158956787007,4.918282656164945e-09,5.081717343797426e-09,0.0461119886656086,49.182826561649456,20.988873346145272,1.321989126877572,4.918282656164945e-09,7.476827962892902e-10,4.092577981151219e-09,1.7713957714488868e-30,2.608960820698508e-11,5.193227051745071e-11,7.108139640175137e-33,4.617509704315649e-09,2.5951409784410116e-10,3.253303335256329e-13,1.0943013160362008e-10,1.4029593812239445e-15,6.5067442612925525e-22,9.48550933592284e-11,8.83316245911726e-22,5.987963752665919e-25,-18.9745512989974,-5.13927354286697,-999.999,UO2+2,(Hfo_sO)2UO2
4.0,16.8,1e-08,0.0037275937203149,0.0158489319246111,0.0001,0.0001778279410038,0.0071131176401556,4.0,16.601167923266004,9.673374716161884e-09,3.2662528372703115e-10,1.4581891162319167,96.73374716161884,20.31020743059303,1.3077143589292726,9.673374716161884e-09,1.4687682910972995e-09,8.051566345281667e-09,9.349092154112836e-30,5.1174803101501294e-11,1.0186527668141536e-10,3.740375760532403e-32,2.8641529393065617e-10,1.6096498380926252e-11,2.0177094211996023e-14,1.820863017578372e-11,6.262883513545795e-16,7.792259352369065e-22,5.879647510059836e-12,1.0554614968110324e-20,7.138605739987376e-23,-21.389967628957333,-5.918114730639946,-999.999,UO2+2,(Hfo_sO)2UO2
4.0,16.8,1e-08,0.0037275937203149,0.0158489319246111,0.01,3.1622776601683795e-05,0.0012649110640673,4.0,16.60120435835485,8.404646659762618e-09,1.595353340157914e-09,0.2593067681338071,84.04646659762618,20.316492006369916,1.307848721633632,8.404646659762618e-09,1.2765297141476384e-09,6.995056331654185e-09,8.155321182382535e-30,4.4493908794168e-11,8.856670516662513e-11,3.2652793502599376e-32,1.4003630566469807e-09,7.868699866639763e-11,9.817144973729173e-14,8.898368501134648e-11,3.0870264581328237e-15,3.8564722005423146e-21,2.7198286734097968e-11,4.416151217106657e-18,2.5137237906384826e-18,-20.053541077007004,-5.227109501633764,-999.999,UO2+2,(Hfo_sO)2UO2
4.0,16.8,1e-08,0.0037275937203149,0.2511886431509579,0.0,1e-06,4e-05,4.0,16.602894945604223,1.2109368249223995e-09,8.789063180360891e-09,0.0081999999999999,12.109368249223996,16.802157354095662,1.2253650476084323,1.2109368249223995e-09,1.841799225626366e-10,1.0075256805342484e-09,1.2226538696188903e-30,6.430697715362502e-12,1.2800524110152396e-11,4.912189971043024e-33,6.400272305615689e-09,3.5684499742864405e-10,4.208486683317746e-13,4.0328404224063736e-10,1.5285978912922534e-14,1.9876534108200543e-20,1.6142377701399867e-09,0.0,0.0,-16.49373182412057,-4.549754146008546,-999.999,UO2+2,(Hfo_sO)2UO2
4.0,16.8,1e-08,0.01,0.001,0.01,3.1622776601683795e-05,0.0012649110640673,4.0,16.601118070924098,8.30134512780599e-09,1.6986548721237427e-09,0.2593067681338071,83.0134512780599,18.84644617554245,1.2752294685014698,8.30134512780599e-09,1.260833773392958e-09,6.9090876054687465e-09,2.1546046640360042e-29,4.3946560266500486e-11,8.747718867778763e-11,8.626640768758256e-32,1.3831362763813179e-09,7.774990773189686e-11,9.737060048750257e-14,2.3588749793285645e-10,2.1815178168688876e-14,7.289632938785134e-20,1.7607674391545554e-12,9.405727447272396e-17,6.053020922025567e-17,-22.43334548340322,-4.80518813185607,-999.999,UO2+2,(Hfo_sO)2UO2
4.0,16.8,1e-08,0.01,0.0158489319246111,0.0,1e-06,4e-05,4.0,16.601190723678794,1.3166272346664847e-09,8.683372775985213e-09,0.0081999999999999,13.166272346664847,18.491005862906693,1.2669605362986112,1.3166272346664847e-09,2.0028656058925715e-10,1.0954236506321474e-09,3.4117760969745026e-30,6.994410567658879e-12,1.3922612877421048e-11,1.3712579438927717e-32,6.961318565091369e-09,3.9118402710663146e-10,4.903217611685181e-13,1.1871357057365492e-09,1.0951871166565033e-13,3.654994562478565e-19,1.4300317951181049e-10,0.0,0.0,-18.618211945371787,-4.103910082617212,-999.999,UO2+2,(Hfo_sO)2UO2
4.0,16.8,1e-08,0.01,0.0158489319246111,0.0001,0.0001778279410038,0.0071131176401556,4.0,16.601191091370264,9.643829826009754e-09,3.5617017386766246e-10,1.4581891162319167,96.43829826009753,18.568556248906667,1.2687781375842415,9.643829826009754e-09,1.464281946879853e-09,8.026975305405218e-09,2.500159623952617e-29,5.101847456925165e-11,1.0155409915543071e-10,1.0002608443312877e-31,2.8554035389408926e-10,1.6045614829415332e-11,2.0111097906955024e-14,4.86938206531762e-11,4.4926140841371356e-15,1.499391086281053e-20,5.86138429877624e-12,2.0301649056692548e-19,1.372581861666308e-21,-21.39283264073547,-5.490916696145447,-999.999,UO2+2,(Hfo_sO)2UO2
4.0,16.8,1e-08,0.01,0.0158489319246111,0.01,1e-06,4e-05,4.0,16.60122752387254,1.3177384693386423e-09,8.682261541408442e-09,0.0081999999999999,13.177384693386426,18.508980934005816,1.2673825080602317,1.3177384693386423e-09,2.004559335083392e-10,1.0963477815286398e-09,3.4286630266531855e-30,7.0003395643417905e-12,1.3934414737321867e-11,1.3780506953944555e-32,6.967219515594751e-09,3.914492798746035e-10,4.883263041537056e-13,1.1875572949573731e-09,1.1051275817239346e-13,3.7032998724794604e-19,1.3531608772974952e-10,4.2396299621199726e-16,2.4126017635322893e-16,-18.660088954593803,-4.101764043911253,-999.999,UO2+2,(Hfo_sO)2UO2
4.0,16.8,5.179474679231213e-08,1e-05,0.001,0.0001,0.0001778279410038,0.0071131176401556,4.0,16.601044626330967,5.0220514987317294e-08,1.5742318024899584e-09,1.4581891162319167,96.9606342293607,21.87754711345633,1.3399986277707554,5.0220514987317294e-08,7.627871141817071e-09,4.179751948136995e-08,1.2986804746756723e-31,2.6588026421175375e-10,5.292440999185154e-10,5.200053685862006e-34,1.488079696680203e-09,8.367736402272909e-11,1.0530879091878883e-13,2.5401117867061393e-13,2.329859840925221e-20,7.756782211446367e-29,2.1141537440053106e-12,1.4527118814370363e-27,1.3631768921027738e-29,-22.28126284919616,-7.775022006566651,-999.999,UO2+2,(Hfo_sO)2UO2
4.0,16.8,5.179474679231213e-08,1e-05,0.0039810717055349,0.001,0.0001778279410038,0.0071131176401556,4.0,16.60106996054479,5.021476996699261e-08,1.5799768228247021e-09,1.4581891162319167,96.94954233166744,21.795503640859994,1.3383669089544918,5.021476996699261e-08,7.626998179140691e-09,4.179273846743603e-08,1.2995760020619915e-31,2.658498202574165e-10,5.2918350015847e-10,5.203638861239212e-34,1.4879093078061682e-09,8.365802193963233e-11,1.0515641147781469e-13,2.5390680980483105e-13,2.3333407638667443e-20,7.774617332108948e-29,8.04769312863308e-12,1.2391087825207335e-26,9.884094354560352e-28,-21.11880748596928,-7.774722685562924,-999.999,UO2+2,(Hfo_sO)2UO2
4.0,16.8,5.179474679231213e-08,1e-05,0.0630957344480193,1e-05,1e-06,4e-05,4.0,16.601501748550586,7.299434403748471e-09,4.4495312388224643e-08,0.0081999999999999,14.09300142544943,20.006038378145583,1.3011610975893155,7.299434403748471e-09,1.120339596133888e-09,6.06080578327831e-09,1.905021776096271e-32,3.955458753052445e-11,7.873443680574712e-11,7.825900146993167e-35,3.9367606219278e-08,2.209055173734259e-09,2.735258392212222e-12,6.702438320667191e-12,6.307803590194671e-19,2.1244559913716574e-27,2.9007619138685242e-09,2.098254758998404e-27,1.0237476920692951e-30,-15.997093783187806,-6.347491415034074,-999.999,UO2+2,(Hfo_sO)2UO2
4.0,16.8,5.179474679231213e-08,1e-05,0.2511886431509579,0.0,3.1622776601683795e-05,0.0012649110640673,4.0,16.602881117938846,4.248558339699934e-08,9.309163393617464e-09,0.2593067681338071,82.02681937486653,17.60017883754028,1.2455170807551896,4.248558339699934e-08,6.4632045923687845e-09,3.5347357910074165e-08,1.1508064672949507e-31,2.25719177817646e-10,4.4930171673876035e-10,4.625763388517504e-34,7.1040965368427705e-09,3.961117002599012e-10,4.671890150861931e-13,1.2009372802171442e-12,1.2212358011983578e-19,4.2603459268347505e-28,1.7917581777666862e-09,0.0,0.0,-16.403012283369677,-7.075845809105783,-999.999,UO2+2,(Hfo_sO)2UO2
4.0,16.8,5.179474679231213e-08,7.196856730011514e-05,0.0039810717055349,1e-05,0.0001778279410038,0.0071131176401556,4.0,16.601066535422706,5.0213129135872574e-08,1.5816177016177116e-09,1.4581891162319167,96.94637438275052,21.77218003219834,1.3379019168018909,5.0213129135872574e-08,7.626748852914339e-09,4.179137296546852e-08,9.349137702857096e-31,2.658411251827211e-10,5.291661923069926e-10,3.743492843937797e-33,1.4878606431703414e-09,8.365660528780467e-11,1.0520418429767745e-13,1.8274351245307254e-12,1.2076249875979142e-18,2.8947896287354884e-26,8.165028828517745e-12,4.851774106105653e-26,4.0717296213198906e-29,-21.107055714308476,-6.917752826679436,-999.999,UO2+2,(Hfo_sO)2UO2
4.0,16.8,5.179474679231213e-08,7.196856730011514e-05,1.0,0.0001,0.001,0.04,4.0,16.60833882114745,5.127356554763302e-08,5.211812447101557e-10,8.2,98.99375655456151,11.99750357622659,1.0790908880593657,5.127356554763302e-08,7.785146393210206e-09,4.2677241057051963e-08,1.1348237260982518e-30,2.712484168540451e-10,5.399296805168182e-10,4.54014029231388e-33,2.6996485850311117e-10,1.4679141109040338e-11,1.4373698386429822e-14,3.1733193427270085e-13,3.095789178651744e-19,8.82070807216326e-27,2.3045961753366798e-10,3.952882460174708e-26,7.141654313615969e-29,-18.17969986212204,-7.583960693360414,-999.999,UO2+2,(Hfo_sO)2UO2
4.0,16.8,5.179474679231213e-08,0.0001930697728883,0.001,0.001,1e-06,4e-05,4.0,16.60104863033795,7.696274179084794e-09,4.40984726128411e-08,0.0081999999999999,14.859179078421809,21.28350408141586,1.328043131045124,7.696274179084794e-09,1.181948792420012e-09,6.389440542332601e-09,3.834032011299575e-31,4.176016699046284e-11,8.31246773417159e-11,1.5773311279711054e-33,4.156277094264924e-08,2.33710532677032e-09,2.939996671033621e-12,1.3695949851496638e-10,2.427114678301221e-16,1.560569799848283e-23,5.779583692868969e-11,2.7023725508678226e-21,2.3436999220624146e-22,-19.40700698623897,-5.043102604756449,-999.999,UO2+2,(Hfo_sO)2UO2
4.0,16.8,5.179474679231213e-08,0.0001930697728883,0.0630957344480193,0.01,0.0001778279410038,0.0071131176401556,4.0,16.601538959812014,5.011472387218708e-08,1.6800229176874935e-09,1.4581891162319167,96.75638356364276,20.4567333047306,1.310836283286266,5.011472387218708e-08,7.611796069371641e-09,4.170947995115153e-08,2.541697796602684e-30,2.653196580314582e-10,5.28128193632449e-10,1.0177204235809019e-32,1.48494209324539e-09,8.331105819481458e-11,1.0267076458221834e-13,4.879211776849149e-12,8.943093951451968e-18,5.839517049094387e-25,1.065145437153182e-10,5.374035095561104e-22,2.432064444950637e-22,-18.86269592149862,-6.483401344252162,-999.999,UO2+2,(Hfo_sO)2UO2
4.0,16.8,5.179474679231213e-08,0.0037275937203149,0.0630957344480193,0.0,0.0001778279410038,0.0071131176401556,4.0,16.60151546117566,5.0025591909150644e-08,1.7691548789097442e-09,1.4581891162319167,96.58429668503742,19.391550212367573,1.2876125291285068,5.0025591909150644e-08,7.598252394828486e-09,4.163530416602997e-08,4.8778892901478297e-29,2.648473334079384e-10,5.271880148842353e-10,1.953150575480066e-31,1.482298584518421e-09,8.317174697985804e-11,1.0297724283210813e-13,9.406567959069592e-11,3.299712400512499e-15,4.142345186783369e-21,1.0922342655065032e-10,0.0,0.0,-18.845586087005863,-5.200294108617509,-999.999,UO2+2,(Hfo_sO)2UO2
4.0,16.8,5.179474679231213e-08,0.0037275937203149,0.0630957344480193,0.01,5.623413251903491e-06,0.0002249365300761,4.0,16.601552031625438,2.4299645545443378e-08,2.7495101245043817e-08,0.0461119886656086,46.9152704672555,19.1659681924626,1.2825307630645792,2.4299645545443378e-08,3.713044250260273e-09,2.0196698097536792e-08,2.3760656858491226e-29,1.3037929191651248e-10,2.595239057298017e-10,9.655070234663703e-32,2.3075434144037985e-08,1.2945441591575071e-09,1.5952696221036456e-12,1.463788012367595e-09,5.1797168339170074e-14,6.529562557913498e-20,1.655182664294774e-09,6.008394881422915e-17,2.7188364559350784e-17,-16.479913787036836,-4.006272050541686,-999.999,UO2+2,(Hfo_sO)2UO2
4.0,16.8,5.179474679231213e-08,0.01,1.0,0.001,0.0001778279410038,0.0071131176401556,4.0,16.608379694150035,4.8770900184361103e-08,3.023846605057508e-09,1.4581891162319167,94.16186622153764,11.06081587641808,1.0437871629142277,4.8770900184361103e-08,7.407603100530407e-09,4.0591144750002295e-08,1.499984096402062e-28,2.5819868571065525e-10,5.139536481177416e-10,6.005916751484561e-31,1.445087400491083e-09,7.856077848537019e-11,7.688259423837412e-14,2.359717734641823e-10,3.200404147410767e-14,1.2672438129866612e-19,1.2333831998608135e-09,5.676574135662736e-18,1.0247620542297104e-19,-16.722817083031362,-4.712450530479771,-999.999,UO2+2,(Hfo_sO)2UO2
4.0,16.8,2.682695795279728e-07,1e-05,0.0039810717055349,0.0001,0.0001778279410038,0.0071131176401556,4.0,16.601066637476155,2.600545853242216e-07,8.2149941367059e-09,1.4581891162319167,96.93778391936736,21.709179298522603,1.336643405542855,2.600545853242216e-07,3.9568312459526174e-08,2.163528411897698e-07,6.725415774464219e-31,1.382171805099989e-09,2.751259869825626e-09,2.704507243269009e-33,7.73575058228943e-09,4.349509020864073e-10,5.469591099499219e-13,1.320188183138937e-12,1.2123151415200087e-19,4.0380534647122524e-28,4.2385947830573715e-11,6.733338251285018e-27,5.621673854801292e-29,-19.67636688512049,-7.058941005943026,-999.999,UO2+2,(Hfo_sO)2UO2
4.0,16.8,2.682695795279728e-07,1e-05,0.2511886431509579,0.0001,1e-06,4e-05,4.0,16.602881479181747,3.0988613783828453e-08,2.372809657377249e-07,0.0081999999999999,11.551296214186385,15.926685185981048,1.2021253956857014,3.0988613783828453e-08,4.929815921510448e-09,2.55147556289181e-08,8.307167962769385e-32,1.819240643816111e-10,3.621181690182874e-10,3.7283089564474606e-34,1.8106728822089e-07,1.0095970924616009e-08,1.1907017323712974e-11,3.060894607515819e-11,3.1128855548089298e-18,1.0859872651860966e-26,4.5663385773951524e-08,7.205015251284197e-26,2.2635593019667474e-28,-13.590405911277816,-5.66949842424269,-999.999,UO2+2,(Hfo_sO)2UO2
4.0,16.8,2.682695795279728e-07,1e-05,1.0,0.0001,5.623413251903491e-06,0.0002249365300761,4.0,16.608338585531932,9.225456483609646e-08,1.760150146792398e-07,0.0461119886656086,34.38875365534204,11.366435610627638,1.0556242960573512,9.225456483609646e-08,1.4354480801332509e-08,7.635878567015243e-08,2.821292083841183e-31,5.153959521815336e-10,1.02590241242999e-09,1.1986574476644546e-33,9.121913899728763e-08,4.9599791377041565e-09,4.856777415432239e-12,1.4898737733392748e-11,2.019593865449683e-18,7.995637200686113e-27,7.787059550788332e-08,3.583141802797686e-26,6.473652466965647e-29,-13.122140768299865,-5.912324994231327,-999.999,UO2+2,(Hfo_sO)2UO2
4.0,16.8,2.682695795279728e-07,2.6826957952797277e-05,0.0630957344480193,1e-05,0.001,0.04,4.0,16.601501808924912,2.666810611747321e-07,1.5885182953709932e-09,8.2,99.40786489618552,20.473217542306912,1.311186101141245,2.666810611747321e-07,4.050458854120242e-08,2.2195442108503398e-07,1.8715651060854776e-30,1.4118045228085316e-09,2.810247025687185e-09,7.49351595320338e-33,1.4051240072453271e-09,7.884643982765002e-11,9.762786462027887e-14,6.417709592967376e-13,1.6203055991934896e-19,1.4639898717116427e-27,1.0353440936163108e-10,1.445935333369156e-27,7.054787492931962e-31,-18.89194259843763,-7.366344206624625,-999.999,UO2+2,(Hfo_sO)2UO2
4.0,16.8,2.682695795279728e-07,2.6826957952797277e-05,0.2511886431509579,0.001,5.623413251903491e-06,0.0002249365300761,4.0,16.602884785470543,1.159168818027959e-07,1.5235269770107697e-07,0.0461119886656086,43.20910406865908,16.499952308693885,1.217482688935057,1.159168818027959e-07,1.8151385882614815e-08,9.580115288664168e-08,8.370693501293911e-31,6.568595558117418e-10,1.3074834777276498e-09,3.612658533852153e-33,1.1625692939927585e-07,6.4821686980643955e-09,7.641786924212967e-12,5.272088189777603e-11,1.4394621758803474e-17,1.3476929681125296e-25,2.92932284489042e-08,8.924896450690288e-24,2.797618706062186e-25,-13.97574875252953,-5.433190447150793,-999.999,UO2+2,(Hfo_sO)2UO2
4.0,16.8,2.682695795279728e-07,7.196856730011514e-05,0.001,1e-05,0.001,0.04,4.0,16.601044520623883,2.667810562468824e-07,1.4885232274799656e-09,8.2,99.44513899648648,21.85674670803665,1.3395855193751731,2.667810562468824e-07,4.0519782205251904e-08,2.2203763799360962e-07,4.964887792392618e-30,1.4123343609292063e-09,2.8113016870916523e-09,1.9878805858016955e-32,1.405651338347389e-09,7.904230952699925e-11,9.947970301566181e-14,1.7268447607893162e-12,1.1398384124596928e-18,2.731027841865858e-26,2.002115870566481e-12,5.170632439494322e-26,4.9051698842886086e-29,-22.32830775492384,-6.942639550496384,-999.999,UO2+2,(Hfo_sO)2UO2
4.0,16.8,2.682695795279728e-07,7.196856730011514e-05,0.2511886431509579,0.0,1e-06,4e-05,4.0,16.602881349187843,3.0968122305261836e-08,2.3730145721622655e-07,0.0081999999999999,11.543657823503896,15.914779139718028,1.2018006159970915,3.0968122305261836e-08,4.926401408235848e-09,2.5498076641973317e-08,5.974394991923638e-31,1.8179098109328412e-10,3.6185327395938467e-10,2.6811370641495278e-33,1.809348286933602e-07,1.008859127034108e-08,1.1898849312944556e-11,2.2012773608765147e-10,1.610998713598605e-16,4.0446570533568576e-24,4.563442471880179e-08,0.0,0.0,-13.590987395467025,-4.812691316401244,-999.999,UO2+2,(Hfo_sO)2UO2
4.0,16.8,2.682695795279728e-07,0.0001930697728883,0.0039810717055349,0.0001,0.0001778279410038,0.0071131176401556,4.0,16.60106731336658,2.600311638169716e-07,8.238415640579085e-09,1.4581891162319167,96.9290533330328,21.645511270539338,1.3353678483774791,2.600311638169716e-07,3.956474104511262e-08,2.1633336516858778e-07,1.2983536948827764e-29,1.3820467197792223e-09,2.7510108834919324e-09,5.221097708587761e-32,7.735050503152818e-09,4.349101856840985e-10,5.469061547523823e-13,2.548645735042424e-11,4.518582104916338e-17,2.9058399501635128e-24,4.238199259387432e-11,4.845315597792774e-23,4.0452862279223385e-25,-19.67645305018033,-5.773267334176008,-999.999,UO2+2,(Hfo_sO)2UO2
4.0,16.8,2.682695795279728e-07,0.0001930697728883,0.0158489319246111,0.0001,1e-06,4e-05,4.0,16.601154869708136,3.6132623317704534e-08,2.321369562007896e-07,0.0081999999999999,13.46877397775805,18.9819731846465,1.2783413555445085,3.6132623317704534e-08,5.793740462762623e-09,2.9693197909934464e-08,1.7858927659711566e-30,2.15913311903228e-10,4.2977163310421634e-10,8.174028579574786e-33,2.1489737204405158e-07,1.2077927472019784e-08,1.5140719596969172e-11,7.076561676088531e-10,1.2607469172689714e-15,8.125055198220395e-23,4.41160648439885e-09,1.1007657535102693e-21,7.44657015493606e-24,-15.63938201694766,-4.328570490251504,-999.999,UO2+2,(Hfo_sO)2UO2
4.0,16.8,2.682695795279728e-07,0.0001930697728883,0.0158489319246111,0.01,0.001,0.04,4.0,16.60119130392956,2.6675305269260734e-07,1.516526764322885e-09,8.2,99.43470040918028,21.4508974386542,1.3314454664276072,2.6675305269260734e-07,4.051552722916041e-08,2.2201433315358265e-07,1.340731437379827e-29,1.412185980076303e-09,2.8110063297879797e-09,5.368124790376474e-32,1.4055036595968555e-09,7.898059934435188e-11,9.854384348108466e-14,4.62608265271936e-12,8.312918829427615e-18,5.379158230910498e-25,2.7297745923704424e-11,6.160746617004579e-22,3.5073007052108263e-22,-20.050253420844577,-6.511207239676709,-999.999,UO2+2,(Hfo_sO)2UO2
4.0,16.8,2.682695795279728e-07,0.0005179474679231,0.0039810717055349,0.01,0.001,0.04,4.0,16.601105045403624,2.6676541651057774e-07,1.5041629390380214e-09,8.2,99.43930913820284,21.6282206021839,1.3350207906161151,2.6676541651057774e-07,4.0517405838859084e-08,2.220246224475265e-07,3.58878403240569e-29,1.4122514915375966e-09,2.8111367326545793e-09,1.4369053234626031e-31,1.4055688611132474e-09,7.901564482718142e-11,9.889463058978825e-14,1.2416436549162569e-11,5.955860193847052e-17,1.0315509382553028e-23,7.060727702970303e-12,1.2946538344041704e-20,8.098699930846986e-21,-21.226297090111057,-6.083601689022011,-999.999,UO2+2,(Hfo_sO)2UO2
4.0,16.8,2.682695795279728e-07,0.0005179474679231,0.0630957344480193,0.0,0.0001778279410038,0.0071131176401556,4.0,16.601503588839254,2.594790447563787e-07,8.790534700164293e-09,1.4581891162319167,96.72324577871956,20.24291937841333,1.3062731454457623,2.594790447563787e-07,3.948055190762848e-08,2.158742532042275e-07,3.5143979528528726e-29,1.3790980943384234e-09,2.745141550184218e-09,1.4132364571827031e-31,7.718547596007635e-09,4.3311124644814317e-10,5.362773477965636e-13,6.806311056518747e-11,3.317689702073406e-16,5.787431368175976e-23,5.687454867625944e-10,0.0,0.0,-17.4122938729225,-5.340814324343855,-999.999,UO2+2,(Hfo_sO)2UO2
4.0,16.8,2.682695795279728e-07,0.0013894954943731,0.0630957344480193,0.0,1e-06,4e-05,4.0,16.60150681446261,3.4308823404868725e-08,2.3396075611241882e-07,0.0081999999999999,12.78893546753828,17.88335327588811,1.252448955884451,3.4308823404868725e-08,5.485886989965884e-09,2.8213687850901403e-08,1.2321789762378755e-29,2.0372899104591726e-10,4.0551957295550884e-10,5.600486545554194e-32,2.027700745858697e-07,1.137787830000289e-08,1.4087844513501182e-11,4.7967119653467695e-09,6.272370962876058e-14,2.9352538948924595e-20,1.4941260851221192e-08,0.0,0.0,-14.573383035801532,-3.492782201724028,-999.999,UO2+2,(Hfo_sO)2UO2
4.0,16.8,2.682695795279728e-07,0.01,1.0,0.0,0.0001778279410038,0.0071131176401556,4.0,16.608376244603203,2.525502033136314e-07,1.5719376097642723e-08,1.4581891162319167,94.14045519361532,11.017893375069177,1.042098565201656,2.525502033136314e-07,3.842408277980195e-08,2.1011252687343809e-07,7.761630105945309e-28,1.3420993322709967e-09,2.671494328120372e-09,3.1207232213419923e-30,7.511472425773264e-09,4.083604185521179e-10,3.998090760923841e-13,1.2266382949885282e-09,1.662367614237881e-13,6.580032907709779e-19,6.412425543767901e-09,0.0,0.0,-15.29112060778765,-3.9967739265958606,-999.999,UO2+2,(Hfo_sO)2UO2
4.0,16.8,1.389495494373136e-06,2.6826957952797277e-05,0.001,1e-05,0.0001778279410038,0.0071131176401556,4.0,16.60104434699243,1.3462503821136472e-06,4.324511042927741e-08,1.4581891162319167,96.88771122795194,21.348874132703685,1.3293749767452625,1.3462503821136472e-06,2.0671039254978666e-07,1.117703987148215e-06,9.31618684510851e-30,7.301727117373172e-09,1.4534275298272421e-08,3.830934900305215e-32,4.0866536123942224e-08,2.29800085721657e-09,2.892181146618827e-12,1.871423868832266e-11,4.604586205559984e-18,4.1124629475215397e-26,5.8095965157109776e-11,7.78659692316373e-26,7.387310198901898e-29,-19.401311816371,-5.907720781864889,-999.999,UO2+2,(Hfo_sO)2UO2
4.0,16.8,1.389495494373136e-06,2.6826957952797277e-05,0.0158489319246111,0.001,1e-06,4e-05,4.0,16.601157569445533,1.356384563427521e-07,1.2538570378506854e-06,0.0081999999999999,9.761705373787102,13.192313528904927,1.1203209642143337,1.356384563427521e-07,2.554239430109813e-08,1.0660115995280069e-07,8.911864837898465e-31,1.1687673457546703e-09,2.3261347430985604e-09,6.149524395419343e-33,1.1634059585105256e-06,6.538636538754333e-08,8.193256812308523e-11,5.322937929880372e-10,1.3186957462394815e-16,1.1812756886840408e-24,2.3730164045814746e-08,1.5684021503922362e-22,1.0393864469628326e-23,-14.17734245174885,-4.452062055486625,-999.999,UO2+2,(Hfo_sO)2UO2
4.0,16.8,1.389495494373136e-06,2.6826957952797277e-05,0.2511886431509579,1e-05,0.0001778279410038,0.0071131176401556,4.0,16.602881208193548,1.336336435777348e-06,5.3159057144804975e-08,1.4581891162319167,96.17421871383829,17.239500880099943,1.2365246879297451,1.336336435777348e-06,2.051710511506658e-07,1.1094942093171132e-06,9.690431135318053e-30,7.246610498849362e-09,1.4424564810719636e-08,3.9840132952359694e-32,4.055805612235272e-08,2.2614436345424154e-09,2.667219210619896e-12,1.8393293403967603e-11,5.0177988916927065e-18,4.696034847062622e-26,1.0229150957481764e-08,3.1161779022578447e-26,9.792137050274849e-30,-14.889881256295526,-5.890704808458823,-999.999,UO2+2,(Hfo_sO)2UO2
4.0,16.8,1.389495494373136e-06,2.6826957952797277e-05,1.0,0.0,0.001,0.04,4.0,16.608338295906535,1.3754582745537485e-06,1.4037218833977025e-08,8.2,98.98976140072187,11.94957604877957,1.0773524975066069,1.3754582745537485e-06,2.092542784924805e-07,1.1443480859302309e-06,1.1342363340271169e-29,7.308363599903864e-09,1.454754653113297e-08,4.559688378033456e-32,7.2737865102678915e-09,3.955077614120831e-10,3.87295138176383e-13,3.187120855890532e-12,1.1589144173452518e-18,1.2308263167267071e-26,6.209497940316346e-09,0.0,0.0,-15.318788406144376,-6.582094042096038,-999.999,UO2+2,(Hfo_sO)2UO2
4.0,16.8,1.389495494373136e-06,7.196856730011514e-05,0.0039810717055349,0.001,3.1622776601683795e-05,0.0012649110640673,4.0,16.601070182904024,1.1576607408810994e-06,2.3183475190247126e-07,0.2593067681338071,83.31518494080274,19.25701267032548,1.2845889161520128,1.1576607408810994e-06,1.857629615356941e-07,9.511765074849412e-07,2.1286425546775334e-29,6.929075327979662e-09,1.379219653248446e-08,9.760567332167816e-32,2.1808567604669259e-07,1.226190164494518e-08,1.5412943617737e-11,2.6783408283104857e-10,1.7713745115977366e-16,4.247682194618072e-24,1.1789847061958171e-09,6.769954543676366e-22,5.400283558800382e-23,-16.78670533458085,-4.751531233408741,-999.999,UO2+2,(Hfo_sO)2UO2
4.0,16.8,1.389495494373136e-06,7.196856730011514e-05,0.0630957344480193,0.0,0.001,0.04,4.0,16.601501932024558,1.3812320329186377e-06,8.263459680463683e-09,8.2,99.40529051818,20.384068823130573,1.309290876974692,1.3812320329186377e-06,2.101344669759393e-07,1.1491494925482574e-06,2.599482200307137e-29,7.339181948131559e-09,1.4608891446309376e-08,1.045027166190767e-31,7.304459083917244e-09,4.0987860443059314e-10,5.075148613926638e-13,8.950034434003477e-12,6.061899018805795e-18,1.4693288833923644e-25,5.382175491443432e-10,0.0,0.0,-17.46017483878347,-6.221901620911016,-999.999,UO2+2,(Hfo_sO)2UO2
4.0,16.8,1.389495494373136e-06,7.196856730011514e-05,0.2511886431509579,0.0,1e-06,4e-05,4.0,16.602881351742905,1.1990820331188413e-07,1.2695872909289363e-06,0.0081999999999999,8.62962159988724,11.51787807571792,1.061372476926725,1.1990820331188413e-07,2.199237841024455e-08,9.500863943874683e-08,2.226096458681585e-30,9.72206946003645e-10,1.9349785168891213e-09,1.433695847993138e-32,9.677235381587146e-07,5.395847330665939e-08,6.36405512092608e-11,1.1773297410492898e-09,8.6161462969315e-16,2.163186402251392e-23,2.4407360285757266e-07,0.0,0.0,-12.134529552053456,-4.084467815484754,-999.999,UO2+2,(Hfo_sO)2UO2
4.0,16.8,1.389495494373136e-06,0.0001930697728883,0.001,1e-05,1e-06,4e-05,4.0,16.60104497317928,1.368887125708328e-07,1.2526067816097462e-06,0.0081999999999999,9.851684523280117,13.327203461260204,1.124739027976508,1.368887125708328e-07,2.583229964595493e-08,1.0751202422018957e-07,6.449141048778854e-30,1.1853183166784736e-09,2.3590703880098333e-09,4.4749247423195396e-32,1.179883438152017e-06,6.634683510485013e-08,8.350142501263724e-11,3.888449939686984e-09,6.885393709806368e-15,4.425614844509214e-22,1.6808680844173851e-09,8.3774718306858895e-22,7.945933162588883e-25,-16.48042747611012,-3.5901160582522955,-999.999,UO2+2,(Hfo_sO)2UO2
4.0,16.8,1.389495494373136e-06,0.0001930697728883,0.0039810717055349,0.0,5.623413251903491e-06,0.0002249365300761,4.0,16.601066945222268,5.723859174487635e-07,8.171095761091199e-07,0.0461119886656086,41.193794421549576,15.191294655530124,1.181594787542382,5.723859174487635e-07,1.0188275120881325e-07,4.575470395095154e-07,2.7458960649706615e-29,4.3326529935527335e-09,8.623473736882039e-09,1.6365549427064322e-31,7.668944290353452e-07,4.3119403532343634e-08,5.422587421544261e-11,2.5268565282667726e-09,4.479528180262749e-15,2.880584490777174e-22,4.208211545116613e-09,0.0,0.0,-15.682586667251504,-3.777016072016796,-999.999,UO2+2,(Hfo_sO)2UO2
4.0,16.8,1.389495494373136e-06,0.0005179474679231,0.0039810717055349,0.001,1e-06,4e-05,4.0,16.601071839852622,1.3614725512069018e-07,1.2533482390456512e-06,0.0081999999999999,9.798322892879357,13.247175268581817,1.1221232823443936,1.3614725512069018e-07,2.566023270747352e-08,1.0697203267311815e-07,1.7228391543319214e-29,1.1754857251621335e-09,2.3395040149363847e-09,1.191511613710317e-31,1.1700944981258536e-06,6.578824630631824e-08,8.269369064890732e-11,1.034170428264905e-08,4.9223207184661585e-14,8.494628533421622e-21,6.3283391827161085e-09,1.353733760272495e-18,1.0797390796087626e-19,-15.327550209310788,-3.164804577789055,-999.999,UO2+2,(Hfo_sO)2UO2
4.0,16.8,1.389495494373136e-06,0.0005179474679231,1.0,1e-05,5.623413251903491e-06,0.0002249365300761,4.0,16.60834020705952,4.156394566569592e-07,9.738560373783114e-07,0.0461119886656086,29.91297620899972,9.255676246169974,0.9664081550447146,4.156394566569592e-07,7.071699502614353e-08,3.364329520120158e-07,6.438027198332373e-29,2.838910907867145e-09,5.650598710932737e-09,3.419390862881455e-31,5.024803397389786e-07,2.7321825427314743e-08,2.675413067366376e-11,4.250733215448591e-09,2.9841980044946195e-14,6.119020616185e-21,4.289578544802978e-07,2.7422053831814067e-21,4.954599283362676e-25,-11.640084694997528,-3.457026645170636,-999.999,UO2+2,(Hfo_sO)2UO2
4.0,16.8,1.389495494373136e-06,0.0013894954943731,0.001,1e-05,5.623413251903491e-06,0.0002249365300761,4.0,16.601049385636543,5.682011620702463e-07,8.212943312380732e-07,0.0461119886656086,40.89262357245624,15.003391432133856,1.1761894399744008,5.682011620702463e-07,1.0101454721379894e-07,4.5436103311215996e-07,1.961476933607345e-28,4.288994738871481e-09,8.536587005416115e-09,1.1653768804433172e-30,7.591660345569248e-07,4.268831869717906e-08,5.372467113746447e-11,1.800575476780337e-08,2.294568478731405e-13,1.0614099394198477e-19,1.0806881754992134e-09,2.0089260128463144e-19,1.9051850681211912e-22,-16.863483415192235,-2.924481103722881,-999.999,UO2+2,(Hfo_sO)2UO2
4.0,16.8,1.389495494373136e-06,0.0013894954943731,0.001,0.01,1e-06,4e-05,4.0,16.601086289341787,1.3532270992262574e-07,1.2541727842031477e-06,0.0081999999999999,9.738981556300468,13.158290237691972,1.1191994615746108,1.3532270992262574e-07,2.5469363635000028e-08,1.0637087483166377e-07,4.6097774375665073e-29,1.164609884449412e-09,2.317861571512533e-09,3.176469737548647e-31,1.1592669683127352e-06,6.517513432513182e-08,8.163471914111079e-11,2.7474840686584603e-08,3.53100160689157e-13,1.6396650592600636e-19,1.475514970415689e-09,2.1165094897068103e-16,1.3626357928312592e-16,-16.58644682922136,-2.738959311684705,-999.999,UO2+2,(Hfo_sO)2UO2
4.0,16.8,1.389495494373136e-06,0.0013894954943731,0.0158489319246111,0.0,1e-06,4e-05,4.0,16.601158923630074,1.3386820496205157e-07,1.2556272891679106e-06,0.0081999999999999,9.634302918157037,13.001780854770468,1.1140028417245358,1.3386820496205157e-07,2.513389621824004e-08,1.0530875341919667e-07,4.5579879481944667e-29,1.1455741554588572e-09,2.2799811691560196e-09,3.1206133402950755e-31,1.140315867266788e-06,6.408824402918155e-08,8.034221721505977e-11,2.7023780435686637e-08,3.4645159793484184e-13,1.6067609541333814e-19,2.3426110207085192e-08,0.0,0.0,-14.189265374991091,-2.746666131874501,-999.999,UO2+2,(Hfo_sO)2UO2
4.0,16.8,1.389495494373136e-06,0.0013894954943731,0.0158489319246111,0.0,5.623413251903491e-06,0.0002249365300761,4.0,16.601158919376058,5.634078794737644e-07,8.260876138665075e-07,0.0461119886656086,40.547657891322864,14.790503330195026,1.1699829535646271,5.634078794737644e-07,1.0002260803778217e-07,4.5070840854185866e-07,1.9507748332989639e-28,4.239258654085813e-09,8.437604240037757e-09,1.1548634454091277e-30,7.503617592008567e-07,4.217197169341216e-08,5.2867584894294657e-11,1.7782570052057242e-08,2.279783784666494e-13,1.0573168271885932e-19,1.541442868768742e-08,0.0,0.0,-14.552770874469742,-2.9284178233685534,-999.999,UO2+2,(Hfo_sO)2UO2
4.0,16.8,1.389495494373136e-06,0.0037275937203149,0.0039810717055349,0.0001,3.1622776601683795e-05,0.0012649110640673,4.0,16.60108035852154,1.14666437693779e-06,2.428311143715532e-07,0.2593067681338071,82.52379238229209,18.210343392740747,1.2603181353702255,1.14666437693779e-06,1.83899914138994e-07,9.422646624535758e-07,1.0917667630777869e-27,6.855015183634026e-09,1.3644785161586065e-08,4.999466546924459e-30,2.157546448080095e-07,1.2130270601432394e-08,1.5253056427172243e-11,1.3724393810680484e-08,4.697578902181401e-13,5.832181729785752e-19,1.1816639828511886e-09,9.721458571845997e-18,8.113492966795156e-20,-16.78560258631459,-3.0420828812699723,-999.999,UO2+2,(Hfo_sO)2UO2
4.0,16.8,1.389495494373136e-06,0.01,0.0158489319246111,0.01,1e-06,4e-05,4.0,16.601227527141166,1.2388228532431557e-07,1.265613208514088e-06,0.0081999999999999,8.915630588655088,11.936977008161358,1.0768943573712642,1.2388228532431557e-07,2.2872456300043542e-08,9.796008344611817e-08,3.0635031690181883e-28,1.0198852424170912e-09,2.0298603357367427e-09,2.007406587003027e-30,1.0151879896337365e-06,5.7037760990331275e-08,7.115360146095901e-11,1.7303504835936532e-07,1.6102186266470738e-11,5.3957775105832457e-17,1.971646741556852e-08,6.177142905554496e-14,3.5151161799802816e-14,-14.333118203944704,-1.93828434136336,-999.999,UO2+2,(Hfo_sO)2UO2
4.0,16.8,7.196856730011529e-06,1e-05,0.0039810717055349,0.001,5.623413251903491e-06,0.0002249365300761,4.0,16.60106997066195,1.688952814050857e-06,5.507903903192658e-06,0.0461119886656086,23.467923253324944,6.649933610579367,0.8228173095582983,1.688952814050857e-06,4.244634654167051e-07,1.1771608542337546e-06,3.660152376404135e-30,2.9214194184425723e-08,5.8114300215971474e-08,5.714080666597141e-32,5.173861805704332e-06,2.90901483052152e-07,3.656563891146364e-10,8.828243412787081e-10,8.112253873296043e-17,2.7027438509449243e-25,2.7962920894520306e-08,4.306714537759006e-23,3.434657251586665e-24,-14.036379030256098,-4.233521821021711,-999.999,UO2+2,(Hfo_sO)2UO2
4.0,16.8,7.196856730011529e-06,7.196856730011514e-05,0.0039810717055349,0.001,1e-06,4e-05,4.0,16.601070212825956,3.289335861302124e-07,6.867923141323844e-06,0.0081999999999999,4.57051735875928,5.8407543505745805,0.7664689411423883,3.289335861302124e-07,8.687278393258754e-08,2.2273313956059506e-07,4.9840402228478374e-30,6.466406581503437e-09,1.2861256055526448e-08,9.100810774050104e-32,6.440990284630274e-06,3.621456480541449e-07,4.552077336220444e-10,7.909428028126085e-09,5.230534171222319e-15,1.2541305394085205e-22,3.4830364655089887e-08,1.9982270101831864e-20,1.5934654128233552e-21,-13.846125849569615,-3.281250656110044,-999.999,UO2+2,(Hfo_sO)2UO2
4.0,16.8,7.196856730011529e-06,7.196856730011514e-05,0.0630957344480193,0.001,5.623413251903491e-06,0.0002249365300761,4.0,16.601505604340975,1.6490387813278998e-06,5.547817936826163e-06,0.0461119886656086,22.913319567016835,6.446067019729264,0.809294816557527,1.6490387813278998e-06,4.092962648633813e-07,1.157133277684468e-06,2.6184164818590884e-29,2.7634808222434754e-08,5.497443055761578e-08,3.9338344745059693e-31,4.893979933720573e-06,2.746135913538445e-07,3.3986768062686806e-10,5.995777710085261e-09,4.064179391487334e-15,9.85435518740263e-23,3.595347520105441e-07,9.656976037656631e-21,4.672852710685941e-22,-11.810110699432496,-3.3956824731823536,-999.999,UO2+2,(Hfo_sO)2UO2
4.0,16.8,7.196856730011529e-06,0.0001930697728883,1.0,1e-05,3.1622776601683795e-05,0.0012649110640673,4.0,16.608338947486907,4.6482574487992525e-06,2.5485992625428843e-06,0.2593067681338071,64.58732781792929,7.033553066122875,0.8471747684331034,4.6482574487992525e-06,8.923277017303647e-07,3.630696834386849e-06,2.589818437358194e-28,4.1881009260139736e-08,8.335190342189895e-08,1.880160193535247e-30,1.318344070109607e-06,7.168394984199541e-08,7.019494097938549e-11,4.157180013228523e-09,1.0878961347023626e-14,8.31508638654081e-22,1.12543592110832e-06,3.726385835112968e-22,6.73286030763366e-26,-10.802256246209414,-3.466691898104327,-999.999,UO2+2,(Hfo_sO)2UO2
4.0,16.8,7.196856730011529e-06,0.0005179474679231,0.0158489319246111,1e-05,5.623413251903491e-06,0.0002249365300761,4.0,16.601155747507423,1.674913444081812e-06,5.521943271832202e-06,0.0461119886656086,23.272846840166693,6.577889527568168,0.8180865754448382,1.674913444081812e-06,4.190950544969036e-07,1.170174874186962e-06,1.8878500385157983e-28,2.8650276439216977e-08,5.699323895872933e-08,2.9076361736163042e-30,5.073928095925128e-06,2.851700196655669e-07,3.5749765558180726e-10,4.48198922516691e-08,2.141794293526236e-13,3.7024950065716653e-20,1.04209576836048e-07,5.0260228036415484e-20,3.4069377884067e-23,-12.892674825276146,-2.5269389672290474,-999.999,UO2+2,(Hfo_sO)2UO2
4.0,16.8,7.196856730011529e-06,0.0013894954943731,0.0158489319246111,1e-05,5.623413251903491e-06,0.0002249365300761,4.0,16.60115896635479,1.6663123723203748e-06,5.530544340967107e-06,0.0461119886656086,23.15333533557372,6.53393316723745,0.8151746879526375,1.6663123723203748e-06,4.158241097606402e-07,1.1658635409645478e-06,5.045800834167756e-28,2.8309317741266965e-08,5.631540385391975e-08,7.707429943954269e-30,5.013506899737076e-06,2.817699899097915e-07,3.53229883385055e-10,1.1880468907117994e-07,1.523022723333228e-12,7.062992840668611e-19,1.0296829291981257e-07,9.587304114890781e-19,6.498510475441506e-22,-12.903108837723387,-2.10357600001129,-999.999,UO2+2,(Hfo_sO)2UO2
4.0,16.8,7.196856730011529e-06,0.0013894954943731,0.0630957344480193,0.001,0.0001778279410038,0.0071131176401556,4.0,16.601510424656595,6.926975412684171e-06,2.698812528977725e-07,1.4581891162319167,96.25001125558148,17.60179975861042,1.2455570760682335,6.926975412684171e-06,1.1155579776232569e-06,5.686419383809883e-06,2.484461584733965e-27,4.179869183326072e-08,8.319935941777058e-08,1.1495116628582535e-29,2.3394588700304975e-07,1.3127003986516991e-08,1.624594209735803e-11,5.5339839435951694e-09,7.242728625842635e-14,3.3907487676119384e-20,1.7184580602342513e-08,3.3228679287433185e-18,1.6079021969714474e-19,-14.45122638217867,-3.4304911862907908,-999.999,UO2+2,(Hfo_sO)2UO2
4.0,16.8,7.196856730011529e-06,0.0013894954943731,1.0,0.0,3.1622776601683795e-05,0.0012649110640673,4.0,16.608343464636192,4.634517825593395e-06,2.562338880084925e-06,0.2593067681338071,64.39641637254005,6.975159420317784,0.8435541380493067,4.634517825593395e-06,8.890325577054149e-07,3.620836886190638e-06,1.8587496056326783e-27,4.1685506163116074e-08,8.296287553422538e-08,1.3467771055301702e-29,1.3121889507721218e-06,7.13477857294403e-08,6.986455571597528e-11,2.9778346862444045e-08,5.608157908078356e-13,3.0848365791995977e-19,1.1201841385907186e-06,0.0,0.0,-10.80635201714264,-2.6115916950119384,-999.999,UO2+2,(Hfo_sO)2UO2
4.0,16.8,7.196856730011529e-06,0.0013894954943731,1.0,0.0,0.001,0.04,4.0,16.608343442395967,7.121920475394874e-06,7.493621747440736e-08,8.2,98.9587641184496,11.590215205883617,1.0640914999722255,7.121920475394874e-06,1.0928042516892091e-06,5.913772038018198e-06,3.0358837829745342e-27,3.856986176130145e-08,7.67743239261663e-08,1.246340086207727e-29,3.8387530908073035e-08,2.0872494078040367e-09,2.0438605787895148e-12,8.711711710820979e-10,1.6407080339714342e-14,9.02509677455516e-21,3.2770404679194604e-08,0.0,0.0,-13.873964060223653,-4.145389258092759,-999.999,UO2+2,(Hfo_sO)2UO2
4.0,16.8,7.196856730011529e-06,0.0037275937203149,0.2511886431509579,0.0,0.0001778279410038,0.0071131176401556,4.0,16.602894903722316,6.878138981624079e-06,3.18717669928923e-07,1.4581891162319167,95.57143124638888,14.799633238792511,1.1702509529394018,6.878138981624079e-06,1.1072234954895138e-06,5.646916765241493e-06,6.852620749002472e-27,4.146451455175753e-08,8.253420634131506e-08,3.1672277216306426e-29,2.320754540256164e-07,1.2939290207255395e-08,1.5260100723821413e-11,1.4623125972702244e-08,5.542680307170122e-13,7.2071762120640345e-19,5.8530049992060513e-08,0.0,0.0,-13.374867825136606,-2.990325480660494,-999.999,UO2+2,(Hfo_sO)2UO2
4.0,16.8,7.196856730011529e-06,0.0037275937203149,1.0,0.01,5.623413251903491e-06,0.0002249365300761,4.0,16.608386885725928,1.3052110978837302e-06,5.891645622220297e-06,0.0461119886656086,18.13584939715257,4.80430188354479,0.6816302889553664,1.3052110978837302e-06,2.906710281525497e-07,9.64537111842319e-07,1.3329603299948384e-27,1.6724522311327965e-08,3.3278435577533273e-08,1.4543240436330938e-29,2.961110103766976e-06,1.609725548339313e-07,1.5694263344806486e-10,1.8015430995396058e-07,9.171727030499111e-12,1.3581552071107278e-17,2.5224689973189783e-06,6.069389349200565e-15,1.0890113633464096e-15,-10.099828941562428,-1.8280471615343936,-999.999,UO2+2,(Hfo_sO)2UO2
4.0,16.8,7.196856730011529e-06,0.01,0.0158489319246111,0.01,1e-06,4e-05,4.0,16.601227543830802,3.085724803141503e-07,6.888284242447958e-06,0.0081999999999999,4.28760071084055,5.463013568795503,0.7374322791976677,3.085724803141503e-07,7.867400518860418e-08,2.1334618992648449e-07,6.671471558234681e-28,5.537429561649346e-09,1.1014855637412264e-08,1.0892198745036493e-29,5.515026880942687e-06,3.098586312343353e-07,3.8654234765624765e-10,9.399438237092424e-07,8.746234729164391e-11,2.9306089808961166e-16,1.0710577162853232e-07,3.354797047099187e-13,1.9089394158421842e-13,-12.863130722464897,-1.203315618882522,-999.999,UO2+2,(Hfo_sO)2UO2
4.0,16.8,3.727593720314938e-05,1e-05,0.0158489319246111,0.01,5.623413251903491e-06,0.0002249365300761,4.0,16.601190734169283,3.26670964189712e-06,3.4009227384124136e-05,0.0461119886656086,8.763588220717148,2.083051062967001,0.3186999161757753,3.26670964189712e-06,1.1946451971465876e-06,1.5492784976542294e-06,4.843427386409456e-30,1.7526483460086146e-07,3.475211124954415e-07,3.435615026581994e-31,3.11399847750208e-05,1.7498788406157896e-06,2.18329324391305e-09,5.3058650871438726e-09,4.935884576365317e-16,1.6534394487390672e-24,6.045330340109827e-07,1.89294819275974e-21,1.0772181655384896e-21,-11.359376130736424,-3.4516583043788787,-999.999,UO2+2,(Hfo_sO)2UO2
4.0,16.8,3.727593720314938e-05,1e-05,0.0630957344480193,0.01,3.1622776601683795e-05,0.0012649110640673,4.0,16.601538269935173,1.550790138063095e-05,2.1768035078817088e-05,0.2593067681338071,41.60298182743132,2.747387699581,0.4389199495217161,1.550790138063095e-05,5.1997483953047445e-06,8.498072556332149e-06,2.6813779705605877e-29,6.062310589646633e-07,1.2038493700293937e-06,1.2011845902404014e-30,1.912556339646828e-05,1.0730223047265742e-06,1.3223657274991316e-09,3.2538697353326327e-09,3.0880863938201424e-16,1.0440638145438731e-24,1.3712785195624195e-06,9.60766166912454e-22,4.347671085858561e-22,-10.642902075577778,-3.6593481603847273,-999.999,UO2+2,(Hfo_sO)2UO2
4.0,16.8,3.727593720314938e-05,1e-05,0.2511886431509579,0.001,1e-06,4e-05,4.0,16.60288483093427,5.577416418202228e-07,3.67181955381195e-05,0.0081999999999999,1.496251157363523,1.8524132898115064,0.267737888101978,5.577416418202228e-07,2.0017429190480642e-07,2.747393191794232e-07,8.94422966660467e-31,2.7760418578193097e-08,5.5067612157800024e-08,5.669155502195274e-32,2.77246318997982e-05,1.545849390381314e-06,1.822367849673703e-09,4.684415280598297e-09,4.765517162969672e-16,1.6623871095449992e-24,6.9853888076732445e-06,1.100827307470935e-22,3.450433816555959e-24,-9.220870181036036,-3.4845120866395503,-999.999,UO2+2,(Hfo_sO)2UO2
4.0,16.8,3.727593720314938e-05,2.6826957952797277e-05,0.001,0.0,0.0001778279410038,0.0071131176401556,4.0,16.6010441057252,3.498746145839402e-05,2.2884740992863903e-06,1.4581891162319167,93.86071574194516,10.484617211185869,1.0205525791881622,3.498746145839402e-05,7.320249625973949e-06,2.651330302977408e-05,2.209819780856897e-28,3.859229308096407e-07,7.679858718363535e-07,2.0241665880085876e-30,2.160518403928527e-06,1.214900779836058e-07,1.5290477440537318e-10,9.893464189197423e-10,2.4341313653610395e-16,2.1738873421055887e-24,2.896418856439368e-09,0.0,0.0,-15.954282474093157,-4.184549008664984,-999.999,UO2+2,(Hfo_sO)2UO2
4.0,16.8,3.727593720314938e-05,2.6826957952797277e-05,0.0630957344480193,0.001,3.1622776601683795e-05,0.0012649110640673,4.0,16.601505414966226,1.5500222954694363e-05,2.1775713504086008e-05,0.2593067681338071,41.58238294645688,2.7450590975517626,0.4385516986820478,1.5500222954694363e-05,5.195706189284129e-06,8.497014150165357e-06,7.165516129111136e-29,6.053663300772432e-07,1.2021362851676322e-06,3.20578832160152e-30,1.90982177239075e-05,1.0716502320213136e-06,1.3262928868054347e-09,8.719671670327651e-09,2.202698788475493e-15,1.990381146897893e-23,1.4025121820789065e-06,1.9503855657872763e-21,9.436932635885688e-23,-10.6274649793888,-3.233026023493964,-999.999,UO2+2,(Hfo_sO)2UO2
4.0,16.8,3.727593720314938e-05,2.6826957952797277e-05,1.0,1e-05,5.623413251903491e-06,0.0002249365300761,4.0,16.608338398905392,2.692057910324779e-06,3.458387922563553e-05,0.0461119886656086,7.221972436677814,1.688094829769914,0.2273968397357278,2.692057910324779e-06,8.901903747706967e-07,1.501537421663329e-06,1.4878525633702738e-29,1.0057568853332097e-07,1.9975442535743246e-07,6.2592189950341465e-31,1.7840196481913136e-05,9.700494806838958e-07,9.498943156479386e-10,7.814667734764652e-09,2.8408421806908897e-15,3.016274378352295e-23,1.522951395107014e-05,1.3517337044042565e-23,2.442297626093884e-27,-8.539510544049513,-3.1925766295662683,-999.999,UO2+2,(Hfo_sO)2UO2
4.0,16.8,3.727593720314938e-05,2.6826957952797277e-05,1.0,0.01,3.1622776601683795e-05,0.0012649110640673,4.0,16.608372776491315,1.331825891512944e-05,2.3957677966883267e-05,0.2593067681338071,35.72883719206449,2.143822764677211,0.3311888782668389,1.331825891512944e-05,4.0773353573198025e-06,8.066806638690188e-06,8.022397993369436e-29,3.930152398010717e-07,7.811016793183777e-07,2.4564624405205292e-30,1.2388571383057477e-05,6.735141537763789e-07,6.566948898740674e-10,5.423943975912807e-09,1.987130278226906e-15,2.1175267115004546e-23,1.0553095832515358e-05,9.46352720012332e-21,1.698120804769139e-21,-8.856597297959667,-3.349376215798271,-999.999,UO2+2,(Hfo_sO)2UO2
4.0,16.8,3.727593720314938e-05,7.196856730011514e-05,0.0039810717055349,0.001,0.001,0.04,4.0,16.601069949394084,3.7041028494235725e-05,2.349069796645929e-07,8.2,99.36981139432277,19.229733417490635,1.2839732636396612,3.7041028494235725e-05,5.947717674668245e-06,3.0429311595714416e-05,6.809750994386656e-28,2.2203761355437154e-07,4.419616102986879e-07,3.1276896405224364e-30,2.2099303571449346e-07,1.2425381763983696e-08,1.5618564895303012e-11,2.714050498576923e-10,1.79496835513891e-16,4.3042342685894745e-24,1.1759369981657219e-09,6.86514997953514e-22,5.480300719185033e-23,-16.77502538887904,-4.745782307903177,-999.999,UO2+2,(Hfo_sO)2UO2
4.0,16.8,3.727593720314938e-05,7.196856730011514e-05,0.0630957344480193,0.0001,1e-06,4e-05,4.0,16.601502429425953,5.862712588975959e-07,3.668966591384266e-05,0.0081999999999999,1.5727874411379328,1.948682093628352,0.2897409944566366,5.862712588975959e-07,2.152647935235099e-07,2.756030515676837e-07,6.2313559290134776e-30,3.198631305045318e-08,6.3417100755949e-08,4.534244344711342e-31,3.196185645065633e-05,1.7934868219996808e-06,2.220569401877696e-09,3.914087238126654e-08,2.649897465032133e-14,6.419890286865024e-22,2.354111918320239e-06,6.334504274369157e-21,3.087433618196962e-23,-10.178366989984063,-2.581069466831539,-999.999,UO2+2,(Hfo_sO)2UO2
4.0,16.8,3.727593720314938e-05,7.196856730011514e-05,0.2511886431509579,0.01,3.1622776601683795e-05,0.0012649110640673,4.0,16.602917403790602,1.4884795730797164e-05,2.239114087548817e-05,0.2593067681338071,39.93137892060718,2.563615001685529,0.4088528043109143,1.4884795730797164e-05,4.873538920548557e-06,8.402337466669765e-06,1.97612302435997e-28,5.387632247809078e-07,1.070156118797935e-06,7.959045673765703e-30,1.699255829306751e-05,9.473163064975248e-07,1.1121507067399755e-09,2.065879618209957e-08,1.5243562803130972e-14,3.841495620049578e-22,4.245124228126254e-06,2.4993909591662e-19,7.66655810038572e-20,-9.650875425344722,-2.838327373583948,-999.999,UO2+2,(Hfo_sO)2UO2
4.0,16.8,3.727593720314938e-05,7.196856730011514e-05,1.0,0.01,0.0001778279410038,0.0071131176401556,4.0,16.608372770805413,3.343429587681796e-05,3.841640566458378e-06,1.4581891162319167,89.69404496687785,5.96845055435401,0.7758616003030735,3.343429587681796e-05,6.889165441910992e-06,2.5481713760159957e-05,6.7994338790872715e-28,3.5565296842194497e-07,7.077637063250672e-07,5.9721734225705486e-30,1.991015353358042e-06,1.0824307456625017e-07,1.0554091429922491e-10,2.338912381760805e-09,2.2991264243501867e-15,6.573656017846952e-23,1.6959854764577542e-06,2.9378851550914945e-20,5.2717872656430235e-21,-10.444488998723942,-3.714681269033744,-999.999,UO2+2,(Hfo_sO)2UO2
4.0,16.8,3.727593720314938e-05,0.0001930697728883,0.0158489319246111,0.01,0.0001778279410038,0.0071131176401556,4.0,16.60119109474612,3.494735904672872e-05,2.328576491688568e-06,1.4581891162319167,93.75313317079006,10.292242276786492,1.0125100008411692,3.494735904672872e-05,7.308967879349398e-06,2.648688805010196e-05,1.5994610298902583e-27,3.8511820881734805e-07,7.663849084600197e-07,1.4634897036593686e-29,2.15601210251449e-06,1.2115464155905778e-07,1.5116527121765254e-10,7.0960559232406195e-09,1.2750776954406e-14,8.250483043259826e-22,4.171989839636583e-08,9.450934504961837e-19,5.381374777125793e-19,-13.678567209575624,-3.325406078395755,-999.999,UO2+2,(Hfo_sO)2UO2
4.0,16.8,3.727593720314938e-05,0.0005179474679231,0.0039810717055349,0.01,1e-06,4e-05,4.0,16.60110517657486,5.974772532494601e-07,3.667845991379314e-05,0.0081999999999999,1.602849715067607,1.9865359624101264,0.2980964315282574,5.974772532494601e-07,2.2114756544880255e-07,2.757196484102669e-07,4.4542116349264717e-29,3.3736836875949984e-08,6.687320251444064e-08,3.4162941223902875e-30,3.371837327462895e-05,1.8955153825111736e-06,2.372355612496653e-09,2.976881338680123e-07,1.4271607006037014e-12,2.470449667747955e-19,1.693243854190121e-07,3.0986811514819126e-16,1.937178089180423e-16,-12.466419091226548,-1.703830253861983,-999.999,UO2+2,(Hfo_sO)2UO2
4.0,16.8,3.727593720314938e-05,0.0005179474679231,0.2511886431509579,1e-05,3.1622776601683795e-05,0.0012649110640673,4.0,16.602883025704344,1.4853332635841394e-05,2.2422603921514275e-05,0.2593067681338071,39.84697300806285,2.554606478191321,0.4073240091624195,1.4853332635841394e-05,4.857178513449942e-06,8.39696157535424e-06,1.4155647993902659e-27,5.355015375910468e-07,1.063691009446164e-06,5.670522489699626e-29,1.6889468248021873e-05,9.41718228798127e-07,1.1106768382691842e-09,1.478377357968813e-07,7.784507722258897e-13,1.4061729603465013e-19,4.2592211222942025e-06,9.330720462659645e-20,2.931928345789888e-23,-9.650821695967544,-1.9855764349216312,-999.999,UO2+2,(Hfo_sO)2UO2
4.0,16.8,3.727593720314938e-05,0.0013894954943731,0.001,0.0,0.001,0.04,4.0,16.601049113813612,3.703696728982402e-05,2.3896770647646944e-07,8.2,99.35891641832367,18.90089416107807,1.2764823502069202,3.703696728982402e-05,5.94702834273615e-06,3.0426021846782328e-05,1.3134939753823267e-26,2.2201015139574283e-07,4.419069489098021e-07,6.03272798119391e-29,2.2096570482738774e-07,1.2425037221325946e-08,1.5637532273178844e-11,5.2408952834377804e-09,6.678680973312995e-14,3.089396221125002e-20,2.949776079208124e-10,0.0,0.0,-17.934740720546348,-3.460492213758572,-999.999,UO2+2,(Hfo_sO)2UO2
4.0,16.8,3.727593720314938e-05,0.0013894954943731,0.001,0.01,3.1622776601683795e-05,0.0012649110640673,4.0,16.601086276276792,1.5688612886702787e-05,2.158732329851137e-05,0.2593067681338071,42.0877758249289,2.8026695747073864,0.4475718989232811,1.5688612886702787e-05,5.295015011766676e-06,8.522135762450424e-06,3.692074284025644e-27,6.268227298735489e-07,1.2446393826121374e-06,1.7051615088884503e-28,1.977679715500162e-05,1.1118711426118797e-06,1.3926590618258118e-09,4.685649425168485e-07,6.020047568737239e-12,2.794614479233928e-18,2.4580675637216605e-08,3.606442016449906e-15,2.321281736059563e-15,-14.12256249090132,-1.5071220589650354,-999.999,UO2+2,(Hfo_sO)2UO2
4.0,16.8,3.727593720314938e-05,0.0013894954943731,0.0039810717055349,1e-05,0.0001778279410038,0.0071131176401556,4.0,16.601071192960298,3.49348707775595e-05,2.3410643375947328e-06,1.4581891162319167,93.71963094359948,10.233682516217462,1.0100319395470223,3.49348707775595e-05,7.305456314642526e-06,2.647865972474473e-05,1.1435837603131355e-26,3.848678698352094e-07,7.658868683370372e-07,1.046011849091765e-28,2.154610273470447e-06,1.2114274007043997e-07,1.5234318688796567e-10,5.1090209647285836e-08,6.517974965264788e-13,3.016370390231228e-19,1.1652864379725489e-08,5.058610334633363e-19,4.24790467648844e-22,-14.785322461630289,-2.471259292825124,-999.999,UO2+2,(Hfo_sO)2UO2
4.0,16.8,3.727593720314938e-05,0.0037275937203149,0.2511886431509579,0.0,0.001,0.04,4.0,16.60289471729786,3.697307717539888e-05,3.028576670338597e-07,8.2,99.18751867699544,14.88789072047597,1.1728331723427232,3.697307717539888e-05,5.936184958796712e-06,3.0374266792891653e-05,3.685947198829703e-26,2.2157821406061377e-07,4.41047209649905e-07,1.6924988614133674e-28,2.205357885895024e-07,1.2295910532501585e-08,1.450141814643898e-11,1.3896023721101985e-08,5.267028759258282e-13,6.848713456308428e-19,5.5609013442333747e-08,0.0,0.0,-13.419156692101035,-3.0124776166844773,-999.999,UO2+2,(Hfo_sO)2UO2
4.0,16.8,0.0001930697728883,2.6826957952797277e-05,0.0039810717055349,0.001,1e-06,4e-05,4.0,16.601070695113254,1.161345549691428e-06,0.0001919084265638,0.0081999999999999,0.6015159868464605,0.7379952438556034,-0.1319464370576122,1.161345549691428e-06,4.4820106295483276e-07,2.2925091225156978e-07,1.907138288937929e-30,1.640018791790931e-07,3.198916953059324e-07,8.415386722315269e-31,0.0001665730346724,9.365573140831798e-06,1.1771335261914409e-08,7.603919633392383e-08,1.8695923558130315e-14,1.666548805218989e-22,8.984262711500711e-07,2.6353931122736852e-20,2.085616643191556e-21,-11.022599656688213,-2.298324189201216,-999.999,UO2+2,Hfo_sOUO2+
4.0,16.8,0.0001930697728883,2.6826957952797277e-05,0.0158489319246111,0.0001,3.1622776601683795e-05,0.0012649110640673,4.0,16.601154654085157,3.35560592301145e-05,0.0001595136928347,0.2593067681338071,17.380275911716087,0.8112582579551313,-0.0908408694013222,3.35560592301145e-05,1.3199204825206302e-05,7.559935457342311e-06,6.303432337537237e-29,4.327567078944594e-06,8.469351868621294e-06,2.2331052065044865e-29,0.0001385311693114,7.785907575643085e-06,9.759707832997711e-09,6.323715694733574e-08,1.5619442018603123e-14,1.3954829123335489e-22,2.832875485416941e-06,1.884695923674349e-21,1.2709366052362356e-23,-10.021508281886504,-2.3773934923432467,-999.999,UO2+2,Hfo_sOUO2+
4.0,16.8,0.0001930697728883,2.6826957952797277e-05,0.2511886431509579,1e-05,5.623413251903491e-06,0.0002249365300761,4.0,16.602881743759706,5.903164322577621e-06,0.0001871666057237,0.0461119886656086,3.0575290136131867,0.6839788232940213,-0.1649573442870815,5.903164322577621e-06,2.3262946522981536e-06,1.350765702213887e-06,1.1771511392574377e-29,7.526222888596166e-07,1.4734816792059636e-06,4.0606629490471314e-30,0.0001354314195448,7.551391648215303e-06,8.905749694527535e-09,6.127841984709613e-08,1.6681067341344943e-14,1.5576720889943318e-22,3.414761154045622e-05,1.0333286769947204e-22,3.245912817660283e-26,-7.8426764381219645,-2.368028366890167,-999.999,UO2+2,Hfo_sOUO2+
4.0,16.8,0.0001930697728883,0.0001930697728883,0.0039810717055349,0.01,0.0001778279410038,0.0071131176401556,4.0,16.601103421266437,0.000129702881632,6.336682286074223e-05,1.4581891162319167,67.17927912366437,1.4036985133656017,0.1472738399578228,0.000129702881632,5.1036280623980166e-05,4.81081822769455e-05,2.8958187981868678e-27,1.0267229863157546e-05,2.0291188867989488e-05,3.8624238349948797e-28,5.78774307321801e-05,3.2536696294186927e-06,4.0722387441909504e-09,1.9039574896167946e-07,3.401058595542837e-13,2.1936460250142442e-20,2.777204744171969e-07,2.7525689298477725e-17,1.7214936524004958e-17,-11.997020763147995,-1.897938320915648,-999.999,UO2+2,Hfo_sOUO2+
4.0,16.8,0.0001930697728883,0.0013894954943731,0.001,1e-05,1e-06,4e-05,4.0,16.601050048867297,1.1524931776866103e-06,0.0001919172788878,0.0081999999999999,0.5969309231814518,0.7323360841339611,-0.1352895664992571,1.1524931776866103e-06,4.456090247171346e-07,2.3010149781608306e-07,9.906451171999081e-29,1.6155973869435428e-07,3.152229164590387e-07,4.2915723689935443e-29,0.0001640433071476,9.224216137908298e-06,1.1608021180072153e-08,3.8798500451665934e-06,4.93123649771897e-11,2.2748590292293424e-17,2.321112213302757e-07,4.219857762872329e-17,3.921921556754912e-20,-12.198787768853528,-0.5910428262100602,-999.999,UO2+2,Hfo_sOUO2+
4.0,16.8,0.0001930697728883,0.0037275937203149,0.0039810717055349,0.001,3.1622776601683795e-05,0.0012649110640673,4.0,16.601084078088178,3.2999778619261195e-05,0.0001600699694008,0.2593067681338071,17.09215177786989,0.7950369477582665,-0.0996126879036928,3.2999778619261195e-05,1.3017103194031153e-05,7.615554738446209e-06,8.807201132117786e-27,4.180635557465311e-06,8.186485129318527e-06,2.9938762683695548e-27,0.000133751053588,7.519692954154106e-06,9.450897479578193e-09,8.487965987027603e-06,2.9011484550673443e-10,3.595061491948668e-16,7.148072241592371e-07,5.694738940064488e-14,4.514517748814889e-15,-11.21287710116049,-0.2505664177704485,-999.999,UO2+2,Hfo_sOUO2+
4.0,16.8,0.0001930697728883,0.0037275937203149,0.0158489319246111,0.0001,0.001,0.04,4.0,16.60116683087684,0.0001907386945806,2.3309678570460997e-06,8.2,98.79262389301228,9.97903782412178,0.9990886687603948,0.0001907386945806,3.9489417554945055e-05,0.0001451138207248,1.6848858288124843e-25,2.0519733224175864e-06,4.083482978398857e-06,1.4993134960293711e-27,2.0427862799506137e-06,1.1480487306708268e-07,1.4391437311011827e-10,1.2986469207546378e-07,4.466283983197606e-12,5.556585923428418e-18,4.1166511956411774e-08,7.53986230953222e-17,5.108874716160477e-19,-13.68306085993793,-2.0649153669902818,-999.999,UO2+2,(Hfo_sO)2UO2
4.0,16.8,0.0001930697728883,0.0037275937203149,0.2511886431509579,0.01,1e-06,4e-05,4.0,16.602931560656465,1.0418037967139735e-06,0.0001920279684747,0.0081999999999999,0.5395996385806968,0.6616184325169637,-0.1793924039559732,1.0418037967139735e-06,4.110610228117486e-07,2.409995238684718e-07,2.9299596007710884e-28,1.317455896884257e-07,2.579976603453276e-07,9.918847547596587e-29,0.0001332804401257,7.429752539273233e-06,8.721436811814425e-09,8.37563271415926e-06,3.1949003248674225e-10,4.1620065671738097e-16,3.3292045240703584e-05,2.707020195343932e-13,8.300150918908333e-14,-7.862025517792322,-0.2303881341420304,-999.999,UO2+2,Hfo_sOUO2+
4.0,16.8,0.0001930697728883,0.0037275937203149,1.0,1e-05,3.1622776601683795e-05,0.0012649110640673,4.0,16.608352634742495,2.653670058775301e-05,0.0001665330633762,0.2593067681338071,13.744616876460675,0.6145151595074119,-0.2114673990115222,2.653670058775301e-05,1.0615053679263916e-05,8.25974835234124e-06,1.1359961413289226e-26,2.579346559152555e-06,5.082551996995299e-06,2.210506878203166e-27,8.200637178840262e-05,4.458752650351757e-06,4.365694895506695e-09,4.98576558878529e-06,2.5157511404648304e-10,3.7074706227807134e-16,6.999906210463859e-05,1.6613690731577844e-16,3.00143361878956e-20,-7.214709497225787,-0.3877423619743254,-999.999,UO2+2,Hfo_sOUO2+
4.0,16.8,0.0001930697728883,0.01,0.0039810717055349,0.0,5.623413251903491e-06,0.0002249365300761,4.0,16.60110370975588,6.0567960017779536e-06,0.0001870129710828,0.0461119886656086,3.137102152847776,0.7023561089465481,-0.153442635823336,6.0567960017779536e-06,2.375984505276924e-06,1.3354537280044063e-06,4.1406294627607024e-27,7.934100841456152e-07,1.5519476843510086e-06,1.5216494048739024e-27,0.0001428987338735,8.033263517499706e-06,1.0099977118620116e-08,2.432375653825477e-05,2.227939674272079e-09,7.401861432135014e-15,7.809188693240966e-07,0.0,0.0,-11.144368676017152,0.2064659040666203,-999.999,UO2+2,Hfo_sOUO2+
4.0,16.8,0.0001930697728883,0.01,0.2511886431509579,0.001,3.1622776601683795e-05,0.0012649110640673,4.0,16.602922189259182,2.970997345801501e-05,0.0001633597772194,0.2593067681338071,15.388205524642013,0.7013636908131324,-0.1540567210431458,2.970997345801501e-05,1.1864184138693365e-05,7.947386555376316e-06,2.5835217975931006e-26,3.338824947166604e-06,6.559577816778723e-06,6.743163364141874e-27,0.0001064685830168,5.935374790361849e-06,6.9955965804740094e-09,1.7962186539671715e-05,1.8247234768279035e-09,6.3560141078771735e-15,2.681768402209838e-05,4.2073320244049173e-13,1.3181919492338548e-14,-8.052463100265138,0.0992092669068434,-999.999,UO2+2,Hfo_sOUO2+
4.0,16.8,0.001,1e-05,0.001,0.001,1e-06,4e-05,4.0,16.601051087628274,2.6259118895530794e-06,0.0009973740636315,0.0081999999999999,0.2625911889553079,0.3210762831515292,-0.4933917731529827,2.6259118895530794e-06,6.945063398304061e-07,1.35016712942608e-07,4.149593017285796e-31,6.318218973188681e-07,1.1645669394611972e-06,1.1318332039337175e-30,0.0006791018498351,3.8185966777525305e-05,4.8017805249398926e-08,1.1457306349785566e-07,1.0403293726808858e-14,3.4260116393401264e-23,9.282331095020324e-07,5.646141966553146e-21,4.658481682916295e-22,-10.992036014264148,-2.120447112998922,-999.999,UO2+2,(Hfo_wO)2UO2
4.0,16.8,0.001,2.6826957952797277e-05,0.0630957344480193,0.0,0.001,0.04,4.0,16.601498352537003,0.0008892171467169,0.0001107775054436,8.2,88.92171467169493,0.9789091658907716,-0.0092576050125898,0.0008892171467169,0.0003559488890781,0.0002563431038487,2.15794137128873e-27,9.331563477888078e-05,0.0001836095190111,4.887797395469679e-28,9.395631430043936e-05,5.2723024883228255e-06,6.528784374522348e-09,4.2845146678689494e-08,1.0798463817973068e-14,9.740471504301848e-23,6.812217509080598e-06,0.0,0.0,-9.241056958003238,-2.5418560252653046,-999.999,UO2+2,Hfo_sOUO2+
4.0,16.8,0.001,2.6826957952797277e-05,0.0630957344480193,1e-05,5.623413251903491e-06,0.0002249365300761,4.0,16.601504745835502,1.434465650286787e-05,0.0009856552178342,0.0461119886656086,1.434465650286787,0.3156103780137047,-0.500848724600824,1.434465650286787e-05,3.862826378633661e-06,7.771165534839478e-07,6.483444517401993e-30,3.406453092813556e-06,6.298260477936706e-06,1.6616526958707657e-29,0.0006490740940117,3.642133296988409e-05,4.508017003111354e-08,2.93212217937368e-07,7.327124198660599e-14,6.55017935355515e-22,4.767624548212472e-05,6.429234611469486e-22,3.1162587067139283e-25,-7.564423645939829,-1.7063860855279191,-999.999,UO2+2,(Hfo_wO)2UO2
4.0,16.8,0.001,0.0001930697728883,0.0158489319246111,0.0001,1e-06,4e-05,4.0,16.601157961193323,2.6072412789795587e-06,0.0009973927348164,0.0081999999999999,0.2607241278979559,0.3187874168670533,-0.496498829349498,2.6072412789795587e-06,6.926472427742219e-07,1.357960568600853e-07,8.077827685366395e-30,6.25320974754058e-07,1.1534770045911937e-06,2.1697833195561254e-29,0.0006715944133637,3.774524116981104e-05,4.72984775662679e-08,2.1864740515832484e-06,3.854090650168365e-12,2.4565711687178172e-19,1.3696030049148009e-05,3.267444961291449e-18,2.1692871252760903e-20,-8.65415528962821,-0.8384854999587024,-999.999,UO2+2,(Hfo_wO)2UO2
4.0,16.8,0.001,0.0001930697728883,1.0,0.01,1e-06,4e-05,4.0,16.60837556349275,2.05072691380472e-06,0.0009979492642048,0.0081999999999999,0.205072691380472,0.250602567680862,-0.6010144835257601,2.05072691380472e-06,6.268716050997554e-07,1.6286902014754686e-07,1.1575113439572405e-29,4.368154368228219e-07,8.241708517345959e-07,1.8522688501919815e-29,0.000458657734335,2.4934958318807232e-05,2.4306077665952752e-08,1.4347023288174677e-06,3.757182285954244e-12,2.861205415917364e-19,0.0003905340237934,1.2785541178246458e-16,2.2933772584585952e-17,-5.719671107457927,-0.9268245062511582,-999.999,UO2+2,(Hfo_wO)2UO2
4.0,16.8,0.001,0.0037275937203149,0.0039810717055349,0.0001,3.1622776601683795e-05,0.0012649110640673,4.0,16.601082904596076,7.813293785382469e-05,0.0009218663390894,0.2593067681338071,7.813293785382468,0.3268529014506538,-0.4856476554788017,7.813293785382469e-05,2.14548129688352e-05,4.481545670609706e-06,5.139975777518163e-27,1.828234243879745e-05,3.391423677558232e-05,1.2300288382531976e-26,0.0006174360141471,3.4713403832963154e-05,4.363492451324601e-08,3.886484936636184e-05,1.317220403322056e-09,1.618794405951709e-15,3.283332441533904e-06,2.6004519176583005e-14,2.0909215881697246e-16,-9.880983110637017,0.4101252034131422,-999.999,UO2+2,(Hfo_wO)2UO2
4.0,16.8,0.001,0.0037275937203149,0.0158489319246111,0.001,0.001,0.04,4.0,16.601168053731378,0.0008885134635717,0.0001114806027657,8.2,88.85134635717732,0.9719655056335458,-0.012349147603388,0.0008885134635717,0.0003556718941856,0.0002564124216203,2.9734902370070555e-25,9.314720933074666e-05,0.000183281938435,6.721204756047646e-26,9.37848345708442e-05,5.270691065804755e-06,6.604558551382673e-09,5.952526834035494e-06,2.0454436986151456e-10,2.5416455585870136e-16,1.7980330933073153e-06,3.3854402722685514e-14,2.2509021413379522e-15,-10.363772217486822,-0.4035399266928294,-999.999,UO2+2,Hfo_sOUO2+
4.0,16.8,0.001,0.01,0.001,0.0001,0.0001778279410038,0.0071131176401556,4.0,16.601082233588155,0.0003540941688439,0.0006459027048527,1.4581891162319167,35.409416884391426,0.3759566917134345,-0.4248621806924421,0.0003540941688439,0.0001099655324116,2.9569871920933685e-05,9.119394071775191e-26,7.421050281911167e-05,0.0001403482616922,1.3687482521732345e-25,0.0004371546286984,2.457772418285824e-05,3.091982097804142e-08,7.405260496297184e-05,6.743232910804307e-09,2.2283566442659874e-14,4.1755851441115074e-07,3.9987645873351677e-13,3.594642413486586e-15,-11.355120491121186,0.6897516208002914,-999.999,UO2+2,(Hfo_wO)2UO2
5.0,15.8,1e-08,1e-05,0.0039810717055349,1e-05,0.001,0.04,5.0,15.601065953203264,9.999024428202364e-09,9.755711287762193e-13,8.2,99.99024428202362,1249.927541911931,3.0968848377601352,9.999024428202364e-09,1.76813769478117e-10,9.693432507622137e-09,2.896316082159545e-30,6.160054691349773e-12,1.2261809641075993e-10,1.1585717497090652e-32,6.130904898012373e-13,3.4471781254435697e-13,4.335133179681833e-15,1.0057557343772776e-14,8.876899629182932e-20,2.842036651032197e-26,3.365912429901382e-15,4.7699704011177247e-26,4.0086788708806745e-29,-21.87680536003787,-9.17710705559956,-999.999,UO2+2,(Hfo_sO)2UO2
5.0,15.8,1e-08,1e-05,0.0039810717055349,0.0001,5.623413251903491e-06,0.0002249365300761,5.0,15.601066285001462,9.828338291357442e-09,1.716617079851491e-10,0.0461119886656086,98.2833829135744,1241.63176514207,3.093992814778683,9.828338291357442e-09,1.7436251416982527e-10,9.526550005634652e-09,2.8463057888276948e-30,6.095370503361697e-12,1.213304010496022e-10,1.1463455191821787e-32,1.0787991561380391e-10,6.065674206914654e-11,7.627797620619379e-13,1.769571447327966e-12,1.5618251332061578e-17,5.000095645547937e-24,5.913966287272104e-13,8.348701674987608e-23,6.9797709809234405e-25,-17.38717642067453,-6.931713497315329,-999.999,UO2+2,(Hfo_sO)2UO2
5.0,15.8,1e-08,1e-05,0.0158489319246111,0.01,5.623413251903491e-06,0.0002249365300761,5.0,15.601190247379352,9.826914050021944e-09,1.7308594932795974e-10,0.0461119886656086,98.26914050021942,1231.2365258223597,3.090341490780375,9.826914050021944e-09,1.7433716411683658e-10,9.52516970370676e-09,2.842325247998354e-30,6.094481286669314e-12,1.213127009116777e-10,1.1447412243702088e-32,1.0786417764870558e-10,6.061328116270584e-11,7.562826535462158e-13,1.754300856485059e-12,1.5576839268054744e-17,4.980585380923765e-24,2.095258474203895e-12,5.7061780433562666e-21,3.2496458590615957e-21,-16.280071651238494,-6.932321712312753,-999.999,UO2+2,(Hfo_sO)2UO2
5.0,15.8,1e-08,1e-05,0.0630957344480193,0.0001,0.001,0.04,5.0,15.60150168503417,9.998983392635151e-09,1.016606725212375e-12,8.2,99.98983392635152,1199.4689670770235,3.078989016287551,9.998983392635151e-09,1.7681304382841387e-10,9.693392726224855e-09,2.9028732069084684e-30,6.160029409782121e-12,1.2261759317209789e-10,1.1611947020174439e-32,6.130879736060714e-13,3.440253767669643e-13,4.25961050405107e-15,9.94458773373945e-15,8.917175496667962e-20,2.8614065860372644e-26,4.516656811623408e-14,2.8246832312292983e-25,1.3774367289589185e-27,-19.612457809594645,-9.176124944493564,-999.999,UO2+2,(Hfo_sO)2UO2
5.0,15.8,1e-08,2.6826957952797277e-05,0.0630957344480193,0.0,3.1622776601683795e-05,0.0012649110640673,5.0,15.60150138178262,9.967387556151096e-09,3.261244319767788e-11,0.2593067681338071,99.67387556151095,1178.6480904940568,3.0713841569441955,9.967387556151096e-09,1.7635506468770823e-10,9.66251173102814e-09,7.7626617579475e-30,6.147743629351105e-12,1.2237301680589896e-10,3.108896726052092e-32,1.9348880539555063e-11,1.085735734542366e-11,1.3443855669068416e-13,8.419918600662572e-13,2.025336087561639e-17,1.7434830515978586e-23,1.425868098084891e-12,0.0,0.0,-16.613983312342757,-7.248423527828816,-999.999,UO2+2,(Hfo_sO)2UO2
5.0,15.8,1e-08,7.196856730011514e-05,0.0039810717055349,0.01,0.001,0.04,5.0,15.601103024417938,9.998962951889818e-09,1.0370473912087792e-12,8.2,99.98962951889816,1175.824495753188,3.0703425035309206,9.998962951889818e-09,1.7681268236586508e-10,9.693372910209969e-09,2.0800956931366202e-29,6.160016816460735e-12,1.2261734249752354e-10,8.320708230101355e-32,6.130867202380358e-13,3.4465684847782255e-13,4.313756303257152e-15,7.190084499962028e-14,4.578663188192238e-18,1.0528029462655005e-23,3.0805995026068904e-15,1.3219028946499276e-20,8.272860602792685e-21,-21.946836247118306,-8.320869696655421,-999.999,UO2+2,(Hfo_sO)2UO2
5.0,15.8,1e-08,7.196856730011514e-05,0.0630957344480193,1e-05,1e-06,4e-05,5.0,15.60150158487748,8.99569875383478e-09,1.0043012455474147e-09,0.0081999999999999,89.9569875383478,1092.3380193524736,3.03835704974592,8.99569875383478e-09,1.6179047637162718e-10,8.713965885647164e-09,1.8780518740192322e-29,5.7374313949625255e-12,1.1420496042102592e-10,7.783531656372858e-32,5.710314873963802e-10,3.2042614056167535e-10,3.9675751572544406e-12,6.666242773505109e-11,4.301733616525578e-15,9.93425358586056e-21,4.20794429278078e-11,9.813579658558988e-21,4.7890459425072805e-24,-13.673999705483292,-5.349848215105485,-999.999,UO2+2,(Hfo_sO)2UO2
5.0,15.8,1e-08,0.0001930697728883,0.0039810717055349,0.01,3.1622776601683795e-05,0.0012649110640673,5.0,15.601103470205896,9.963466190511928e-09,3.653380869263256e-11,0.2593067681338071,99.63466190511927,1051.7236713057805,3.021901648761544,9.963466190511928e-09,1.7628564221353352e-10,9.658710411449296e-09,5.560300755192838e-29,6.145322068142113e-12,1.2232481478095548e-10,2.226864052880031e-31,1.9341259124454937e-11,1.0872986659743548e-11,1.360869346903197e-13,6.0850947680264205e-12,1.03954434253931e-15,6.4124229105840744e-21,9.718418610385989e-14,8.051011295737273e-18,5.0382786100796075e-18,-18.948923073157776,-6.393336118676931,-999.999,UO2+2,(Hfo_sO)2UO2
5.0,15.8,1e-08,0.0001930697728883,0.2511886431509579,0.0001,5.623413251903491e-06,0.0002249365300761,5.0,15.60288173801196,9.772032265829884e-09,2.2796773351322943e-10,0.0461119886656086,97.72032265829884,929.6033036608172,2.9682976584618253,9.772032265829884e-09,1.7336034231092058e-10,9.47198103692445e-09,5.59713941159491e-29,6.060217482633625e-12,1.2063066911187938e-10,2.2541511876335773e-31,1.0725775342090119e-10,5.980483166681846e-11,7.053353860753564e-13,3.290832855750287e-11,6.074063179430826e-15,3.845958638634021e-20,2.705024814668853e-11,2.5516540167955546e-19,8.016610614408906e-22,-14.045222601130844,-5.638045999458253,-999.999,UO2+2,(Hfo_sO)2UO2
5.0,15.8,1e-08,0.0013894954943731,0.0630957344480193,0.0,1e-06,4e-05,5.0,15.601506409478851,8.022171104272352e-09,1.977828896111838e-09,0.0081999999999999,80.22171104272351,494.6401335447912,2.694289350743281,8.022171104272352e-09,1.4401482290998228e-10,7.771597984826954e-09,3.2337707240541338e-28,5.097201468416665e-12,1.0146109506699864e-10,1.3350528041840778e-30,5.073107518821249e-10,2.8466383770439164e-10,3.5246722725767537e-12,1.1434078608521723e-09,1.4245308627418074e-12,6.351418953959821e-17,3.738336204151922e-11,0.0,0.0,-13.776861918221698,-4.115527035224023,-999.999,UO2CO3,(Hfo_sO)2UO2
5.0,15.8,1e-08,0.0037275937203149,0.001,0.001,5.623413251903491e-06,0.0002249365300761,5.0,15.601061322091642,9.220317929073224e-09,7.796820701511391e-10,0.0461119886656086,92.20317929073224,256.4569641000337,2.4090144968474765,9.220317929073224e-09,1.635425581737562e-10,8.937282268854114e-09,9.953282118693973e-28,5.71591345251751e-12,1.1377718859283507e-10,4.0069695087630965e-30,1.0116402573529834e-10,5.6881954600605424e-11,7.15508465829731e-13,6.18698125315306e-10,2.0349220709487238e-12,2.428335123880021e-16,1.4064037214401826e-13,4.1950425673542864e-14,3.629576711300621e-15,-18.63483319838505,-4.388213057200749,-999.999,UO2CO3,(Hfo_sO)2UO2
5.0,15.8,1e-08,0.0037275937203149,0.2511886431509579,1e-05,5.623413251903491e-06,0.0002249365300761,5.0,15.60289445074855,9.215098913344678e-09,7.849010862162668e-10,0.0461119886656086,92.1509891334468,254.6075153468246,2.405871218742164,9.215098913344678e-09,1.634497027880895e-10,8.93222417108506e-09,1.0190038235848863e-27,5.712657698347557e-12,1.1371238177318159e-10,4.1022673058536975e-30,1.0110640317641812e-10,5.6371658391627474e-11,6.648193846070194e-13,5.98901736435964e-10,2.134081790156427e-12,2.6087187500155573e-16,2.5500279081392e-11,1.7297785894268842e-16,5.431433751482039e-20,-14.09669147521254,-4.378005139581088,-999.999,UO2CO3,(Hfo_sO)2UO2
5.0,15.8,5.179474679231213e-08,1e-05,0.0039810717055349,1e-05,0.001,0.04,5.0,15.60106595295674,5.1789693019838326e-08,5.053754470795735e-12,8.2,99.99024269296254,1249.727555707124,3.096815345848653,5.1789693019838326e-08,9.158740631446451e-10,5.0206709106709486e-08,1.5001342289849133e-29,3.191095095459323e-11,6.351988990295999e-10,6.001752770307661e-32,3.1759947030582604e-12,1.785742832658481e-12,2.2457305050059844e-14,5.2101198150360384e-14,4.598503266300384e-19,1.472261191177813e-25,1.7436159442253715e-14,2.4709918202567348e-25,2.076621411630322e-28,-20.448094744566973,-8.462751865632232,-999.999,UO2+2,(Hfo_sO)2UO2
5.0,15.8,5.179474679231213e-08,1e-05,0.0630957344480193,0.01,0.001,0.04,5.0,15.601537885931252,5.1789487214245444e-08,5.259560832099465e-12,8.2,99.98984534457176,1200.8210048912747,3.079478276027843,5.1789487214245444e-08,9.158704232259697e-10,5.02065095925695e-08,1.5048643259149374e-29,3.1910824119438405e-11,6.351963743305327e-10,6.020676986911223e-32,3.1759820795143224e-12,1.7818589531886185e-12,2.1959627231894952e-14,5.133005388492973e-14,4.627566597292797e-19,1.4862435906397855e-25,2.278291999114657e-13,1.3680080421335102e-22,6.192181335091995e-23,-18.202307154492424,-8.461384639578956,-999.999,UO2+2,(Hfo_sO)2UO2
5.0,15.8,5.179474679231213e-08,1e-05,1.0,0.0001,1e-06,4e-05,5.0,15.608338158998851,4.3962567769990337e-08,7.832179021806717e-09,0.0081999999999999,84.87842974939628,684.5207109682626,2.8353865927521973,4.3962567769990337e-08,8.467295184084748e-10,4.244137283623802e-08,1.4233447558645206e-29,3.226381189724929e-11,6.42201603446584e-10,6.810704971015534e-32,3.211219419680493e-09,1.746082323204109e-09,1.7097754371632194e-11,4.7606942188796637e-11,5.857487167837529e-16,2.104902713659656e-22,2.741339407080612e-09,9.432906433710554e-22,1.7042709802780015e-24,-10.02897033974547,-5.40780933631345,-999.999,UO2+2,(Hfo_sO)2UO2
5.0,15.8,5.179474679231213e-08,2.6826957952797277e-05,0.0039810717055349,0.0,3.1622776601683795e-05,0.0012649110640673,5.0,15.601065978210327,5.163167061406609e-08,1.6307615983264976e-10,0.2593067681338071,99.6851491930254,1220.9892747433148,3.086711849088001,5.163167061406609e-08,9.157890562700326e-10,5.004676523119253e-08,4.0116047252196004e-29,3.2006960494702465e-11,6.371093661088115e-10,1.6149389593238843e-31,1.0073604386478843e-10,5.6640096794926167e-11,7.123027482987267e-13,4.433314594391351e-12,1.0497095183587128e-16,9.01594507422032e-23,5.531296686760858e-13,0.0,0.0,-17.445352449213644,-6.532872986824218,-999.999,UO2+2,(Hfo_sO)2UO2
5.0,15.8,5.179474679231213e-08,7.196856730011514e-05,0.001,0.001,5.623413251903491e-06,0.0002249365300761,5.0,15.601047831611115,5.0825611757537113e-08,9.69135015447592e-10,0.0461119886656086,98.1288931893787,1137.3247157719134,3.0558844771191254,5.0825611757537113e-08,9.141884993488357e-10,4.9233637859449824e-08,1.0586858754777163e-28,3.242179243660362e-11,6.4536360630185e-10,4.388434926896993e-31,5.738251575800105e-10,3.2266731377683243e-10,4.059100314986108e-12,6.776168527504115e-11,4.303184518431764e-15,9.9150557598426e-21,7.982580409957882e-13,1.7196830399488813e-18,1.4938296571217722e-19,-17.12648324894453,-5.348715223283111,-999.999,UO2+2,(Hfo_sO)2UO2
5.0,15.8,5.179474679231213e-08,7.196856730011514e-05,1.0,0.0,0.0001778279410038,0.0071131176401556,5.0,15.608338042950146,5.174954118792272e-08,4.5205592077676137e-11,1.4581891162319167,99.91272164227256,785.0557331546593,2.894900489538034,5.174954118792272e-08,9.155739450025259e-10,5.0166763883790474e-08,1.2108024181309244e-28,3.1915428504840395e-11,6.352879306248851e-10,4.848727723947743e-31,1.786243938512123e-11,9.71260516700508e-12,9.511044125182217e-14,1.9058795792824854e-12,1.6875441884080472e-16,4.364277392727315e-22,1.5249056738147683e-11,0.0,0.0,-14.5384285591736,-6.805402039137906,-999.999,UO2+2,(Hfo_sO)2UO2
5.0,15.8,5.179474679231213e-08,0.0001930697728883,0.001,1e-05,0.001,0.04,5.0,15.60104462509064,5.178875025157904e-08,5.9965183451204376e-12,8.2,99.98842249242546,1053.2280377882705,3.0225224118607805,5.178875025157904e-08,9.158573891572883e-10,5.020579515876631e-08,2.898877952568595e-28,3.1910369939467275e-11,6.35187333715961e-10,1.1597861299532885e-30,3.175936876752485e-12,1.785885717411975e-12,2.2476700980912267e-14,1.0074999782084951e-12,1.717212435662173e-16,1.0624294639291292e-21,4.528767761481282e-15,2.016806814081048e-21,1.9183400580231642e-24,-21.619717011253258,-7.176652056543409,-999.999,UO2+2,(Hfo_sO)2UO2
5.0,15.8,5.179474679231213e-08,0.0001930697728883,0.0158489319246111,1e-05,3.1622776601683795e-05,0.0012649110640673,5.0,15.601154167638487,5.160291749091003e-08,1.9182927942942647e-10,0.2593067681338071,99.6296356034497,1037.3982435305882,3.015945508333083,5.160291749091003e-08,9.152775013138391e-10,5.0018898620347714e-08,2.8834219842682236e-28,3.198902451471374e-11,6.367523447337521e-10,1.1607658793545845e-30,1.0067959360272847e-10,5.6585371398427335e-11,7.093853935983591e-13,3.177831670389933e-11,5.4261227633459656e-15,3.3516888601272084e-20,2.0685935307091866e-12,4.552605685863736e-20,3.087960464381971e-23,-16.297316389673046,-5.676284465466427,-999.999,UO2+2,(Hfo_sO)2UO2
5.0,15.8,5.179474679231213e-08,0.0001930697728883,0.0630957344480193,0.0,1e-06,4e-05,5.0,15.601501994988736,4.529026861482989e-08,6.504478158864889e-09,0.0081999999999999,87.44181875516439,849.1386018547672,2.928978584363873,4.529026861482989e-08,8.74645345871338e-10,4.371695212033546e-08,2.5276105776504075e-28,3.3421757974365395e-11,6.652493906487251e-10,1.2163113898085032e-30,3.3264738028719396e-09,1.866599605781924e-09,2.3112624445857928e-11,1.0417785864119203e-09,1.8034523991746602e-13,1.1172875825741872e-18,2.451347902435424e-10,0.0,0.0,-12.143340798971238,-4.155955604253673,-999.999,UO2+2,(Hfo_sO)2UO2
5.0,15.8,5.179474679231213e-08,0.0005179474679231,0.0158489319246111,0.0001,5.623413251903491e-06,0.0002249365300761,5.0,15.6011556975769,5.0408356588680267e-08,1.3863901773701794e-09,0.0461119886656086,97.32329958250196,788.5027525187473,2.896803213710092,5.0408356588680267e-08,9.065555916547403e-10,4.8829773813857285e-08,7.5512956309490635e-28,3.214634727779426e-11,6.398808358904484e-10,3.129218318748236e-30,5.689500945697499e-10,3.1976713878630756e-10,4.008576756512686e-12,4.817343895711264e-10,2.2067223569075242e-13,3.656658942827098e-18,1.1681737620070615e-11,4.9554730394187666e-17,3.3533778839245777e-19,-14.793608997682949,-4.495589065532794,-999.999,UO2+2,(Hfo_sO)2UO2
5.0,15.8,5.179474679231213e-08,0.0013894954943731,0.0158489319246111,0.0001,0.0001778279410038,0.0071131176401556,5.0,15.601158914265488,5.1725760985223433e-08,6.898577402700435e-11,1.4581891162319167,99.8668092589287,514.2016842473458,2.7111334948236263,5.1725760985223433e-08,9.151529868218915e-10,5.0143711577291566e-08,2.0802697021867e-27,3.190074623443847e-11,6.349956748755406e-10,8.330554967468426e-30,1.7854222011985656e-11,1.0034463427612712e-11,1.2578885145754293e-13,4.0554483215023456e-11,4.983646909442084e-14,2.2153912301276722e-18,3.6655975686857147e-13,3.000780162378776e-17,2.0296105031998853e-19,-17.800386252445172,-5.570355902077967,-999.999,UO2CO3,(Hfo_sO)2UO2
5.0,15.8,5.179474679231213e-08,0.0013894954943731,0.2511886431509579,0.0,5.623413251903491e-06,0.0002249365300761,5.0,15.602885790405631,4.954280109493773e-08,2.2519456688025512e-09,0.0461119886656086,95.65217355651086,477.09931906446695,2.678608796716638,4.954280109493773e-08,8.90728718320875e-10,4.7991979563331915e-08,2.04090687426605e-27,3.1575464877318583e-11,6.285173484076304e-10,8.452239491171241e-30,5.58846133057204e-10,3.115958906515093e-10,3.675017787935902e-12,1.2339996237775527e-09,1.639084333055946e-12,7.468885878877833e-17,1.4095231728689868e-10,0.0,0.0,-12.611513818085507,-4.064053225328985,-999.999,UO2CO3,(Hfo_sO)2UO2
5.0,15.8,5.179474679231213e-08,0.0037275937203149,0.001,1e-05,3.1622776601683795e-05,0.0012649110640673,5.0,15.601057673213043,5.102672725818161e-08,7.680194971791353e-10,0.2593067681338071,98.51718642971623,256.2191681405883,2.4086116168461755,5.102672725818161e-08,9.050267056848716e-10,4.9460472486426556e-08,5.513269842523634e-27,3.162962776711657e-11,6.29598438303075e-10,2.2192929345388168e-29,9.95484570630553e-11,5.597450206271244e-11,7.044265285128116e-13,6.096425625871256e-10,2.006025779990486e-12,2.3960037772420045e-16,1.4178477394259333e-13,4.520854154101612e-16,4.2740859684026883e-19,-18.628676826927883,-4.394814478455395,-999.999,UO2CO3,(Hfo_sO)2UO2
5.0,15.8,2.682695795279728e-07,1e-05,0.0039810717055349,1e-05,0.001,0.04,5.0,15.60106595168246,2.682433815423614e-07,2.619749888866656e-11,8.2,99.990234455335,1248.692008507652,3.09645533228914,2.682433815423614e-07,4.745668780235311e-09,2.600395703009195e-07,7.769763585420175e-29,1.6541897678277984e-10,3.292723484423892e-09,3.111169165706328e-31,1.6463623009174585e-11,9.25687846155442e-12,1.1641348860297648e-13,2.700805884868855e-13,2.383757883992191e-18,7.63186197179591e-25,9.037730887548801e-14,1.2809116999167512e-24,1.076483732932861e-27,-19.01880224042582,-7.748106222344418,-999.999,UO2+2,(Hfo_sO)2UO2
5.0,15.8,2.682695795279728e-07,1e-05,0.0630957344480193,0.001,5.623413251903491e-06,0.0002249365300761,5.0,15.601504971921436,2.625503725213379e-07,5.719206550896082e-09,0.0461119886656086,97.86811198768866,995.5498354916082,2.99806300493328,2.625503725213379e-07,5.084758059735546e-09,2.533917578172109e-07,7.58874362756344e-29,1.9487796818512446e-10,3.878978676206241e-09,3.6736247224776093e-31,3.4491978565343502e-09,1.9354377870769997e-09,2.395380227311983e-11,5.592804526174e-11,5.017332714271923e-16,1.6100905396432842e-22,2.534297895616125e-10,1.5782202451957602e-20,7.63869303831013e-22,-12.113932363860489,-5.4259044955580045,-999.999,UO2+2,(Hfo_sO)2UO2
5.0,15.8,2.682695795279728e-07,1e-05,1.0,0.0,5.623413251903491e-06,0.0002249365300761,5.0,15.608337812806042,2.5995597812960496e-07,8.313601112688422e-09,0.0461119886656086,96.90102716342427,678.10472988401,2.831296773657885,2.5995597812960496e-07,5.029805383023267e-09,2.509003081773364e-07,8.414215192793458e-29,1.9258213157058067e-10,3.833282437674699e-09,4.065212380342074e-31,3.4085618016669797e-09,1.8533890775312079e-09,1.8149290512431456e-11,5.053371414755437e-11,6.217216815461758e-16,2.2341299626523865e-22,2.9098674279627223e-09,0.0,0.0,-9.977164462958594,-5.381916407156943,-999.999,UO2+2,(Hfo_sO)2UO2
5.0,15.8,2.682695795279728e-07,1e-05,1.0,1e-05,5.623413251903491e-06,0.0002249365300761,5.0,15.608337847288125,2.599559852283824e-07,8.313594005757351e-09,0.0461119886656086,96.90102980956009,678.1053280837814,2.8312971567767957,2.599559852283824e-07,5.029805533260276e-09,2.509003149947764e-07,8.414231157607472e-29,1.92582137842142e-10,3.833282562503669e-09,4.06522011544448e-31,3.408561912672882e-09,1.8533888435796334e-09,1.814921017711113e-11,5.0533601023361e-11,6.21724027271562e-16,2.234142570178925e-22,2.909861248573392e-09,1.0012335262518764e-22,1.8090714137202468e-26,-9.977164781513444,-5.381915580800818,-999.999,UO2+2,(Hfo_sO)2UO2
5.0,15.8,2.682695795279728e-07,2.6826957952797277e-05,0.0630957344480193,1e-05,5.623413251903491e-06,0.0002249365300761,5.0,15.60150141686302,2.6245786106314377e-07,5.811718155061674e-09,0.0461119886656086,97.83362747462652,979.3573526141917,2.9909411881776147,2.6245786106314377e-07,5.0827967869131926e-09,2.533029219713495e-07,2.034973208909044e-28,1.9479595787590287e-10,3.8773463470051266e-09,9.850382452002534e-31,3.447746282746265e-09,1.934654943173272e-09,2.3955277293990848e-11,1.5003178000727086e-10,3.608878754941091e-15,3.1066389856041854e-21,2.5406404435590886e-10,3.068952301328015e-21,1.4976797429026476e-24,-12.112245162965603,-4.997546204747103,-999.999,UO2+2,(Hfo_sO)2UO2
5.0,15.8,2.682695795279728e-07,2.6826957952797277e-05,0.2511886431509579,0.001,0.0001778279410038,0.0071131176401556,5.0,15.60288436772951,2.680965645457852e-07,1.7301455412092746e-10,1.4581891162319167,99.93550704388774,1062.6610403629072,3.0263947586200226,2.680965645457852e-07,4.754102622398867e-09,2.598697546572013e-07,2.1340717389693886e-28,1.6611580294133162e-10,3.306591463243806e-09,8.586848850981673e-31,9.2971828630816e-11,5.1838650809397336e-11,6.111313294000602e-13,3.962626987417112e-12,1.0168524266359388e-16,8.947695734747863e-23,2.342687280211541e-11,5.925788725150366e-21,1.857631902229151e-22,-14.169867134501931,-6.557195348796967,-999.999,UO2+2,(Hfo_sO)2UO2
5.0,15.8,2.682695795279728e-07,7.196856730011514e-05,0.0039810717055349,0.0001,0.0001778279410038,0.0071131176401556,5.0,15.60106651230864,2.6811217936270655e-07,1.5739963439172402e-10,1.4581891162319167,99.94132761323772,1168.1509626920522,3.0674989712246443,2.6811217936270655e-07,4.754380300149526e-09,2.5988488836447094e-07,5.588166267596647e-28,1.661255340478288e-10,3.3067851640382704e-09,2.2485071493029152e-30,9.297727498528961e-11,5.227750366154474e-11,6.574070474635788e-13,1.0976063038190516e-11,6.971936102093238e-16,1.606355595522116e-21,5.096463947288297e-13,2.6819995136944052e-20,2.2421113950103373e-22,-17.51631545245174,-6.139134894150276,-999.999,UO2+2,(Hfo_sO)2UO2
5.0,15.8,2.682695795279728e-07,0.0001930697728883,0.0630957344480193,0.0,1e-06,4e-05,5.0,15.601501994362422,2.0451357621196454e-07,6.375600294456021e-08,0.0081999999999999,76.23435224068695,391.1895174409976,2.592387208644893,2.0451357621196454e-07,5.735702787376729e-09,1.919385090571021e-07,1.1096902911807862e-27,3.2726244503018997e-10,6.512101922455547e-09,1.1905862389433112e-29,3.258225708121758e-08,1.8283032424964552e-08,2.2638431188288922e-10,1.020356346428044e-08,1.7662838778074272e-12,1.0942087269782925e-17,2.401046270943063e-09,0.0,0.0,-10.161346616649617,-3.164979164570159,-999.999,UO2+2,(Hfo_sO)2UO2
5.0,15.8,2.682695795279728e-07,0.0005179474679231,0.2511886431509579,0.0,5.623413251903491e-06,0.0002249365300761,5.0,15.602882574802882,2.592908074917409e-07,8.978771408909487e-09,0.0461119886656086,96.65307857416028,626.2624214382852,2.7967563528611,2.592908074917409e-07,5.015732652761158e-09,2.502614865284325e-07,3.967155182210501e-27,1.9199486231653736e-10,3.8215934482307e-09,1.915709499557576e-29,3.3981672109025693e-09,1.8947444673772393e-09,2.2347395034813774e-11,2.797050258670922e-09,1.3848893746545665e-12,2.352340860040405e-17,8.570927702719211e-10,0.0,0.0,-11.04355475851402,-3.708670085868185,-999.999,UO2+2,(Hfo_sO)2UO2
5.0,15.8,2.682695795279728e-07,0.0005179474679231,1.0,1e-05,0.001,0.04,5.0,15.60833972329536,2.682170254141352e-07,5.2553615621205346e-11,8.2,99.98040996152824,622.4004372781728,2.794069889102826,2.682170254141352e-07,4.745202262589281e-09,2.600140208174396e-07,4.516433379997758e-27,1.6540270692502322e-10,3.29239962718137e-09,1.8084703179072167e-29,1.6462003722819164e-11,8.951056555621579e-12,8.765179020313511e-14,1.2640854157326731e-11,8.055275125568267e-15,1.4992678201833458e-19,1.40534849214345e-11,6.718447746661907e-20,1.213817939470131e-23,-14.609368495657506,-5.983718463111975,-999.999,UO2+2,(Hfo_sO)2UO2
5.0,15.8,2.682695795279728e-07,0.0013894954943731,0.001,1e-05,1e-06,4e-05,5.0,15.601049041654322,1.7590960787262604e-07,9.235997104981124e-08,0.0081999999999999,65.5719549649064,232.2693582527128,2.365991920004662,1.7590960787262604e-07,4.57666924491524e-09,1.663063919230695e-07,6.9103072955413e-27,2.4049915597702237e-10,4.786047548664319e-09,6.288765894336711e-29,2.394198300479329e-08,1.3462728484207669e-08,1.6943404212730302e-10,5.4656668066989187e-08,6.704045547479012e-11,2.9848696853250627e-15,3.4124357364260456e-11,5.654438406641353e-15,5.367205154882562e-18,-13.865580028037389,-2.442251462787878,-999.999,UO2CO3,(Hfo_sO)2UO2
5.0,15.8,2.682695795279728e-07,0.0013894954943731,0.0039810717055349,0.0,1e-06,4e-05,5.0,15.601071008266974,1.7590484979578695e-07,9.236472912877896e-08,0.0081999999999999,65.57018134717177,232.2511109278161,2.365957800033457,1.7590484979578695e-07,4.5764896861843985e-09,1.663020772874695e-07,6.903949251190259e-27,2.404865273572761e-10,4.785796294775713e-09,6.282812880658246e-29,2.3940725501777657e-08,1.346065963324232e-08,1.6927546083550817e-10,5.456772524760255e-08,6.691710434352942e-11,2.9767136302718785e-15,1.3142343093054446e-10,0.0,0.0,-12.693734652540998,-2.4426627765270617,-999.999,UO2CO3,(Hfo_sO)2UO2
5.0,15.8,2.682695795279728e-07,0.0013894954943731,0.0039810717055349,0.01,0.001,0.04,5.0,15.601107873768244,2.682063428996179e-07,6.323571750811669e-11,8.2,99.97642795412506,517.2407602288388,2.713692741353296,2.682063428996179e-07,4.745013176353136e-09,2.6000366524749615e-07,1.0771962358493031e-26,1.6539611252091663e-10,3.292268363247657e-09,4.3133091396378585e-29,1.6461347428099548e-11,9.253812289464796e-12,1.158183117629811e-13,3.727193823557448e-11,4.5824326951048345e-14,2.034283384302598e-18,8.270500713998948e-14,2.552708685393953e-15,1.5965859382047172e-15,-19.089085003856063,-5.606219261980652,-999.999,UO2CO3,(Hfo_sO)2UO2
5.0,15.8,2.682695795279728e-07,0.0037275937203149,0.001,0.001,3.1622776601683795e-05,0.0012649110640673,5.0,15.60106132177161,2.641924401898416e-07,4.077138282171127e-09,0.2593067681338071,98.48020810063332,249.89127469419117,2.397751092387673,2.641924401898416e-07,4.745801288523188e-09,2.5593284656812336e-07,2.8502736713177556e-26,1.6808180888835218e-10,3.345710524306676e-09,1.178281059380792e-28,5.29009022027001e-10,2.9744829745441207e-10,3.741551760593458e-12,3.2353068290520086e-09,1.0641041745579772e-11,1.2698273623133532e-15,7.353755900875582e-13,2.1936790078109985e-13,1.8979874620181102e-14,-17.197958901030653,-3.669776387113904,-999.999,UO2CO3,(Hfo_sO)2UO2
5.0,15.8,2.682695795279728e-07,0.01,0.2511886431509579,0.0,0.001,0.04,5.0,15.602917552429384,2.67975836516642e-07,2.937419366494636e-10,8.2,99.89050453955768,111.2540498498984,2.0463158290502794,2.67975836516642e-07,4.740933091515617e-09,2.597802136421293e-07,7.949940352178711e-26,1.6525381915995038e-10,3.289435963837021e-09,3.1833122233686193e-28,1.6447185431166178e-11,9.169117457849196e-12,1.0812125425280818e-13,2.613346409399684e-10,2.4980848753914117e-12,8.191529328552234e-16,4.147978238906223e-12,0.0,0.0,-15.67444865776423,-4.738150610604404,-999.999,UO2CO3,(Hfo_sO)2UO2
5.0,15.8,1.389495494373136e-06,2.6826957952797277e-05,0.0158489319246111,0.01,0.001,0.04,5.0,15.601190301418756,1.389355713549108e-06,1.397669971111239e-10,8.2,99.98994017435868,1212.2577368449788,3.0835949645412097,1.389355713549108e-06,2.46317004377801e-08,1.3467355804139578e-06,1.0780891591858229e-27,8.604706640346301e-10,1.7127962033335522e-08,4.3358878094820056e-30,8.563996138716974e-11,4.8124575551063325e-11,6.004588120559437e-13,3.736583302847476e-12,8.900638291426333e-17,7.634726732095592e-23,1.6633307146806514e-12,8.746991570427492e-20,4.98138123176469e-20,-16.480472770244127,-6.603951192435108,-999.999,UO2+2,(Hfo_sO)2UO2
5.0,15.8,1.389495494373136e-06,7.196856730011514e-05,0.001,0.0,5.623413251903491e-06,0.0002249365300761,5.0,15.60104413450749,1.314806903428622e-06,7.4688576910791e-08,0.0461119886656086,94.62476911605896,381.7630913050159,2.581793938679463,1.314806903428622e-06,3.9967268414335446e-08,1.2227219294504036e-06,2.6315294484174983e-27,2.494105086068946e-09,4.962360047781401e-08,3.3772935043337634e-29,4.4162255064999734e-08,2.4833276545434293e-08,3.1254765429290747e-10,5.22193198125956e-09,3.317510513786371e-13,7.650553226470124e-19,6.288160718368733e-11,0.0,0.0,-13.333008367746457,-3.46206822518071,-999.999,UO2+2,(Hfo_sO)2UO2
5.0,15.8,1.389495494373136e-06,7.196856730011514e-05,0.0158489319246111,0.0001,3.1622776601683795e-05,0.0012649110640673,5.0,15.601154044216422,1.3840412826152551e-06,5.454197202088406e-09,0.2593067681338071,99.6074681940339,978.5980716472563,2.990604355636284,1.3840412826152551e-06,2.6646456058170195e-08,1.3361782966160228e-06,2.8711719131368414e-27,1.0149164107665323e-09,2.0201613530295763e-08,1.3727164628309288e-29,3.194364780381853e-09,1.795343164875125e-09,2.2506514639136735e-11,3.758175884887726e-10,2.3920710560506823e-14,5.507682032599964e-20,6.55812185467269e-11,7.465964056349644e-19,5.053598543248217e-21,-13.294928529436866,-4.603420707486132,-999.999,UO2+2,(Hfo_sO)2UO2
5.0,15.8,1.389495494373136e-06,7.196856730011514e-05,0.0630957344480193,0.001,5.623413251903491e-06,0.0002249365300761,5.0,15.601505195074234,1.3121236735962643e-06,7.737180741370398e-08,0.0461119886656086,94.43166090928726,367.77158940365706,2.5655781766644616,1.3121236735962643e-06,3.9832308152220874e-08,1.2204274996540635e-06,2.6302883008168407e-27,2.48195231549918e-09,4.9381913474480514e-08,3.3655750735035644e-29,4.3946973286201684e-08,2.4659804642890176e-08,3.0519987582214246e-10,5.1280753374923795e-09,3.3106380818514697e-13,7.645450391983703e-19,3.2289212257249957e-09,7.493980026249216e-17,3.627070912908749e-18,-9.903514956060734,-3.463579661944369,-999.999,UO2+2,(Hfo_sO)2UO2
5.0,15.8,1.389495494373136e-06,0.0001930697728883,0.0039810717055349,0.0,0.0001778279410038,0.0071131176401556,5.0,15.601066585294497,1.3885621725591878e-06,9.333052241131587e-10,1.4581891162319167,99.9328301662202,1020.299751333207,3.0087277808064283,1.3885621725591878e-06,2.4917504960791824e-08,1.3452157214798416e-06,7.760243531615685e-27,8.815459847249417e-10,1.7547400133829644e-08,3.2010775505071346e-29,4.933864089702524e-10,2.7741188517552555e-10,3.488704751833176e-12,1.5626865342762315e-10,2.6628948301922e-14,1.646028804174685e-19,2.7078564423315536e-12,0.0,0.0,-16.065376618964727,-4.98572940171184,-999.999,UO2+2,(Hfo_sO)2UO2
5.0,15.8,1.389495494373136e-06,0.0001930697728883,0.2511886431509579,0.0001,0.0001778279410038,0.0071131176401556,5.0,15.602881730803642,1.3884469084915428e-06,1.048571509590524e-09,1.4581891162319167,99.9245347764106,908.0659099899228,2.9581173719859337,1.3884469084915428e-06,2.491540593952212e-08,1.345104132557311e-06,7.948421153581527e-27,8.81470590704647e-10,1.7545899404004952e-08,3.2786918309151333e-29,4.933442112086043e-10,2.750791205626123e-10,3.244271093198553e-12,1.5136550680650763e-10,2.7938299178169207e-14,1.7689881643622234e-19,1.2441976129238612e-10,1.1736610121971142e-18,3.68733289661561e-21,-12.719779487225416,-4.975324999825515,-999.999,UO2+2,(Hfo_sO)2UO2
5.0,15.8,1.389495494373136e-06,0.0001930697728883,1.0,0.001,5.623413251903491e-06,0.0002249365300761,5.0,15.60834193171866,1.2775966221418455e-06,1.118988626278471e-07,0.0461119886656086,91.94679848301536,247.60204668533524,2.3937542302530623,1.2775966221418455e-06,3.812436170432311e-08,1.1907749816248552e-06,7.71102973325146e-27,2.3303538630175062e-09,4.636692494964942e-08,9.494912584814243e-29,4.126154336081587e-08,2.243534008622045e-08,2.1960252670743236e-10,1.1807164977191912e-08,2.8061496050508107e-12,1.9471234950587486e-17,3.5217083505065934e-08,8.723386213679243e-16,1.5750494403959784e-17,-7.811259925156978,-3.0131718552929625,-999.999,UO2+2,(Hfo_sO)2UO2
5.0,15.8,1.389495494373136e-06,0.0013894954943731,0.2511886431509579,0.0,5.623413251903491e-06,0.0002249365300761,5.0,15.602885787280606,1.235529396831921e-06,1.539660772919803e-07,0.0461119886656086,88.91928054716895,174.0260190416709,2.2406141855322588,1.235529396831921e-06,3.6113636521133386e-08,1.1543376764678516e-06,4.90864158354571e-26,2.157096793605557e-09,4.2920987049330574e-08,5.771625614880658e-28,3.819263171493444e-08,2.1295069542134023e-08,2.5115789160220506e-10,8.43288785224652e-08,1.1200476204879576e-10,5.103462630870906e-15,9.632921633323858e-09,0.0,0.0,-8.942138976816775,-2.2293919636048054,-999.999,UO2CO3,(Hfo_sO)2UO2
5.0,15.8,1.389495494373136e-06,0.0013894954943731,0.2511886431509579,0.0,0.0001778279410038,0.0071131176401556,5.0,15.602885786565004,1.3875088604467044e-06,1.9866111853109503e-09,1.4581891162319167,99.85702480256492,478.970798372481,2.680309036395181,1.3875088604467044e-06,2.4898323773941395e-08,1.344195993268273e-06,5.716327764443214e-26,8.808570296556801e-10,1.7533686374834465e-08,2.357912908686237e-28,4.930008126798007e-10,2.748825140750174e-10,3.242014079439887e-12,1.0886053503539074e-09,1.4459613586322386e-12,6.588874161225655e-17,1.2434430229341254e-10,0.0,0.0,-12.720402826377054,-4.118497838818495,-999.999,UO2CO3,(Hfo_sO)2UO2
5.0,15.8,1.389495494373136e-06,0.0037275937203149,1.0,0.0,1e-06,4e-05,5.0,15.608351543074594,3.437944166891991e-07,1.045701071830603e-06,0.0081999999999999,24.742391614900505,40.093817923831466,1.603077413803617,3.437944166891991e-07,1.4426131697363676e-08,3.019169584859803e-07,3.773365064326456e-26,1.3148011046226916e-09,2.6136525401232448e-08,1.032973471585504e-27,1.310334825240275e-07,7.124432064775395e-08,6.976039228255871e-10,7.239595451571643e-07,3.31944071437665e-09,4.445352790128009e-13,1.118628424880716e-07,0.0,0.0,-6.807737826974352,-1.2257763999631326,-999.999,UO2CO3,(Hfo_sO)2UO2
5.0,15.8,1.389495494373136e-06,0.0037275937203149,1.0,0.0001,0.0001778279410038,0.0071131176401556,5.0,15.608351884499696,1.385569285837921e-06,3.926184496822194e-09,1.4581891162319167,99.7174363967991,242.01578420405383,2.3838436914728964,1.385569285837921e-06,2.486300455674839e-08,1.3423182573982138e-06,1.6779912549079875e-25,8.795884660699143e-10,1.750843541688896e-08,6.921202156205865e-28,4.922908159278737e-10,2.676634164068401e-10,2.6207710264502348e-12,2.720374582137487e-09,1.2476424001367169e-11,1.6711842013589124e-15,4.202577523488297e-10,7.484856760488963e-15,1.3514981156044429e-17,-11.65806237391538,-3.650844070383787,-999.999,UO2CO3,(Hfo_sO)2UO2
5.0,15.8,1.389495494373136e-06,0.01,0.0630957344480193,0.0001,3.1622776601683795e-05,0.0012649110640673,5.0,15.601538545014629,1.3344011424657868e-06,5.509432209232398e-08,0.2593067681338071,96.03493842689971,93.40405030705972,1.9703657090766344,1.3344011424657868e-06,2.56096047706378e-08,1.2884682932990898e-06,3.8580847127828787e-25,9.721838226248026e-10,1.935106057343453e-08,1.832326218120037e-27,3.059863337261609e-09,1.7167062653221663e-09,2.125094141402672e-11,4.9623600650101446e-08,4.4493654372364846e-10,1.4275656857324828e-13,2.253483032146253e-10,1.4044121351452473e-12,6.824663869904458e-15,-12.216941161580516,-2.4779999465552933,-999.999,UO2CO3,(Hfo_sO)2UO2
5.0,15.8,7.196856730011529e-06,1e-05,0.001,0.01,5.623413251903491e-06,0.0002249365300761,5.0,15.601080808055311,4.4704200527513164e-06,2.7264363399982627e-06,0.0461119886656086,62.11628521253271,35.55814678798897,1.5509391184195749,4.4704200527513164e-06,3.308529611197285e-07,2.291127982113727e-06,6.812543315229664e-28,8.979039786483867e-08,1.758648711653022e-06,1.6536325995091267e-28,1.6150676825959443e-06,9.080299286105484e-07,1.1373903384056691e-08,2.626337832744161e-08,2.3158508263328177e-13,7.378541229142855e-20,2.0443947238289315e-09,9.529780603780808e-17,6.138966055774624e-17,-10.298263019782,-2.7585493458791053,-999.999,UO2+2,(Hfo_sO)2UO2
5.0,15.8,7.196856730011529e-06,1e-05,0.0039810717055349,0.0001,3.1622776601683795e-05,0.0012649110640673,5.0,15.601066247400526,7.132228125902983e-06,6.46281230218358e-08,0.2593067681338071,99.1019884578355,425.5884472277456,2.6289898303458767,7.132228125902983e-06,2.1185597530072158e-07,6.651144069436741e-06,1.9870723595690037e-27,1.2883521546834704e-08,2.563445596186855e-07,2.4218176058523613e-29,4.056533934907488e-08,2.280833960531064e-08,2.8682323546700915e-10,6.653567129273502e-10,5.8720503092449816e-15,1.8797803045438063e-21,2.2181483361874808e-10,3.1391453848662354e-20,2.6248099707691395e-22,-12.236712748781166,-4.356527559403997,-999.999,UO2+2,(Hfo_sO)2UO2
5.0,15.8,7.196856730011529e-06,2.6826957952797277e-05,0.001,1e-05,0.001,0.04,5.0,15.601043973568784,7.196123687979156e-06,7.325527177600368e-10,8.2,99.98981441398831,1197.9698364822966,3.078445883149944,7.196123687979156e-06,1.2898338520343773e-07,6.9718601269855e-06,5.5935111773558225e-27,4.557711724078784e-09,9.072246406613981e-08,2.3017104111297766e-29,4.5361656985627525e-10,2.550774197819549e-10,3.210355150565732e-12,1.9995060119365688e-11,4.735442851043638e-16,4.070956338400742e-22,6.403016968180633e-13,7.732721921970584e-22,7.359804871343083e-25,-17.309945308205215,-5.878975245004428,-999.999,UO2+2,(Hfo_sO)2UO2
5.0,15.8,7.196856730011529e-06,2.6826957952797277e-05,0.001,0.01,0.001,0.04,5.0,15.60108084401523,7.19612397014258e-06,7.322708318339091e-10,8.2,99.98981833463638,1198.431039130718,3.0786130486436307,7.19612397014258e-06,1.2898339032981866e-07,6.971860400182468e-06,5.575983269336632e-27,4.557711907768967e-09,9.072246772252467e-08,2.2944977404558405e-29,4.53616588121052e-10,2.5503412293856274e-10,3.1945387589064987e-12,1.9840938591132228e-11,4.705811066341283e-16,4.032805402126769e-22,5.716458193481974e-13,5.208852048134848e-19,3.3556548412430155e-19,-17.401253389691252,-5.880338292794942,-999.999,UO2+2,(Hfo_sO)2UO2
5.0,15.8,7.196856730011529e-06,7.196856730011514e-05,0.0630957344480193,0.0,1e-06,4e-05,5.0,15.601501562394809,1.101591844813805e-06,6.0952647956816415e-06,0.0081999999999999,15.306569050069728,22.04013662784749,1.343214282400089,1.101591844813805e-06,8.159501362993547e-08,4.130362435400672e-07,8.857821659464061e-28,2.9875786821640634e-08,5.770848008221615e-07,3.913617757437356e-28,3.064143399582554e-06,1.719400360543819e-06,2.128999560371077e-08,3.559413856877516e-07,2.2855284186600192e-11,5.252008201208509e-17,2.2579643730741615e-07,0.0,0.0,-6.214687784016725,-1.6223521440799011,-999.999,UO2+2,(Hfo_wO)2UO2
5.0,15.8,7.196856730011529e-06,7.196856730011514e-05,0.0630957344480193,0.001,0.001,0.04,5.0,15.601505164565513,7.196058596201099e-06,7.976588205689305e-10,8.2,99.988909966665,1100.1797997570102,3.041463666668463,7.196058596201099e-06,1.289822025887489e-07,6.971797103710967e-06,1.5026798486894188e-26,4.557669347542654e-09,9.072162055384053e-08,6.183473761100626e-29,4.5361235131316227e-10,2.545338780385301e-10,3.1502193325999625e-12,5.2934774723374623e-11,3.417655762884953e-15,7.893144253022816e-21,3.332415976200638e-11,7.736907678627528e-19,3.74471925918747e-20,-13.875997996647868,-5.44979340578584,-999.999,UO2+2,(Hfo_sO)2UO2
5.0,15.8,7.196856730011529e-06,7.196856730011514e-05,0.2511886431509579,0.01,3.1622776601683795e-05,0.0012649110640673,5.0,15.602916964813527,7.118824740592559e-06,7.803157022774906e-08,0.2593067681338071,98.91574902285367,351.8228986557025,2.546324102421546,7.118824740592559e-06,2.112092710191307e-07,6.639560775763416e-06,1.465031661494418e-26,1.2827348660736982e-08,2.552273451492754e-07,1.7808808459594583e-28,4.038839864779922e-08,2.251613048419229e-08,2.6434520600277267e-10,4.606858293058084e-09,3.18912802579098e-13,7.540143549046715e-19,1.0091066794153022e-08,4.906159466011951e-16,1.5050269109487323e-16,-8.89885962050737,-3.4900357058224367,-999.999,UO2+2,(Hfo_sO)2UO2
5.0,15.8,7.196856730011529e-06,0.0001930697728883,0.0158489319246111,0.0,3.1622776601683795e-05,0.0012649110640673,5.0,15.601154098080364,7.119799811088592e-06,7.70564059899911e-08,0.2593067681338071,98.92929758346304,356.32408712235053,2.5518451811799263,7.119799811088592e-06,2.1125627255313586e-07,6.640403636094488e-06,3.827723251188282e-26,1.2831427797192307e-08,2.55308474643775e-07,4.653838225163787e-28,4.0401248124700043e-08,2.2706889058600417e-08,2.8466775477492497e-10,1.2751421907606741e-08,2.1771426474352e-12,1.3447233208825884e-17,8.297017695542147e-10,0.0,0.0,-11.090338329833669,-3.072859166384857,-999.999,UO2+2,(Hfo_sO)2UO2
5.0,15.8,7.196856730011529e-06,0.0001930697728883,0.0158489319246111,0.001,0.0001778279410038,0.0071131176401556,5.0,15.60115777378383,7.191309983038431e-06,5.546230301783463e-09,1.4581891162319167,99.92292820072451,889.1934560150211,2.948996257865208,7.191309983038431e-06,1.3752779460249933e-07,6.945047515840523e-06,4.002973446463117e-26,5.201430157610346e-09,1.0353324243779825e-07,1.8870669272201613e-28,2.911224996409987e-09,1.6361807400272019e-09,2.0502438499992364e-11,9.183368181386673e-10,1.5685224795508032e-13,9.68719930652736e-19,5.935845858060897e-11,1.286853191971764e-16,8.532543484402509e-18,-13.380520831553875,-4.215216740607247,-999.999,UO2+2,(Hfo_sO)2UO2
5.0,15.8,7.196856730011529e-06,0.0001930697728883,0.2511886431509579,0.0,5.623413251903491e-06,0.0002249365300761,5.0,15.60288136657429,4.161879118006473e-06,3.034977330886984e-06,0.0461119886656086,57.829122825956354,29.73857525087786,1.4733201580156683,4.161879118006473e-06,3.0432708735259244e-07,2.2759866969454145e-06,1.341957291526659e-26,7.665509805800486e-08,1.5049102356504605e-06,2.805947694908792e-27,1.3755662793572594e-06,7.669902443204386e-07,9.046263043779336e-09,4.211352058884138e-07,7.755672668543254e-11,4.899913872224359e-16,3.469417608024082e-07,0.0,0.0,-5.82906090134788,-1.5309495039037753,-999.999,UO2+2,(Hfo_sO)2UO2
5.0,15.8,7.196856730011529e-06,0.0005179474679231,0.001,0.001,1e-06,4e-05,5.0,15.60104948894822,9.671113852789268e-07,6.229745260381397e-06,0.0081999999999999,13.437969124020308,18.93181950615955,1.27719235530089,9.671113852789268e-07,7.224571188555624e-08,4.11882212977231e-07,6.3489609237588516e-27,2.36334655268774e-08,4.593499948892624e-07,2.23909918832111e-27,2.408913034886286e-06,1.3545442464726424e-06,1.7039750638898776e-08,2.039147790305077e-06,9.282829097981875e-10,1.5332394023865498e-14,3.347861073092311e-09,2.6574904905700805e-12,2.3069141425750213e-13,-9.880546006821302,-0.8702492617144175,-999.999,UO2+2,(Hfo_wO)2UO2
5.0,15.8,7.196856730011529e-06,0.0005179474679231,0.0158489319246111,0.0,1e-06,4e-05,5.0,15.601155341416932,9.64513223241285e-07,6.232343422803148e-06,0.0081999999999999,13.40186777957076,18.873087670289,1.2758429573176029,9.64513223241285e-07,7.20565275695685e-08,4.118450023077125e-07,6.344223535376204e-27,2.3514761494234595e-08,4.5709693186976966e-07,2.2266552586493963e-27,2.396529990199321e-06,1.3469244529816298e-06,1.6885724356597302e-08,2.0213598417902544e-06,9.223000264344447e-10,1.5223583637702662e-14,4.923854672562448e-08,0.0,0.0,-7.5440326438384435,-0.8727724553938669,-999.999,UO2+2,(Hfo_wO)2UO2
5.0,15.8,7.196856730011529e-06,0.0013894954943731,0.0158489319246111,1e-05,0.001,0.04,5.0,15.60115856544522,7.195103540121611e-06,1.752514481703112e-09,8.2,99.97563950547178,500.68154094888047,2.699561580190962,7.195103540121611e-06,1.289648508636723e-07,6.970872397316594e-06,2.891986598604944e-25,4.557047589484706e-09,9.070924435186e-08,1.1900376240970872e-27,4.535504817797053e-10,2.5490570408408777e-10,3.1955557850286297e-12,1.030262052988562e-09,1.2660297724779185e-12,5.627986693888923e-17,9.315116605822448e-12,7.639469437987882e-17,5.1782887286097303e-20,-14.990093210579555,-4.165465224272868,-999.999,UO2CO3,(Hfo_sO)2UO2
5.0,15.8,7.196856730011529e-06,0.0037275937203149,0.2511886431509579,0.0,0.001,0.04,5.0,15.602894403347936,7.1933359017006605e-06,3.520089682591784e-09,8.2,99.95107824925589,249.20844770277463,2.396562760011677,7.1933359017006605e-06,1.2893273600643732e-07,6.969160930519739e-06,7.950519672230864e-25,4.5558968328594295e-09,9.068633834162447e-08,3.271575068223987e-27,4.534359535703966e-10,2.5281229925858337e-10,2.981557812553927e-12,2.68592429174383e-09,9.570750603026652e-12,1.169933084781972e-15,1.1436190961440288e-10,0.0,0.0,-12.793210705212688,-3.726269023801676,-999.999,UO2CO3,(Hfo_sO)2UO2
5.0,15.8,7.196856730011529e-06,0.01,0.0158489319246111,0.0,1e-06,4e-05,5.0,15.601190331011642,4.667687347612318e-07,6.73008794150863e-06,0.0081999999999999,6.485730538649809,8.457989988989146,0.9272671667733616,4.667687347612318e-07,2.663864355818933e-08,3.625549643463698e-07,1.0816947574893358e-25,3.7242012855154752e-09,7.385092557115721e-08,6.967657771418539e-27,3.720663252401536e-07,2.090791640821286e-07,2.620574543523662e-09,6.0778028205974845e-06,5.3713333058473486e-08,1.717168729199062e-11,7.639178881800268e-09,0.0,0.0,-9.163153083633553,-0.3946487663515636,-999.999,UO2CO3,(Hfo_sO)2UO2
5.0,15.8,7.196856730011529e-06,0.01,0.0158489319246111,0.0,5.623413251903491e-06,0.0002249365300761,5.0,15.601190329626316,2.380769641297244e-06,4.816086809157449e-06,0.0461119886656086,33.08068689722868,10.720356236090732,1.0302092171476012,2.380769641297244e-06,1.2375393156536884e-07,1.9441389734639373e-06,5.801422878488586e-25,1.5005134675483838e-08,2.978716015924544e-07,2.810841243585088e-26,2.662935974573582e-07,1.4964117775525049e-07,1.8755857218055203e-09,4.350742186459131e-06,3.8456978401962315e-08,1.2296524378963631e-11,5.4674092357929745e-09,0.0,0.0,-9.453671440162172,-0.5398320584511769,-999.999,UO2CO3,(Hfo_sO)2UO2
5.0,15.8,7.196856730011529e-06,0.01,0.0630957344480193,0.0001,5.623413251903491e-06,0.0002249365300761,5.0,15.60153854614572,2.3832352482223604e-06,4.813621204788968e-06,0.0461119886656086,33.11494639436212,10.736955409503324,1.0308811494916297,2.3832352482223604e-06,1.2401088088783553e-07,1.9452290632180954e-06,5.8220967265470605e-25,1.5058919177833095e-08,2.989363849385965e-07,2.8293550201220243e-26,2.6725070300054096e-07,1.4993838067081325e-07,1.856072524038781e-09,4.332271730530179e-06,3.882721046198808e-08,1.245216470801019e-11,1.9682038831454648e-08,1.2250176106357492e-10,5.952891587290746e-13,-8.334507923586076,-0.5369724769488275,-999.999,UO2CO3,(Hfo_sO)2UO2
5.0,15.8,3.727593720314938e-05,1e-05,0.001,0.0,0.001,0.04,5.0,15.601043769473325,3.727170975169194e-05,4.204051503852222e-09,8.2,99.98865903375038,1081.1785853143017,3.033897435128857,3.727170975169194e-05,7.08286538082878e-07,3.600714261337665e-05,1.0768630244150038e-26,2.661016216485704e-08,5.296704380675606e-07,5.0093057594531004e-29,2.648497657918065e-09,1.4893031444174982e-09,1.874424860826232e-11,4.351838956941836e-11,3.841874781910016e-16,1.2311614603584957e-22,3.633134577129094e-12,0.0,0.0,-15.776809324779762,-5.5412286004829845,-999.999,UO2+2,(Hfo_sO)2UO2
5.0,15.8,3.727593720314938e-05,1e-05,0.0630957344480193,0.01,5.623413251903491e-06,0.0002249365300761,5.0,15.601537920207408,1.2062201419601e-05,2.521372648209972e-05,0.0461119886656086,32.35921703018076,10.37470332631622,1.01597568653247,1.2062201419601e-05,7.754865327610904e-07,2.27360009809835e-06,6.7177172682699185e-28,4.657609330636188e-07,8.54735385567794e-06,7.986184258647386e-28,8.941380028323888e-06,5.016487859055166e-06,6.182287846722802e-08,1.4245130776463412e-07,1.2659595758351494e-12,4.007997854509949e-19,6.41297663352091e-07,3.688906250469795e-16,1.6696367709167707e-16,-5.303271514728738,-2.01808780404434,-999.999,UO2+2,(Hfo_wO)2UO2
5.0,15.8,3.727593720314938e-05,7.196856730011514e-05,0.2511886431509579,0.0,5.623413251903491e-06,0.0002249365300761,5.0,15.602880959875192,1.1714364315715376e-05,2.556156441239462e-05,0.0461119886656086,31.426075894144518,9.93842224201038,0.9973174441583178,1.1714364315715376e-05,7.593169879695357e-07,2.2781740450373404e-06,4.950734057922951e-27,4.4704881528616993e-07,8.22982446742233e-06,5.6555294767744e-27,8.555185605612304e-06,4.770221752269661e-06,5.6262257784562637e-08,9.65342861434133e-07,6.552315968371344e-11,1.5257294527260952e-16,2.1577005284863946e-06,0.0,0.0,-4.241562824337208,-1.170687865990396,-999.999,UO2+2,(Hfo_wO)2UO2
5.0,15.8,3.727593720314938e-05,7.196856730011514e-05,0.2511886431509579,1e-05,1e-06,4e-05,5.0,15.602881042709864,2.3615774357146925e-06,3.491435798416247e-05,0.0081999999999999,6.335393857019287,8.248676615750117,0.9163842776918582,2.3615774357146925e-06,1.4770374697430006e-07,4.0136541437806557e-07,8.697922182876782e-28,9.465521396223449e-08,1.7178530604000925e-06,1.1772307135289084e-27,1.0332682956305951e-05,5.761320965720479e-06,6.795126466263291e-08,1.1626665598959167e-06,7.869809981470127e-11,1.8274260755232106e-16,2.606040331276828e-06,1.212649177665112e-16,3.8106322809922184e-20,-4.077604523727356,-1.0899113248893704,-999.999,UO2+2,(Hfo_wO)2UO2
5.0,15.8,3.727593720314938e-05,0.0001930697728883,0.0158489319246111,0.0001,5.623413251903491e-06,0.0002249365300761,5.0,15.601154531147849,1.1710756069735192e-05,2.5565172251322066e-05,0.0461119886656086,31.41639606782514,9.933958909865751,0.9971223592775385,1.1710756069735192e-05,7.591481525084857e-07,2.278221037418886e-06,1.2951891069237936e-26,4.468553775880108e-07,8.22653150221981e-06,1.4789520387361864e-26,8.551205213450545e-06,4.806061442826067e-06,6.024857115900225e-08,2.661706083909753e-06,4.4823109292288577e-10,2.7304819169485067e-15,1.7547252067231187e-07,3.7001621619220626e-14,2.5037885778762327e-16,-6.4397178839508165,-0.7532353458740388,-999.999,UO2+2,(Hfo_wO)2UO2
5.0,15.8,3.727593720314938e-05,0.0001930697728883,0.2511886431509579,0.0001,3.1622776601683795e-05,0.0012649110640673,5.0,15.602881645272678,3.143717287136401e-05,5.838745537203479e-06,0.2593067681338071,84.33637147749013,20.763955168218533,1.3173100825157924,3.143717287136401e-05,2.3461707890002705e-06,1.3035861836534348e-05,7.672120120267925e-26,7.865374276809674e-07,1.526860281814843e-05,2.841678509846707e-26,2.5383395761679034e-06,1.4153292517990576e-06,1.6692365497444075e-08,7.756718080914491e-07,1.4259392093051606e-10,8.992421515397802e-16,6.400908525719558e-07,5.966224158882717e-15,1.8744554274612165e-17,-5.296976086135871,-1.2656746339419025,-999.999,UO2+2,(Hfo_wO)2UO2
5.0,15.8,3.727593720314938e-05,0.0001930697728883,1.0,0.01,1e-06,4e-05,5.0,15.608373052398642,2.1938434761975325e-06,3.5082092382934866e-05,0.0081999999999999,5.88541466909698,7.626166775368966,0.8823062985550761,2.1938434761975325e-06,1.401485146556217e-07,4.036578526889529e-07,2.583159420297026e-27,8.546907783615471e-08,1.5645680310168032e-06,3.1661556120900302e-27,9.249827060600564e-06,5.028732802980408e-06,4.903190902826591e-08,2.605953798945143e-06,6.143406049278134e-10,4.212568976068631e-15,7.879652374405478e-06,1.882606772524163e-12,3.37806112056346e-13,-3.1103810303351835,-0.6677285829749415,-999.999,UO2+2,(Hfo_wO)2UO2
5.0,15.8,3.727593720314938e-05,0.0005179474679231,0.0630957344480193,1e-05,0.001,0.04,5.0,15.601503106330842,3.726934098525517e-05,6.574688830163954e-09,8.2,99.98230435399044,691.2937936645077,2.8396626578670183,3.726934098525517e-05,7.082381736113956e-07,3.6004862960348494e-05,5.584582575653664e-25,2.660821285389256e-08,5.296316384413871e-07,2.5977866175184345e-27,2.648303505671231e-09,1.4860471698132984e-09,1.840040533981069e-11,2.224985913509168e-09,1.033301035929597e-12,1.7173405295542113e-17,1.9505159401145148e-10,1.6963451312989893e-17,8.277552987723953e-21,-12.341401100891758,-3.826402689894671,-999.999,UO2+2,(Hfo_sO)2UO2
5.0,15.8,3.727593720314938e-05,0.0013894954943731,0.0630957344480193,0.0,5.623413251903491e-06,0.0002249365300761,5.0,15.60150643143134,9.452290996996827e-06,2.7823640183846463e-05,0.0461119886656086,25.35762131340381,7.367315736261626,0.8673092825300347,9.452290996996827e-06,6.481720828817419e-07,2.3052212286751605e-06,9.496938984087574e-26,3.2848910761944773e-07,6.170408577820477e-06,8.038684048246599e-26,6.160814149166427e-06,3.456975463820595e-06,4.280370483826948e-08,1.3747889077374584e-05,1.6958216781474597e-08,7.486024085914863e-13,4.5393534628179437e-07,0.0,0.0,-5.608147122859691,-0.035490854765027,-999.999,UO2CO3,(Hfo_wO)2UO2
5.0,15.8,3.727593720314938e-05,0.0013894954943731,1.0,0.0,0.001,0.04,5.0,15.608342778676882,3.726403831060519e-05,1.1882618110679845e-08,8.2,99.96807889100322,382.4405424460336,2.5825639255164208,3.726403831060519e-05,7.081299059882167e-07,3.599975977276728e-05,1.677498246645783e-24,2.6603849180195658e-08,5.295447826694975e-07,7.803063941273112e-27,2.647868806125695e-09,1.4397329965182672e-09,1.4098214660958588e-11,5.454508230966709e-09,9.32441099278822e-12,4.65568812254867e-16,2.260394499181294e-09,0.0,0.0,-10.196584224782889,-3.34874106448635,-999.999,UO2CO3,(Hfo_sO)2UO2
5.0,15.8,0.0001930697728883,1e-05,0.001,0.01,3.1622776601683795e-05,0.0012649110640673,5.0,15.601080834144314,0.0001040558045656,8.901344059319491e-05,0.2593067681338071,53.89544049747409,4.508134567641368,0.6539968712409355,0.0001040558045656,5.896573524729753e-06,1.2263260281958986e-05,3.557172143115564e-27,4.69995921342587e-06,8.119601154552093e-05,7.447896506593803e-27,1.7043731413435296e-05,9.58239492127323e-06,1.20027167512366e-07,2.703707627362785e-07,2.325747457143165e-12,7.228721471506271e-19,2.0707658681919547e-08,9.332904684953564e-16,6.009914279285333e-16,-8.25160500596681,-1.7459363817643156,-999.999,UO2+2,(Hfo_wO)2UO2
5.0,15.8,0.0001930697728883,1e-05,0.0158489319246111,0.0001,1e-06,4e-05,5.0,15.601154150362277,4.018345151319612e-06,0.000189051406858,0.0081999999999999,2.0812916963671446,2.592110261270579,0.4136534712891803,4.018345151319612e-06,2.146866009769159e-07,3.766559151386176e-07,1.0834126938263268e-28,1.9480996146965293e-07,3.232192673734425e-06,2.939993492298277e-28,2.326136196684044e-05,1.3073681207352478e-05,1.6388845076560736e-07,3.663295686172863e-07,3.121284778603177e-12,9.620165025283029e-19,4.773903155501389e-07,1.3025523808936545e-17,8.806342652217395e-20,-5.570714073852408,-1.6145157330945006,-999.999,UO2+2,(Hfo_wO)2UO2
5.0,15.8,0.0001930697728883,1e-05,0.0630957344480193,0.0001,0.001,0.04,5.0,15.601501214480368,0.0001930210424003,4.7851616220383084e-08,8.2,99.97476016711953,491.9196752690981,2.6918941933459,0.0001930210424003,5.250265941266782e-06,0.0001817173204962,5.44154885514189e-26,2.896462778926187e-07,5.763809684935268e-06,5.458029024246256e-28,2.883621543403444e-08,1.6181056885180954e-08,2.0035194039172388e-10,4.67716310155174e-10,4.193635482538931e-15,1.345602813692442e-21,2.1202674195487794e-09,1.328705346693878e-20,6.481246267788207e-23,-10.267549955506212,-4.503735530169603,-999.999,UO2+2,(Hfo_sO)2UO2
5.0,15.8,0.0001930697728883,1e-05,0.2511886431509579,1e-05,3.1622776601683795e-05,0.0012649110640673,5.0,15.602880735104463,0.0001035485043493,8.952075431886251e-05,0.2593067681338071,53.63268563498711,4.460733163585914,0.6494062449748117,0.0001035485043493,5.87640849159582e-06,1.227091019937355e-05,3.6573135780969036e-27,4.669032031087831e-06,8.073215362732168e-05,7.609076640336376e-27,1.691680481308179e-05,9.432524032598616e-06,1.1125088269002765e-07,2.618000480968984e-07,2.437188831925819e-12,7.783494087163199e-19,4.265798209042076e-06,5.165053669998419e-19,1.6230841641963171e-22,-3.649390651636093,-1.7373962411051762,-999.999,UO2+2,(Hfo_wO)2UO2
5.0,15.8,0.0001930697728883,2.6826957952797277e-05,0.001,0.0001,0.0001778279410038,0.0071131176401556,5.0,15.6010439795184,0.0001878842793596,5.184614948041062e-06,1.4581891162319167,97.3141867568839,24.851927805345888,1.395360083320868,0.0001878842793596,1.3969175302980194e-05,7.340657256690602e-05,5.861433263531466e-26,4.937381612689749e-06,9.557114987706015e-05,2.413213182590353e-26,2.841702234029275e-06,1.5979443917011025e-06,2.0110769237059392e-08,1.246612203868377e-07,2.938436596113145e-12,2.5141153632728565e-18,3.625278413481874e-09,4.733991222098631e-17,4.466358940751749e-19,-9.718133900909622,-2.084152553550504,-999.999,UO2+2,(Hfo_wO)2UO2
5.0,15.8,0.0001930697728883,2.6826957952797277e-05,0.0039810717055349,0.0,1e-06,4e-05,5.0,15.60106630516527,4.015414363591914e-06,0.0001890543376556,0.0081999999999999,2.079773702284563,2.5901795460458974,0.4133298695462531,4.015414363591914e-06,2.1457518169545595e-07,3.767013837837055e-07,2.9086297564936154e-28,1.9461662851222626e-07,3.2295211696005262e-06,7.885502303994831e-28,2.3234418819858455e-05,1.3063822033947365e-05,1.6428583130523024e-07,9.84950609471343e-07,2.2465405817675003e-11,1.8586837216789465e-17,1.2742005830831876e-07,0.0,0.0,-6.7201427538869485,-1.1861769591206528,-999.999,UO2+2,(Hfo_wO)2UO2
5.0,15.8,0.0001930697728883,0.0001930697728883,0.0158489319246111,0.0,0.001,0.04,5.0,15.601153679623446,0.0001930139252875,5.4974289296471024e-08,8.2,99.97107387659445,428.1689472093769,2.6316151670578147,0.0001930139252875,5.249973735320608e-06,0.0001817109571575,1.0474474150282023e-24,2.896241865251039e-07,5.763370208171593e-06,1.0505763755231056e-26,2.8834014610825964e-08,1.6205737767591185e-08,2.031682958289387e-10,9.10080198704978e-09,1.553843733870818e-12,9.597507364842109e-18,5.880298418617724e-10,0.0,0.0,-11.383142893860688,-3.219343772524425,-999.999,UO2+2,(Hfo_sO)2UO2
5.0,15.8,0.0001930697728883,0.0001930697728883,0.0158489319246111,0.001,1e-06,4e-05,5.0,15.601158125570295,3.983254002563488e-06,0.0001890864983402,0.0081999999999999,2.063116324722397,2.5689971917788745,0.409763629530805,3.983254002563488e-06,2.1335161383533695e-07,3.772000303138951e-07,2.0955596186842875e-27,1.9249916310145434e-07,3.2002031953128018e-06,5.6221943783592474e-27,2.2939830054389817e-05,1.289273324969556e-05,1.615504581734739e-07,6.974721871021764e-06,1.1482773551242963e-09,6.835575780889437e-15,4.677825149499534e-07,9.070240243292696e-13,6.007183164380642e-14,-5.58777008089757,-0.3346815017567959,-999.999,UO2+2,(Hfo_wO)2UO2
5.0,15.8,0.0001930697728883,0.0001930697728883,0.0630957344480193,0.0001,5.623413251903491e-06,0.0002249365300761,5.0,15.601502624673529,2.183021682126067e-05,0.0001712394442448,0.0461119886656086,11.306905526784693,2.7646514576895425,0.4416403871620832,2.183021682126067e-05,1.178040217326381e-06,2.1299569805262173e-06,1.1890290030810642e-26,1.0452910982031349e-06,1.7476928525204936e-05,3.0852241794772064e-26,2.2025189732518755e-05,1.2359060582184876e-05,1.5302194749944546e-07,6.65953238905816e-06,1.113173581179492e-09,6.658624232496423e-15,1.6221273226991074e-06,6.570435622248066e-14,3.202626425835826e-16,-4.501773263205131,-0.3502587255076834,-999.999,UO2+2,(Hfo_wO)2UO2
5.0,15.8,0.0001930697728883,0.0001930697728883,0.0630957344480193,0.01,3.1622776601683795e-05,0.0012649110640673,5.0,15.601538567575249,0.0001026728414232,9.039641854737552e-05,0.2593067681338071,53.1791382396446,4.380165340621245,0.6414905043771961,0.0001026728414232,5.841538422031792e-06,1.228409926012023e-05,6.92191750048506e-26,4.615772231968512e-06,7.993143150912966e-05,1.4242974366455116e-25,1.6698686684725963e-05,9.368633143475867e-06,1.1545756736550037e-07,5.073616891879488e-06,8.599011300892462e-10,5.191963389950849e-15,1.1969369183079187e-06,4.778132408924523e-12,2.162404777568371e-12,-4.760742023776132,-0.466434582060069,-999.999,UO2+2,(Hfo_wO)2UO2
5.0,15.8,0.0001930697728883,0.0013894954943731,0.001,0.001,3.1622776601683795e-05,0.0012649110640673,5.0,15.601052696219051,9.4935544401404e-05,9.81337809332145e-05,0.2593067681338071,49.171624838610256,3.730752691433899,0.5717964609664808,9.4935544401404e-05,5.529678185589331e-06,1.2399796428136317e-05,5.025265472159706e-25,4.1519269292236165e-06,7.285414285845475e-05,9.336813997642395e-25,1.4823684736932845e-05,8.335311408494456e-06,1.0485306237361866e-07,3.29909068695973e-05,3.948617612318788e-08,1.7147054666810533e-12,1.9825859855303033e-08,2.9666822398155706e-10,2.5706690012215897e-11,-8.302673837271756,0.3387006241726498,-999.999,UO2CO3,(Hfo_wO)2UO2
5.0,15.8,0.0001930697728883,0.0037275937203149,0.2511886431509579,0.0001,0.001,0.04,5.0,15.60289446249665,0.0001928456265317,2.234628501181725e-07,8.2,99.88390396216349,105.24236722436176,2.0221906081414818,0.0001928456265317,5.243066123323029e-06,0.0001815604738839,2.071190369746654e-23,2.8910211916714085e-07,5.752984405262507e-06,2.075352666177957e-25,2.8781995701842223e-08,1.6047339147478276e-08,1.8924857937658835e-10,1.7047750639433156e-07,6.074608941012458e-10,7.425351816606439e-14,7.256219711230391e-09,4.922930264872128e-13,1.5455312898275093e-15,-9.188041155932218,-1.9236803854872964,-999.999,UO2CO3,(Hfo_sO)2UO2
5.0,15.8,0.0001930697728883,0.01,0.001,0.01,0.0001778279410038,0.0071131176401556,5.0,15.601117551545324,0.0001566254180249,3.64438301669372e-05,1.4581891162319167,81.1237386784469,2.947300220748563,0.4694243766281968,0.0001566254180249,1.169321048680926e-05,7.294931888563679e-05,2.1672038715470357e-23,3.509254231807212e-06,6.84736344207424e-05,6.43282750975015e-24,2.003629780267091e-06,1.1262982961912478e-06,1.4104939426038152e-08,3.2552013262347224e-05,2.867969517858036e-07,9.129627489994463e-11,2.5127130427758572e-09,1.1735285147927164e-07,7.523433471250772e-08,-10.112067348304745,0.3346960045926721,-999.999,UO2CO3,(Hfo_sO)2UO2
5.0,15.8,0.0001930697728883,0.01,0.001,0.01,0.001,0.04,5.0,15.60111748645978,0.0001925494369758,5.19696255621851e-07,8.2,99.7304933316672,45.18339010831404,1.6549788129079157,0.0001925494369758,5.230927373868163e-06,0.0001812955692689,5.40393459049406e-23,2.881857545577916e-07,5.734754578444457e-06,5.405523130662286e-25,2.8690732312017304e-08,1.6127895943316542e-08,2.0197463621569424e-10,4.6767867688485533e-07,4.134161326595047e-09,1.320414586469907e-12,3.5424587572397317e-11,1.6974991969813532e-09,1.0884083986468184e-09,-13.80019043161434,-1.507935473259586,-999.999,UO2CO3,(Hfo_sO)2UO2
5.0,15.8,0.0001930697728883,0.01,0.0039810717055349,1e-05,3.1622776601683795e-05,0.0012649110640673,5.0,15.601102853343283,5.865616708375452e-05,0.000134413403448,0.2593067681338071,30.38081321910619,1.6828958912399985,0.2260572501062533,5.865616708375452e-05,3.92326090657884e-06,1.29013500788982e-05,3.808520937218498e-24,2.1318337867266e-06,3.969972231155088e-05,3.7060276608709966e-24,7.171824954403455e-06,4.031763292847018e-06,5.06917220503746e-08,0.0001162324899413,1.0136127293049709e-06,3.206219442805665e-10,3.9233769887929413e-08,5.326599532544913e-10,4.430814035932366e-13,-7.742772919271681,0.8857508684764279,-999.999,UO2CO3,(Hfo_wO)2UO2
5.0,15.8,0.0001930697728883,0.01,0.0158489319246111,0.0,0.001,0.04,5.0,15.601190205925288,0.00019255040275,5.187354298912499e-07,8.2,99.73099355194825,45.267307918126335,1.655784667433905,0.00019255040275,5.230966855325426e-06,0.0001812964333859,5.412105975919763e-23,2.881887303728713e-07,5.734813778335279e-06,5.413727000075592e-25,2.8691027924919755e-08,1.612266196582268e-08,2.0208054409148048e-10,4.689432117521184e-07,4.1466766527055524e-09,1.3264082155923097e-12,5.87874781192537e-10,0.0,0.0,-11.388850426190428,-1.5072768601639297,-999.999,UO2CO3,(Hfo_sO)2UO2
5.0,15.8,0.0001930697728883,0.01,0.0158489319246111,0.01,0.0001778279410038,0.0071131176401556,5.0,15.601226978946247,0.0001566747787375,3.639447142163546e-05,1.4581891162319167,81.14930493452852,2.9522275002836924,0.4701498214134932,0.0001566747787375,1.169704755008011e-05,7.295054953910081e-05,2.169276580095308e-23,3.5114549522194995e-06,6.851572669614807e-05,6.44282934505648e-24,2.00491111315606e-06,1.1264507730732956e-06,1.4051934022918074e-08,3.2492884979504514e-05,2.8751985626005053e-07,9.161238771502434e-11,3.8891756811913456e-08,1.045401141278367e-07,5.9295062025252086e-08,-7.742557625512939,0.3353814828888684,-999.999,UO2CO3,(Hfo_sO)2UO2
5.0,15.8,0.0001930697728883,0.01,0.0630957344480193,0.0,0.001,0.04,5.0,15.601538049065924,0.0001925525172133,5.166264859765542e-07,8.2,99.73208873289776,45.45259473085035,1.6575586806300426,0.0001925525172133,5.231053369640606e-06,0.0001812983250294,5.428352011049837e-23,2.8819525414838904e-07,5.734943560141563e-06,5.430044127425853e-25,2.869167677886149e-08,1.60972201550596e-08,1.9927624026351703e-10,4.653072543438523e-07,4.171616256032219e-09,1.3383772995536016e-12,2.112530758462881e-09,0.0,0.0,-10.272604850888904,-1.5059698595613895,-999.999,UO2CO3,(Hfo_sO)2UO2
5.0,15.8,0.0001930697728883,0.01,0.2511886431509579,0.0,0.001,0.04,5.0,15.602917395204589,0.0001925566943765,5.124635284634013e-07,8.2,99.73425228398136,45.82281938164229,1.6610818069009603,0.0001925566943765,5.2312242375914e-06,0.0001813020621521,5.548013243717625e-23,2.882081371184698e-07,5.735199849659526e-06,5.549876273515546e-25,2.8692957625996762e-08,1.599600674996009e-08,1.8862423921087927e-10,4.558896397953354e-07,4.357574366192739e-09,1.4288266856306599e-12,7.2352083605390265e-09,0.0,0.0,-9.191074377983815,-1.4964899377704333,-999.999,UO2CO3,(Hfo_sO)2UO2
5.0,15.8,0.001,1e-05,0.2511886431509579,0.01,3.1622776601683795e-05,0.0012649110640673,5.0,15.602917749765531,0.0001763341151073,0.0008236608218481,0.2593067681338071,17.63341151073672,0.82560835920828,-0.0832259185031399,0.0001763341151073,8.625515001440147e-06,1.112652556552562e-05,3.2073615452389614e-27,9.707525034129598e-06,0.0001468745495062,1.3388591633521294e-26,4.0195987519195286e-05,2.240878218974324e-05,2.630678286550496e-07,5.989422953887218e-07,5.417007017917652e-12,1.6731995765342877e-18,1.0039781959310376e-05,1.0884358909233762e-15,3.337889031402914e-16,-2.9030790453719604,-1.3760289495319986,-999.999,UO2+2,(Hfo_wO)2UO2
5.0,15.8,0.001,1e-05,1.0,0.01,5.623413251903491e-06,0.0002249365300761,5.0,15.608373646413035,3.289548045478542e-05,0.0009671035848966,0.0461119886656086,3.289548045478542,0.7376483721238506,-0.1321506116701973,3.289548045478542e-05,1.5907816271807554e-06,1.9533384244295525e-06,6.164094564363832e-28,1.8489995419944808e-06,2.750236086118063e-05,2.744490776962992e-27,4.379394311237165e-05,2.3808816577543196e-05,2.3212797293965198e-07,6.083755609589946e-07,7.07290213236865e-12,2.3916049754740648e-18,3.730468473865213e-05,1.068797963111584e-15,1.9176427242655735e-16,-1.7598198113756285,-1.2994941506544206,-999.999,UO2+2,(Hfo_wO)2UO2
5.0,15.8,0.001,2.6826957952797277e-05,0.0630957344480193,0.0,0.001,0.04,5.0,15.601500012167216,0.0009952290952519,4.743586868002845e-06,8.2,99.52290952519832,25.58599752408396,1.4080023535246746,0.0009952290952519,7.427070450035339e-05,0.0004122321216087,3.29800681559776e-25,2.4923598980464835e-05,0.0004838026701624,1.2239903118063975e-25,2.543754096378206e-06,1.427401516357298e-06,1.767529196393402e-08,1.1023874487713545e-07,2.640551028250115e-12,2.263623968827085e-18,1.8638790084668847e-07,0.0,0.0,-6.376136233926175,-2.1314151547378817,-999.999,UO2+2,(Hfo_wO)2UO2
5.0,15.8,0.001,2.6826957952797277e-05,0.2511886431509579,0.001,3.1622776601683795e-05,0.0012649110640673,5.0,15.602885342976668,0.0001762671671354,0.0008237277728258,0.2593067681338071,17.626716713544123,0.8252278258844395,-0.083426136461946,0.0001762671671354,8.623039094810253e-06,1.1127620138212709e-05,8.590248118298668e-27,9.70226861941428e-06,0.000146814239283,3.584029663027393e-26,4.016896301202275e-05,2.2397058610532225e-05,2.6402415164368816e-07,1.6093345671009214e-06,3.882374741233391e-11,3.2114478134286804e-17,1.0117999138217206e-05,2.1262671542145965e-15,6.663265142257984e-17,-2.898867154562176,-0.9485059634633056,-999.999,UO2+2,(Hfo_wO)2UO2
5.0,15.8,0.001,0.0001930697728883,1.0,0.001,0.0001778279410038,0.0071131176401556,5.0,15.60834118025402,0.0007586681125275,0.0002413109803823,1.4581891162319167,75.86681125275815,2.15606025693343,0.3336608942178534,0.0007586681125275,3.984504910761919e-05,6.629138987190628e-05,4.1359347570788e-25,3.759171646723181e-05,0.0006149399570808,1.2132471168254078e-24,2.5601811315498414e-05,1.3920645827471163e-05,1.3625995025000885e-07,7.058418385148402e-06,1.616232375098521e-09,1.0804890169473704e-14,2.1844488657221867e-05,4.840849145121535e-13,8.740633119048923e-15,-2.2258075276807574,-0.2366127527590737,-999.999,UO2+2,(Hfo_wO)2UO2
5.0,15.8,0.001,0.0005179474679231,0.0158489319246111,0.0001,0.0001778279410038,0.0071131176401556,5.0,15.601155210944086,0.0007496642185092,0.0002503146648354,1.4581891162319167,74.96642185092078,2.0538401348508364,0.3125666363137803,0.0007496642185092,3.95056883145456e-05,6.643209791369826e-05,9.867744740474055e-25,3.698308671563492e-05,0.0006067433455653,2.85000066224735e-24,2.511426506580487e-05,1.4115007197527208e-05,1.7694515777644674e-07,2.0424778752114267e-05,8.986702227250042e-09,1.4303433153645478e-13,5.078912029479066e-07,1.938559320455486e-12,1.3119426405001103e-14,-5.503897809802243,0.1317604126573721,-999.999,UO2+2,(Hfo_wO)2UO2
5.0,15.8,0.001,0.0005179474679231,1.0,0.001,5.623413251903491e-06,0.0002249365300761,5.0,15.608344435981774,3.268656431475769e-05,0.0009673125124007,0.0461119886656086,3.2686564314757685,0.7328053247942458,-0.1350113836082786,3.268656431475769e-05,1.5830463303872343e-06,1.9567866749280366e-06,3.1945182889618766e-26,1.832101537082594e-06,2.7314629772359824e-05,1.4101237100152152e-25,4.329265033843684e-05,2.3539452311406655e-05,2.303901747725313e-07,3.1229245396977765e-05,1.87127651394713e-08,3.273405919436412e-13,3.694826174788741e-05,1.4663953773623238e-11,2.6472059018137284e-13,-1.7695483708534887,0.4092760703157498,-999.999,UO2+2,(Hfo_wO)2UO2
5.0,15.8,0.001,0.0013894954943731,0.0039810717055349,0.0001,3.1622776601683795e-05,0.0012649110640673,5.0,15.601072270288524,0.0001720242696734,0.0008279708433351,0.2593067681338071,17.20242696734904,0.8012366874848597,-0.0962391731984248,0.0001720242696734,8.466138547289769e-06,1.1196818521902618e-05,4.37154132506124e-25,9.37173999967868e-06,0.0001429895726046,1.7654048568666978e-24,3.8481166650049534e-05,2.16358888588031e-05,2.720543546509308e-07,8.24788520318148e-05,9.51323288064719e-08,3.979862585522964e-12,2.0788601946234245e-07,6.592137522919985e-11,5.466871539005957e-13,-6.284411426551763,0.7367881792564548,-999.999,UO2CO3,(Hfo_wO)2UO2
5.0,15.8,0.001,0.0037275937203149,0.001,0.001,0.001,0.04,5.0,15.601060272959126,0.0009805451383918,1.9430268785011137e-05,8.2,98.05451383918889,6.154247104697293,0.7891749300089345,0.0009805451383918,7.321820429759909e-05,0.0004120541266602,4.5703000373280004e-23,2.4248974469546524e-05,0.0004710238329645,1.6520885697915898e-23,2.473230331445517e-06,1.390641130637551e-06,1.7493280475980457e-08,1.5064707064185538e-05,4.9345261242921575e-08,5.864566251348188e-12,2.4505977974023174e-09,1.0180897903229582e-09,8.852011114523034e-11,-9.857229535160217,-0.0017449917234078,-999.999,UO2CO3,(Hfo_wO)2UO2
5.0,15.8,0.001,0.0037275937203149,0.2511886431509579,0.001,3.1622776601683795e-05,0.0012649110640673,5.0,15.602898766939823,0.0001670081401136,0.0008329872827456,0.2593067681338071,16.700814011363768,0.7731885536742826,-0.1117145839152034,0.0001670081401136,8.280620893099256e-06,1.1278202307185596e-05,1.215834984420955e-24,8.987481300621855e-06,0.0001384618356127,4.720248248854779e-24,3.654752026679099e-05,2.037658656789419e-05,2.4018934611168584e-07,0.000204475584456,6.888543821659602e-07,7.957234931783889e-11,9.205951315231576e-06,5.2646447014475185e-09,1.6486358564206326e-10,-2.981138661784115,1.155492670565637,-999.999,UO2CO3,(Hfo_wO)2UO2
5.0,15.8,0.001,0.01,0.0039810717055349,0.0001,0.001,0.04,5.0,15.601102531045584,0.000956971135359,4.3007928125117136e-05,8.2,95.69711353590412,2.7135414813634937,0.4335364649387379,0.000956971135359,7.150529492484857e-05,0.0004117247489651,1.2250721602478514e-22,2.317105794917776e-05,0.0004505700335198,4.239523056821572e-23,2.3607420079617103e-06,1.3271332135113807e-06,1.6685874195437723e-08,3.8563077209244765e-05,3.389673924679137e-07,1.0807185842540579e-10,1.2361736948641872e-08,1.7914093552974703e-09,1.4867758996770456e-11,-8.708468132402384,0.4066032253178235,-999.999,UO2CO3,(Hfo_wO)2UO2
5.0,15.8,0.001,0.01,0.0039810717055349,0.01,0.001,0.04,5.0,15.601138960562924,0.0009570073858253,4.297165373584314e-05,8.2,95.70073858253836,2.715934985909926,0.4339193695854484,0.0009570073858253,7.150795144431384e-05,0.0004117252916173,1.2225888711317845e-22,2.31727108784886e-05,0.0004506014318852,4.231218568051742e-23,2.360914365607057e-06,1.3270074645107697e-06,1.660578850051926e-08,3.831299761097486e-05,3.376183317152507e-07,1.0742340446860419e-10,1.1356149068700762e-08,1.3436189753368882e-07,8.376186731406798e-08,-8.776566594028893,0.4057531271556875,-999.999,UO2CO3,(Hfo_wO)2UO2
5.0,15.8,0.001,0.01,1.0,0.0001,3.1622776601683795e-05,0.0012649110640673,5.0,15.608375529602084,0.0001531856385897,0.0008468106397478,0.2593067681338071,15.318563858975311,0.6976183455861351,-0.1563821070862921,0.0001531856385897,7.768436951991497e-06,1.1500168904449909e-05,3.680343779904692e-24,7.963726163666026e-06,0.0001259533065696,1.2746581941654313e-23,3.1545302216497145e-05,1.714962726675533e-05,1.6788849582367553e-07,0.0004462365313798,5.239659079876587e-06,1.7967481209844303e-09,2.692748795029182e-05,8.03904839929039e-09,1.4500011512860119e-11,-2.0449568500733832,1.564118861433102,-999.999,UO2CO3,(Hfo_wO)2UO2
6.0,14.8,1e-08,1e-05,0.0039810717055349,0.0,5.623413251903491e-06,0.0002249365300761,6.0,14.601065880998444,9.990494067558672e-09,9.505930788553715e-12,0.0461119886656086,99.90494067558672,22791.791638131413,4.357778465942574,9.990494067558672e-09,1.802324818814102e-11,9.846414865778182e-09,2.120277134001281e-28,6.301116455661174e-13,1.254258419467832e-10,8.540858455033691e-31,1.1152134549313986e-12,6.2704295194478956e-12,7.885668136813758e-13,1.3184826379007772e-12,8.386620657289337e-16,1.9350914720441334e-20,6.123813360696432e-15,0.0,0.0,-15.356981978908962,-7.059527499998456,-999.999,UO2OH+,(Hfo_sO)2UO2
6.0,14.8,1e-08,1e-05,0.0039810717055349,0.01,0.001,0.04,6.0,14.601102758119456,9.999947233963186e-09,5.276438872322334e-14,8.2,99.99947233963186,23112.28822599187,4.363842944818197,9.999947233963186e-09,1.7979114180923617e-11,9.856658854176673e-09,2.032807010102606e-28,6.263785085955139e-13,1.2468288709699649e-10,8.131548827614612e-31,6.2341444338020666e-15,3.5046317879176385e-14,4.386439421195142e-15,7.026636513956554e-15,4.300408465544301e-18,9.503337045631724e-23,3.132546542050083e-17,1.1932967020867756e-19,7.468354986317897e-20,-19.93231341235768,-9.33085671600622,-999.999,UO2OH+,(Hfo_sO)2UO2
6.0,14.8,1e-08,1e-05,0.0158489319246111,0.0001,0.001,0.04,6.0,14.601153785959903,9.999946966219811e-09,5.30321315618576e-14,8.2,99.9994696621981,22995.600811657536,4.361644760975889,9.999946966219811e-09,1.7979113699532938e-11,9.856658590269906e-09,2.079127756666122e-28,6.263784918239014e-13,1.2468288375854695e-10,8.316839123507485e-31,6.234144266879493e-15,3.5038082308128684e-14,4.392401365381381e-15,7.199900915869072e-15,4.498624799375414e-18,1.0167899276533696e-22,1.2800738538326239e-16,1.3783782574499736e-21,9.33047603086242e-24,-18.71413101224444,-9.321071689359714,-999.999,UO2OH+,(Hfo_sO)2UO2
6.0,14.8,1e-08,1e-05,0.0630957344480193,1e-05,5.623413251903491e-06,0.0002249365300761,6.0,14.601501316517483,9.990534061219384e-09,9.465937152256626e-12,0.0461119886656086,99.90534061219384,22888.178707531275,4.359611235717851,9.990534061219384e-09,1.8023320585175376e-11,9.846454278918004e-09,2.0025919531601387e-28,6.301141855105133e-13,1.254263475306909e-10,8.066801562063035e-31,1.1152179502961317e-12,6.25789353491761e-12,7.748657503006389e-13,1.2285765594853405e-12,7.481435693696598e-16,1.630412684439406e-20,8.218140057381568e-14,1.6106437477223902e-20,7.860158658857261e-24,-13.092592928667482,-7.084327650775872,-999.999,UO2OH+,(Hfo_sO)2UO2
6.0,14.8,1e-08,2.6826957952797277e-05,0.2511886431509579,0.001,1e-06,4e-05,6.0,14.602884322814754,9.9345830840691e-09,6.54169144643312e-11,0.0081999999999999,99.34583084069098,18520.20280027185,4.26764573799153,9.9345830840691e-09,1.8208322619162268e-11,9.786936143863945e-09,5.01858660944053e-28,6.470238904206928e-13,1.287915936955699e-10,2.088440881827008e-30,6.439662831229231e-12,3.590587673735145e-11,4.23298445343783e-12,1.7138646814318037e-11,2.7462019212751785e-14,1.5089231981457044e-18,1.6226606718099409e-12,9.992889387387296e-17,3.1325193053082024e-18,-10.48884753897878,-5.921202202123979,-999.999,UO2OH+,(Hfo_sO)2UO2
6.0,14.8,1e-08,7.196856730011514e-05,0.001,0.0001,1e-06,4e-05,6.0,14.601044475851683,9.897549837468136e-09,1.0245016122297044e-10,0.0081999999999999,98.97549837468137,11781.516577948943,4.071201198688851,9.897549837468136e-09,1.813913440826917e-11,9.750473521286398e-09,1.5251396206936102e-27,6.445173507786164e-13,1.2829266442269138e-10,6.345790366151805e-30,6.4147157245848526e-12,3.6071110704347916e-11,4.539630470321716e-12,5.512393318856096e-11,2.545336512079537e-13,4.266081063679285e-17,9.120209791904927e-15,8.006863739203476e-16,7.529647729155797e-18,-15.0116494770838,-5.438538688872345,-999.999,UO2CO3,(Hfo_sO)2UO2
6.0,14.8,1e-08,7.196856730011514e-05,0.2511886431509579,1e-05,3.1622776601683795e-05,0.0012649110640673,6.0,14.602880912355216,9.997104307765865e-09,2.8956910210031682e-12,0.2593067681338071,99.97104307765863,13313.987707066444,4.124308151627544,9.997104307765865e-09,1.7984574648146858e-11,9.853696695510296e-09,1.3570494181914194e-27,6.26947335737738e-13,1.2479609027168442e-10,5.4349737709538055e-30,1.9732002226281879e-13,1.100222147982506e-12,1.297653463325509e-13,1.4110316270665098e-12,6.0696563316488676e-15,8.956958760753184e-19,4.976823865867589e-14,5.943412088357159e-19,1.8675843728926825e-22,-13.515693187781178,-7.005832371254025,-999.999,UO2CO3,(Hfo_sO)2UO2
6.0,14.8,1e-08,0.0001930697728883,0.0039810717055349,0.01,0.0001778279410038,0.0071131176401556,6.0,14.601103419391452,9.998962993916454e-09,1.0370049619873596e-12,1.4581891162319167,99.98962993916452,6612.417616162341,3.820360274219957,9.998962993916454e-09,1.7978940533674708e-11,9.855664574061751e-09,3.9243149802750775e-27,6.264295815063076e-13,1.2469304973952039e-10,1.5700742495173272e-29,3.506002988497316e-14,1.9709540313925474e-13,2.4668489255692792e-14,7.629429607207522e-13,9.015050619675567e-15,3.8463262025159946e-18,1.761594318447611e-16,4.826859759499481e-15,3.019152797408556e-15,-18.432349124481057,-7.295109774207615,-999.999,UO2CO3,(Hfo_sO)2UO2
6.0,14.8,1e-08,0.0001930697728883,0.2511886431509579,0.0,5.623413251903491e-06,0.0002249365300761,6.0,14.602881300948216,9.970063677866648e-09,2.993632125070622e-11,0.0461119886656086,99.70063677866648,7222.468378408767,3.858685649081462,9.970063677866648e-09,1.798626508410726e-11,9.826281026015193e-09,3.630467619674487e-27,6.28814156188221e-13,1.2516757261115804e-10,1.4623967629083744e-29,1.1129170693958814e-12,6.205421038210619e-12,7.318952612134255e-13,2.1350370789244397e-11,2.4638234114019205e-13,9.754004793051235e-17,2.8070171717593163e-13,0.0,0.0,-12.013137046929884,-5.825963809467147,-999.999,UO2CO3,(Hfo_sO)2UO2
6.0,14.8,1e-08,0.0001930697728883,0.2511886431509579,0.001,0.001,0.04,6.0,14.602884905099936,9.999832468121892e-09,1.675308259216692e-13,8.2,99.99832468121888,7279.20821553936,3.86208414218072,9.999832468121892e-09,1.7978907837056307e-11,9.856545732865132e-09,3.6375036251105804e-27,6.26371319592094e-13,1.2468145610010906e-10,1.4550588510282012e-29,6.234072883583943e-15,3.475946771830258e-14,4.097798734821087e-15,1.1940618792090234e-13,1.3769851681112398e-15,5.445126277203757e-19,1.570841364238015e-15,3.605235054851672e-17,1.1298882159173888e-18,-16.51707477585599,-8.078149431122315,-999.999,UO2CO3,(Hfo_sO)2UO2
6.0,14.8,1e-08,0.0005179474679231,0.001,0.01,3.1622776601683795e-05,0.0012649110640673,6.0,14.60108261749463,9.985752246515089e-09,1.4247752532862156e-11,0.2593067681338071,99.85752246515086,2702.841452969896,3.431820570996622,9.985752246515089e-09,1.7964140145518367e-11,9.842507666144316e-09,1.0541152076833176e-26,6.262345395232905e-13,1.246542056857297e-10,4.2217183178350906e-29,1.9709568285031554e-13,1.1081101396309896e-12,1.3879783048934986e-13,1.1543921389125368e-11,3.666416055749665e-13,4.2074994054610764e-16,2.509214363398638e-16,5.42513902862349e-13,3.4889248332986857e-13,-18.125590903793764,-6.115540571125157,-999.999,UO2CO3,(Hfo_sO)2UO2
6.0,14.8,1e-08,0.0005179474679231,0.0039810717055349,0.0,5.623413251903491e-06,0.0002249365300761,6.0,14.601067753656734,9.92182948364712e-09,7.817051548262442e-11,0.0461119886656086,99.2182948364712,2752.5481879150448,3.439734930754565,9.92182948364712e-09,1.7898953569200493e-11,9.778746926573008e-09,1.0904490512827321e-26,6.25751053775852e-13,1.2455785245113659e-10,4.39231303307877e-29,1.10749578120788e-12,6.226982215986279e-12,7.830820544237674e-13,6.780447443772702e-11,2.233502407751532e-12,2.6687543312600328e-15,6.077598372904333e-15,0.0,0.0,-15.363713063258086,-5.348335747239309,-999.999,UO2CO3,(Hfo_sO)2UO2
6.0,14.8,1e-08,0.0013894954943731,0.0158489319246111,0.0001,1e-06,4e-05,6.0,14.601158853244131,8.946640818935849e-09,1.0533591810992244e-09,0.0081999999999999,89.46640818935849,1035.7851129832566,3.0152696647474424,8.946640818935849e-09,1.6365997993840378e-11,8.814163327615161e-09,2.5828630632522787e-26,5.804053059987946e-13,1.1553108802084757e-10,1.0705800624024371e-28,5.7766213064019615e-12,3.2465884811106413e-11,4.069650123418972e-12,9.267672323293447e-10,8.044785583678333e-11,2.5260082302267763e-13,1.1852192991728012e-13,3.4052158724441807e-12,2.292086595633793e-14,-12.78138796216561,-4.211405814414736,-999.999,UO2CO3,(Hfo_sO)2UO2
6.0,14.8,1e-08,0.0013894954943731,0.0630957344480193,0.0001,0.0001778279410038,0.0071131176401556,6.0,14.601506655126585,9.993910427814523e-09,6.089572180504429e-12,1.4581891162319167,99.93910427814524,1125.472318272747,3.051334817711271,9.993910427814523e-09,1.7969854632544695e-11,9.850684432775712e-09,2.78307619218234e-26,6.261129717384835e-13,1.2463002743453034e-10,1.1134773319465736e-28,3.5042309855141714e-14,1.9663031157647352e-13,2.4344354685421477e-14,5.3621810378434196e-12,4.536387076249774e-13,1.373310668996538e-15,2.580822281207672e-15,1.3513060203555467e-14,6.56793259088896e-17,-16.098928259585882,-6.444348585010866,-999.999,UO2CO3,(Hfo_sO)2UO2
6.0,14.8,1e-08,0.0037275937203149,0.001,0.001,5.623413251903491e-06,0.0002249365300761,6.0,14.6010612512094,9.259129607260624e-09,7.408703990226543e-10,0.0461119886656086,92.59129607260624,271.0279422227995,2.4330140677290264,9.259129607260624e-09,1.6699654066454513e-11,9.125661362613995e-09,7.320789800734997e-26,5.836871693382103e-13,1.161849034108324e-10,2.947428575679729e-28,1.0330482470545762e-12,5.808569028703951e-12,7.305701897806846e-13,4.550492849030664e-10,1.0782209898333143e-10,9.268327481562649e-13,1.4300193740520442e-15,1.5629414043042622e-10,1.3198612084025356e-11,-16.621258893147978,-4.521585806435233,-999.999,UO2CO3,(Hfo_sO)2UO2
6.0,14.8,5.179474679231213e-08,1e-05,0.2511886431509579,1e-05,5.623413251903491e-06,0.0002249365300761,6.0,14.602880694909118,5.17442690278544e-08,5.047772175609909e-11,0.0461119886656086,99.90254269480236,22230.47070256276,4.346948658441744,5.17442690278544e-08,9.470235933923926e-11,5.0977340221732086e-08,9.755066842901976e-28,3.3602518731156335e-12,6.688661949099517e-10,4.0475509505054105e-30,5.9472258329229014e-12,3.3160730764557133e-11,3.911144004907454e-12,5.909320693042737e-12,3.5319991073242777e-15,7.242252504348424e-20,1.5000200065415189e-12,4.8060220693040184e-20,1.510316303711635e-23,-10.55738987774593,-6.383832492330175,-999.999,UO2OH+,(Hfo_sO)2UO2
6.0,14.8,5.179474679231213e-08,1e-05,0.2511886431509579,0.001,3.1622776601683795e-05,0.0012649110640673,6.0,14.602884263720346,5.178602870462541e-08,8.718044953623551e-12,0.2593067681338071,99.98316800790306,22907.60317342649,4.359979651257956,5.178602870462541e-08,9.339905113839632e-11,5.1039569222885627e-08,9.755968376553124e-28,3.2644308722961826e-12,6.497959997291007e-10,3.927719067615883e-30,1.0274198041332365e-12,5.728625838168268e-12,6.753547599995595e-13,1.0192724818630446e-12,6.088000788998474e-16,1.2469185438239981e-20,2.588885613178533e-13,8.2579451350667685e-19,2.5887188468802822e-20,-12.083073395137564,-7.146888683598888,-999.999,UO2OH+,(Hfo_sO)2UO2
6.0,14.8,5.179474679231213e-08,7.196856730011514e-05,1.0,0.001,0.0001778279410038,0.0071131176401556,6.0,14.60834141100263,5.1792307964908554e-08,2.4387947680004133e-12,1.4581891162319167,99.99529136147078,14563.848663104254,4.163276157413773,5.1792307964908554e-08,9.316878829001805e-11,5.1049419130300124e-08,6.4022098345824976e-27,3.247730667878082e-12,6.464723156505354e-10,2.563828854049303e-29,1.817691157014067e-13,9.883444425222892e-13,9.674179592585305e-14,1.007341635204426e-12,4.636585718534035e-15,6.230707912518362e-19,1.551420250701837e-13,2.7913650834782165e-17,5.039802081168872e-19,-12.523313151671768,-7.082140806210905,-999.999,UO2CO3,(Hfo_sO)2UO2
6.0,14.8,5.179474679231213e-08,7.196856730011514e-05,1.0,0.001,0.001,0.04,6.0,14.60834141100262,5.179431346131593e-08,4.332983594057964e-13,8.2,99.9991633688298,14577.437355327973,4.163681183772119,5.179431346131593e-08,9.312955286291491e-11,5.1052044155237284e-08,6.4025391185920104e-27,3.244829495203176e-12,6.458949237205258e-10,2.561539019175929e-29,3.2294748297516566e-14,1.7559823009174344e-13,1.7188024143819812e-14,1.789734455764614e-13,8.237778548962608e-16,1.1070040693454145e-19,2.7563938079726883e-14,4.959392335227323e-18,8.954169399178104e-20,-14.024089532390844,-7.832528991525278,-999.999,UO2CO3,(Hfo_sO)2UO2
6.0,14.8,5.179474679231213e-08,0.0001930697728883,0.2511886431509579,0.0001,5.623413251903491e-06,0.0002249365300761,6.0,14.602881661248889,5.1635137389430994e-08,1.5960937089858966e-10,0.0461119886656086,99.69184248834898,7015.733745059339,3.846073098709512,5.1635137389430994e-08,9.449904714893358e-11,5.0869881184261744e-08,1.8792488996627362e-26,3.352907310036031e-12,6.674042507102694e-10,7.796730984203754e-29,5.9342267956755826e-12,3.3088103071995515e-11,3.902379817004037e-12,1.1382499996301866e-10,1.313443219940597e-12,5.19918037163262e-16,1.4965941654337354e-12,3.4487215806216858e-15,1.0832565461624352e-17,-10.55939016670586,-5.099112278362975,-999.999,UO2CO3,(Hfo_sO)2UO2
6.0,14.8,5.179474679231213e-08,0.0001930697728883,0.2511886431509579,0.001,3.1622776601683795e-05,0.0012649110640673,6.0,14.602884905009446,5.176714661046016e-08,2.7600149802975375e-11,0.2593067681338071,99.94671239158166,7233.174387816487,3.859328935822048,5.176714661046016e-08,9.336488884967039e-11,5.102096092995563e-08,1.8829001149763584e-26,3.263232996050678e-12,6.495575586588135e-10,7.580472716079834e-29,1.0270427939332238e-12,5.726506815459359e-12,6.75098728432512e-13,1.967177071257015e-11,2.2685368377450842e-13,8.970661805715885e-17,2.5879087133084657e-13,5.939503196170153e-15,1.861452774635782e-16,-12.083441441981112,-5.861332812123386,-999.999,UO2CO3,(Hfo_sO)2UO2
6.0,14.8,5.179474679231213e-08,0.0001930697728883,0.2511886431509579,0.01,5.623413251903491e-06,0.0002249365300761,6.0,14.602917365702476,5.1636517208872524e-08,1.5822955159218975e-10,0.0461119886656086,99.694506502611,7077.102610722692,3.84985549247506,5.1636517208872524e-08,9.450161765582296e-11,5.087123985745696e-08,1.8587079241888408e-26,3.3530001649544885e-12,6.674227335947792e-10,7.711517052500108e-29,5.934391138236285e-12,3.308357919682027e-11,3.884069673813766e-12,1.1208647161708463e-10,1.2848541251632188e-12,5.030285690083845e-16,1.4827626043924485e-12,3.27228418243328e-13,1.0035697863373888e-13,-10.564666573173112,-5.103885004668282,-999.999,UO2CO3,(Hfo_sO)2UO2
6.0,14.8,5.179474679231213e-08,0.0005179474679231,0.0630957344480193,0.01,1e-06,4e-05,6.0,14.601539662722136,4.926666148320269e-08,2.5280852794556806e-09,0.0081999999999999,95.1190314352793,2376.553314081503,3.3759475614255137,4.926666148320269e-08,9.778674989005016e-11,4.841425087431413e-08,4.9985676051010637e-26,3.772249913617615e-12,7.508516090848866e-10,2.451469361386634e-28,3.754540660791632e-11,2.106437310837584e-10,2.595912567646763e-11,2.090157253144807e-09,6.490849208019332e-11,7.180817245743931e-14,2.69313603961193e-12,6.602745116211207e-11,2.9855543865002587e-11,-10.057141354488788,-3.851570834027736,-999.999,UO2CO3,(Hfo_sO)2UO2
6.0,14.8,5.179474679231213e-08,0.0013894954943731,0.001,1e-05,3.1622776601683795e-05,0.0012649110640673,6.0,14.601049005701965,5.1602068630627513e-08,1.9267813109916103e-10,0.2593067681338071,99.62799671083012,1032.8109517520354,3.0140208344677544,5.1602068630627513e-08,9.306622608646796e-11,5.085827662500182e-08,1.5361377079821409e-25,3.2527607198431117e-12,6.474730188193778e-10,6.1842948276873815e-28,1.0237468334669169e-12,5.756594152908936e-12,7.244619756922951e-13,1.6987834633545118e-10,1.514710347370679e-11,4.9022798832947113e-14,1.4551280633158506e-15,9.155374331001852e-14,8.567045074237649e-17,-16.60633597581125,-4.949738918168521,-999.999,UO2CO3,(Hfo_sO)2UO2
6.0,14.8,5.179474679231213e-08,0.0013894954943731,0.0039810717055349,1e-05,5.623413251903491e-06,0.0002249365300761,6.0,14.601071003522168,5.0710612373035585e-08,1.0841343898047492e-09,0.0461119886656086,97.9068641388986,1014.3828119810848,3.0062018817787743,5.0710612373035585e-08,9.277727475923356e-11,4.9959516273591546e-08,1.493995444827464e-25,3.2907315724338173e-12,6.550280931123641e-10,6.194282029815001e-28,5.824182869842154e-12,3.274643659396086e-11,4.117861909749589e-12,9.561911880110654e-10,8.446895081356165e-11,2.706625371157671e-13,3.1921939384845726e-14,4.4990560406835944e-13,3.7444957582591526e-16,-13.92324494377952,-4.199033948743008,-999.999,UO2CO3,(Hfo_sO)2UO2
6.0,14.8,5.179474679231213e-08,0.0013894954943731,0.0630957344480193,0.0001,1e-06,4e-05,6.0,14.601506655092516,4.5815723967294817e-08,5.97902280357274e-09,0.0081999999999999,88.45631421079797,934.4810338082424,2.970570491379901,4.5815723967294817e-08,9.028252176163691e-11,4.503390640217569e-08,1.272320061062146e-25,3.456867695038084e-12,6.880781756624638e-10,6.147443377077359e-28,3.4406282126008345e-11,1.9306141643210707e-10,2.3902497867971855e-11,5.264832493603174e-09,4.45401068168321e-10,1.3483666685123133e-12,2.533979284166361e-12,1.3267615615116995e-11,6.448635226310043e-14,-10.11483821133979,-3.4523054998024376,-999.999,UO2CO3,(Hfo_sO)2UO2
6.0,14.8,5.179474679231213e-08,0.0037275937203149,0.001,1e-05,0.001,0.04,6.0,14.601057633987631,5.177664973288693e-08,1.8097035408549505e-11,8.2,99.96506004846832,348.9093895566083,2.542712656973913,5.177664973288693e-08,9.30977891695262e-11,5.103463361517963e-08,4.129123457271212e-25,3.2437226682902136e-12,6.456746058694868e-10,1.6519868005129794e-27,3.228373239815853e-14,1.8152628633872242e-13,2.284213402361097e-14,1.4348879016734416e-11,3.4274369346473045e-12,2.9714083490385395e-14,4.565187401160639e-17,5.4076766291176326e-14,4.930607773144946e-17,-19.61392735955504,-6.023023394395183,-999.999,UO2CO3,(Hfo_sO)2UO2
6.0,14.8,5.179474679231213e-08,0.0037275937203149,0.0158489319246111,0.001,1e-06,4e-05,6.0,14.601170725589016,3.5260776946950054e-08,1.6533969830123653e-08,0.0081999999999999,68.0779019701353,260.0763636204057,2.4151008842386377,3.5260776946950054e-08,6.798421854897063e-11,3.4683642608964775e-08,2.716320806400594e-25,2.545133013855685e-12,5.066049864224557e-10,1.2546593226058402e-27,2.5331535844589164e-11,1.4236103040265596e-10,1.7835369336727316e-11,1.0856235680899153e-08,2.519847378272441e-09,2.1146115260302047e-11,5.158279312112086e-13,2.769525057854384e-09,1.8102617960406784e-10,-11.504006775481248,-3.1424821204751225,-999.999,UO2CO3,(Hfo_sO)2UO2
6.0,14.8,5.179474679231213e-08,0.0037275937203149,1.0,0.01,5.623413251903491e-06,0.0002249365300761,6.0,14.608383959254878,4.8425926920763336e-08,3.3688198462372206e-09,0.0461119886656086,93.495827124984,311.7355294767588,2.4937863030030205,4.8425926920763336e-08,8.852716298504884e-11,4.7709749855735606e-08,3.0826540335141933e-25,3.1374262935108386e-12,6.245124757491654e-10,1.2760237730747285e-27,5.552850209753934e-12,3.0186940034085456e-11,2.942991067474193e-12,1.579429784716117e-09,3.759683205589896e-10,2.602968421694347e-12,4.730481139904056e-12,1.1597895306356428e-09,2.0747042039801547e-10,-9.55426134931882,-3.885166394608394,-999.999,UO2CO3,(Hfo_sO)2UO2
6.0,14.8,2.682695795279728e-07,0.0001930697728883,0.001,0.001,3.1622776601683795e-05,0.0012649110640673,6.0,14.601048241339448,2.681029821080308e-07,1.665964327033749e-10,0.2593067681338071,99.93789925036036,6206.147520447795,3.792822094573155,2.681029821080308e-07,4.899901718446633e-10,2.641399321050905e-07,1.0989640567360666e-25,1.736074240087405e-11,3.455699088694738e-09,4.5465853163032466e-28,5.463999894086244e-12,3.072453025741189e-11,3.865066682062407e-12,1.2484101142417075e-10,1.5339441069915545e-12,6.838470249035155e-16,7.599078408815146e-15,1.184559597072577e-13,1.0276661205070654e-14,-15.16926159569588,-5.083339891213145,-999.999,UO2CO3,(Hfo_sO)2UO2
6.0,14.8,2.682695795279728e-07,0.0001930697728883,0.0039810717055349,0.0001,3.1622776601683795e-05,0.0012649110640673,6.0,14.601066923919142,2.6810330775808533e-07,1.6627078507026924e-10,0.2593067681338071,99.9380206394702,6218.310048570419,3.793672372423525,2.6810330775808533e-07,4.899907768448754e-10,2.64140252790234e-07,1.0973098695651616e-25,1.7360764194826926e-11,3.455703426811664e-09,4.539741873957099e-28,5.464006753352376e-12,3.0721925508247697e-11,3.863356424791349e-12,1.2461923033000563e-10,1.5293279296266418e-12,6.807620168158753e-16,2.9947034203621375e-14,1.1353079142953031e-14,9.480061514210896e-17,-13.97826129027446,-5.083994076284531,-999.999,UO2CO3,(Hfo_sO)2UO2
6.0,14.8,2.682695795279728e-07,0.0001930697728883,0.0039810717055349,0.01,1e-06,4e-05,6.0,14.60110341898449,2.516908311631296e-07,1.65787474560161e-08,0.0081999999999999,93.82011617045288,1851.4066808613704,3.2675018265618907,2.516908311631296e-07,8.404981442675827e-10,2.395969759977684e-07,9.539604279806694e-26,5.628314540368246e-11,1.119707387568994e-08,1.409787225275241e-27,5.604826729995257e-10,3.1508404002184807e-09,3.943596474533551e-10,1.2195877924290962e-08,1.4409876072109447e-10,6.147651967453587e-14,2.816069696275522e-12,7.714860345546947e-11,4.8255710536000036e-11,-10.024849169575184,-3.0913887815090613,-999.999,UO2CO3,(Hfo_sO)2UO2
6.0,14.8,2.682695795279728e-07,0.0005179474679231,0.0630957344480193,0.001,3.1622776601683795e-05,0.0012649110640673,6.0,14.601506775237995,2.679076130115391e-07,3.6196562552239945e-10,0.2593067681338071,99.86507358863776,2854.327970497212,3.4555038733314354,2.679076130115391e-07,4.896272149402903e-10,2.6394754156897946e-07,2.77444087550427e-25,1.734766774403298e-11,3.4530965598753083e-09,1.1478009391738644e-27,5.4598848426091504e-12,3.0636629502438787e-11,3.791621591909163e-12,3.1071901916833707e-10,9.7836112727241e-12,1.1019377003049771e-14,4.0112637307086603e-13,1.0788574412428304e-12,5.2155196087944835e-14,-11.715221744512816,-4.681158664185503,-999.999,UO2CO3,(Hfo_sO)2UO2
6.0,14.8,2.682695795279728e-07,0.0013894954943731,0.2511886431509579,0.0,3.1622776601683795e-05,0.0012649110640673,6.0,14.602885495943166,2.6741371418387625e-07,8.558645477011462e-10,0.2593067681338071,99.68096817179108,1204.938237894418,3.0809647866377987,2.6741371418387625e-07,4.88709688162395e-10,2.634611720258841e-07,7.0054851462713255e-25,1.7314617450382546e-11,3.4465178523793846e-09,2.8980250125396812e-27,5.4494827632558746e-12,3.0384727340618944e-11,3.583493956725649e-12,7.523642532455408e-10,6.248826656441642e-11,1.7804102033739769e-13,1.374380333684798e-12,0.0,0.0,-10.633675434873126,-4.278923119663389,-999.999,UO2CO3,(Hfo_sO)2UO2
6.0,14.8,2.682695795279728e-07,0.0013894954943731,1.0,0.0,5.623413251903491e-06,0.0002249365300761,6.0,14.60834213548632,2.6386176430014266e-07,4.407814586569493e-09,0.0461119886656086,98.3569455636432,1298.1930861599733,3.113339291861376,2.6386176430014266e-07,5.211578189567146e-10,2.593391694631048e-07,6.283570533915544e-25,2.000253240371161e-11,3.981434485677441e-09,3.0505486297301472e-27,3.540302774879476e-11,1.9249842773488536e-10,1.8849451131572484e-11,3.791958058253974e-09,3.3706771973235954e-10,8.750956838584794e-13,3.0223585376201705e-11,0.0,0.0,-7.94447181437128,-3.506621215737897,-999.999,UO2CO3,(Hfo_sO)2UO2
6.0,14.8,2.682695795279728e-07,0.0037275937203149,0.0630957344480193,0.0,0.0001778279410038,0.0071131176401556,6.0,14.60151478354704,2.6778623266404544e-07,4.83345962315996e-10,1.4581891162319167,99.81982792652909,379.9411195024022,2.579716298046978,2.6778623266404544e-07,4.828452146468193e-10,2.6392813950577844e-07,2.0006282895057416e-24,1.6871735231121707e-11,3.358376208389058e-09,8.050262721122186e-27,9.442786547298364e-13,5.298362371350407e-12,6.559268808912954e-13,3.8766194323083227e-10,8.79957285107002e-11,7.147304754033796e-13,6.952970778477246e-14,0.0,0.0,-13.238742451121691,-4.585219118112725,-999.999,UO2CO3,(Hfo_sO)2UO2
6.0,14.8,2.682695795279728e-07,0.01,1.0,0.01,0.0001778279410038,0.0071131176401556,6.0,14.608403700155003,2.627142826283669e-07,5.555295547808644e-09,1.4581891162319167,97.9292110162544,32.43117344748249,1.51096266290506,2.627142826283669e-07,4.736739736598856e-10,2.589296574613545e-07,4.4893588148433955e-24,1.655033699099718e-11,3.294400856361472e-09,1.8062545887421135e-26,9.262905966398092e-13,5.035132541702415e-12,4.907804944427183e-13,7.069073729906706e-10,4.5159829935571745e-10,8.389862030844774e-12,7.891403223830149e-13,3.719265165269415e-09,6.618692443646814e-10,-11.110901258116613,-4.234250223474307,-999.999,CaUO2(CO3)3-2,(Hfo_sO)2UO2
6.0,14.8,1.389495494373136e-06,2.6826957952797277e-05,1.0,0.001,1e-06,4e-05,6.0,14.608341266365224,1.051169400912886e-06,3.3832606261927494e-07,0.0081999999999999,75.6511557734209,378.8989513925988,2.5785234033614586,1.051169400912886e-06,8.604157315962663e-09,4.481911984313208e-07,2.090151859632925e-26,3.0613661217668473e-09,5.913126790438355e-07,8.720305673601501e-27,3.1399546450378e-08,1.7073080750292116e-07,1.6711616206589008e-08,6.47076952677299e-08,1.1075221212720544e-10,5.534353894416337e-15,2.6799847220717552e-08,2.4794900223287213e-13,4.476884011536389e-15,-2.048498546561884,-2.274362107799967,-999.999,UO2OH+,(Hfo_wO)2UO2
6.0,14.8,1.389495494373136e-06,7.196856730011514e-05,0.001,0.0001,5.623413251903491e-06,0.0002249365300761,6.0,14.601044472941062,1.3810946356552748e-06,8.400824284008154e-09,0.0461119886656086,99.39540223398484,3565.231090791456,3.552087685156431,1.3810946356552748e-06,4.526905384742894e-09,1.3171827413133268e-06,2.060172062842e-25,2.9700105915050203e-10,5.908798789805456e-08,2.9225144241201613e-27,5.259286365474356e-10,2.957392211951883e-09,3.721945050893439e-10,4.519217115112376e-09,2.086612200883518e-11,3.497028763245349e-15,7.471583430496476e-13,6.56360995253269e-14,6.172559021161825e-16,-11.184145325386762,-3.524815719479605,-999.999,UO2CO3,(Hfo_sO)2UO2
6.0,14.8,1.389495494373136e-06,7.196856730011514e-05,0.001,0.01,0.0001778279410038,0.0071131176401556,6.0,14.601081002934066,1.3894175140909472e-06,7.794580883209648e-11,1.4581891162319167,99.99438787081324,12224.3604918944,4.087226148604982,1.3894175140909472e-06,2.53603912925876e-09,1.3689298955480615e-06,2.0371745390476224e-25,8.973430454054919e-11,1.7861845109086172e-08,8.405689639942917e-28,5.02227752171948e-12,2.8236427834840883e-11,3.5368649114208717e-12,4.0874025501025475e-11,1.803826532460661e-13,2.876350474117564e-17,6.389613589483903e-15,3.714307671685256e-14,2.3922888761890273e-14,-15.312870923874208,-5.566452260992943,-999.999,UO2CO3,(Hfo_sO)2UO2
6.0,14.8,1.389495494373136e-06,7.196856730011514e-05,0.0158489319246111,1e-05,3.1622776601683795e-05,0.0012649110640673,6.0,14.601153679761042,1.3889816055527812e-06,5.138543664994137e-10,0.2593067681338071,99.96301615784752,10424.19653045037,4.018042590663616,1.3889816055527812e-06,2.726300035726583e-09,1.3654575237052492e-06,2.073591113117011e-25,1.0396444834363862e-10,2.0693817363461544e-08,9.937692171735935e-28,3.2721945642024404e-11,1.8390892740440663e-10,2.3055879354738058e-11,2.7208163817951177e-10,1.223852206430156e-12,1.991470618288291e-16,6.722800061943984e-13,2.704695200237229e-16,1.8343320072000152e-19,-11.273535924719646,-4.743715952995609,-999.999,UO2CO3,(Hfo_sO)2UO2
6.0,14.8,1.389495494373136e-06,7.196856730011514e-05,0.0630957344480193,1e-05,1e-06,4e-05,6.0,14.601501540327815,9.615073999263096e-07,4.279880690792845e-07,0.0081999999999999,69.19831002115548,273.9725905053013,2.4377071161498223,9.615073999263096e-07,7.895918161473268e-09,4.446886724319511e-07,6.489721655830717e-26,2.609841459979056e-09,5.063129678729062e-07,2.3366251903089632e-26,2.6651350582796947e-08,1.4955026734080686e-07,1.8517573021853907e-08,2.106774855580302e-07,9.205751115659479e-10,1.439558216794238e-13,1.9639180761769136e-09,1.421897630865863e-13,6.938032487852848e-17,-4.3359012885484844,-1.850110774273996,-999.999,UO2CO3,(Hfo_wO)2UO2
6.0,14.8,1.389495494373136e-06,7.196856730011514e-05,0.2511886431509579,0.0001,3.1622776601683795e-05,0.0012649110640673,6.0,14.6028812333825,1.3890152794764944e-06,4.801812353146669e-10,0.2593067681338071,99.96543962189251,11155.472916902154,4.047487986170504,1.3890152794764944e-06,2.726372168230538e-09,1.3654905276949811e-06,1.8803517317269568e-25,1.0396743674547407e-10,2.0694412176536984e-08,9.01163301410585e-28,3.2722886228950614e-11,1.8245685631236263e-10,2.1518924879071924e-11,2.339665662189701e-10,1.0063577780414546e-12,1.4849191570473167e-16,8.252644279709362e-12,9.85140613231952e-16,3.0948915360343807e-18,-9.07638233987722,-4.786197995019814,-999.999,UO2CO3,(Hfo_sO)2UO2
6.0,14.8,1.389495494373136e-06,0.0001930697728883,0.0039810717055349,0.0,3.1622776601683795e-05,0.0012649110640673,6.0,14.601066553563514,1.388499632816192e-06,9.958334613454915e-10,0.2593067681338071,99.92832927051748,5377.0639521294825,3.7305452017908207,1.388499632816192e-06,2.725267639452892e-09,1.3649851391442665e-06,5.674493834984433e-25,1.0392167811423305e-10,2.068530435435835e-08,2.7193250330448768e-27,3.2708483476910645e-11,1.8390703966516115e-10,2.3127858971356264e-11,7.465497351125248e-10,9.167666776707059e-12,4.0837394420611126e-15,1.795381043551742e-13,0.0,0.0,-12.422627611214754,-4.306540386038222,-999.999,UO2CO3,(Hfo_sO)2UO2
6.0,14.8,1.389495494373136e-06,0.0001930697728883,0.0158489319246111,0.0,3.1622776601683795e-05,0.0012649110640673,6.0,14.6011540885116,1.3885165669030897e-06,9.788996744917046e-10,0.2593067681338071,99.92954799249004,5470.147403339219,3.737999029367125,1.3885165669030897e-06,2.725303911443704e-09,1.3650017363716546e-06,5.561078578432244e-25,1.0392318074730188e-10,2.0685603439243923e-08,2.6649804199050947e-27,3.2708956426594666e-11,1.838355773656621e-10,2.304664424823917e-11,7.296385567723951e-10,8.804776656748825e-12,3.843652988896105e-15,6.720237384756692e-13,0.0,0.0,-11.273916455793591,-4.31530748383809,-999.999,UO2CO3,(Hfo_sO)2UO2
6.0,14.8,1.389495494373136e-06,0.0005179474679231,0.2511886431509579,0.0001,0.0001778279410038,0.0071131176401556,6.0,14.60288279806227,1.389191394988519e-06,3.0407688573753603e-10,1.4581891162319167,99.9781144029723,3133.031947664542,3.495964823424214,1.389191394988519e-06,2.5356201267910628e-09,1.3687072070660177e-06,1.3564604116263027e-24,8.97192503335224e-11,1.7858848545377055e-08,5.596931909867739e-27,5.021434915652549e-12,2.7998405175785813e-11,3.3020515227304718e-12,2.583863116268234e-10,7.998728883013094e-12,8.494103448786312e-15,1.2663638228560032e-12,5.6318114750998496e-14,1.768168975310966e-16,-10.704550425322626,-4.743075592667783,-999.999,UO2CO3,(Hfo_sO)2UO2
6.0,14.8,1.389495494373136e-06,0.0013894954943731,0.001,0.001,5.623413251903491e-06,0.0002249365300761,6.0,14.601052644829636,1.301182564815062e-06,8.831290330509756e-08,0.0461119886656086,93.6442449856294,319.5215986477787,2.5045002204177518,1.301182564815062e-06,4.0863265290133435e-09,1.2459334286391098e-06,3.728703212480012e-24,2.5586104932582366e-10,5.09069485976128e-08,4.817703236508795e-26,4.53044965565411e-10,2.547458226975728e-09,3.2044399301506136e-10,7.445323771647343e-08,6.580626865171488e-09,2.1102321960864628e-11,6.290536680219418e-13,3.6214887142668556e-09,3.1126001102834423e-10,-11.333806622101374,-2.307795712589611,-999.999,UO2CO3,(Hfo_sO)2UO2
6.0,14.8,1.389495494373136e-06,0.0013894954943731,0.0158489319246111,1e-05,0.001,0.04,6.0,14.601158522221777,1.3893370791529158e-06,1.583897150102692e-10,8.2,99.98859908356224,1069.7118250716228,3.029266796715616,1.3893370791529158e-06,2.50455101793984e-09,1.369328920759978e-06,4.014054804350645e-24,8.749467076504532e-11,1.7416112704233e-08,1.61445797046519e-26,8.70807171612426e-13,4.894135676242468e-12,6.135138777978468e-13,1.397628964766898e-10,1.2135929110357516e-11,3.811961870197241e-14,1.7878267772393322e-14,5.1494566155423176e-14,3.4735106731776575e-17,-14.424380391593145,-5.033002486001985,-999.999,UO2CO3,(Hfo_sO)2UO2
6.0,14.8,1.389495494373136e-06,0.0013894954943731,0.2511886431509579,1e-05,3.1622776601683795e-05,0.0012649110640673,6.0,14.602885530565672,1.384375930733333e-06,5.119541525391725e-09,0.2593067681338071,99.63155233964162,1042.8194374390134,3.0182091175229817,1.384375930733333e-06,2.7164372497901833e-09,1.3609434264413274e-06,3.6187230128623475e-24,1.0355595732218866e-10,2.0612511084893e-08,1.733189990533889e-26,3.259337199946814e-11,1.817311121874412e-10,2.1432786546355505e-11,4.4998074117840195e-09,3.737316114843749e-10,1.064817312429592e-12,8.220081197385263e-12,7.052910851971165e-13,2.2121320531373959e-16,-9.080132907664067,-3.502155436539873,-999.999,UO2CO3,(Hfo_sO)2UO2
6.0,14.8,1.389495494373136e-06,0.0037275937203149,0.0039810717055349,0.001,5.623413251903491e-06,0.0002249365300761,6.0,14.601083241970963,1.1518082549881025e-06,2.3768720877105318e-07,0.0461119886656086,82.8939899159396,105.08978989802344,2.0215605237699625,1.1518082549881025e-06,3.3480960605651127e-09,1.1098951164612906e-06,8.842070320159477e-24,1.9283919218265989e-10,3.837220327406397e-08,9.666934154258668e-26,3.4141601831332357e-10,1.9195015246241e-09,2.412341860847491e-10,1.4924567022567388e-07,3.514211868432746e-08,2.9998529403053837e-10,1.841137446818801e-12,4.683389561511272e-08,3.6590338368158014e-09,-10.401273305554,-2.005444082840972,-999.999,UO2CO3,(Hfo_sO)2UO2
6.0,14.8,1.389495494373136e-06,0.0037275937203149,0.0158489319246111,0.01,3.1622776601683795e-05,0.0012649110640673,6.0,14.601203626849864,1.3310151945372678e-06,5.8480246397799525e-08,0.2593067681338071,95.7912566055314,87.77280289423462,1.943359967127961,1.3310151945372678e-06,2.6026004853663286e-09,1.3086362792458636e-06,9.968740969614908e-24,9.885815621007485e-11,1.9677456649827803e-08,4.740130731658875e-26,3.111473294855584e-11,1.748356032462648e-10,2.1810742390737366e-11,1.2917075755291004e-08,2.928254291393094e-09,2.390177444182068e-11,6.039090641331464e-13,2.7105098966188806e-08,1.5277370968764973e-08,-11.361772711707973,-3.065212566851386,-999.999,CaUO2(CO3)3-2,(Hfo_sO)2UO2
6.0,14.8,1.389495494373136e-06,0.0037275937203149,0.2511886431509579,0.0001,0.001,0.04,6.0,14.60289405406227,1.3890905231242184e-06,4.0494722209942136e-10,8.2,99.97085479941764,418.3292885171112,2.6215182719343875,1.3890905231242184e-06,2.504105364182396e-09,1.3690859334652492e-06,9.765298002931652e-24,8.747905951952854e-11,1.7413005235267332e-08,3.927611502192217e-26,8.706517966925194e-13,4.854309299830903e-12,5.724101316828953e-13,3.22400878632042e-10,7.183797567124423e-11,5.490461852430035e-13,2.195302655881689e-13,3.624417688222267e-12,1.1328294415324078e-14,-12.227383906538702,-4.646900706808136,-999.999,UO2CO3,(Hfo_sO)2UO2
6.0,14.8,1.389495494373136e-06,0.01,0.0039810717055349,0.001,5.623413251903491e-06,0.0002249365300761,6.0,14.601106314099033,7.253397202549283e-07,6.641557467732012e-07,0.0461119886656086,52.2016604726136,23.68414292624364,1.3744576732464615,7.253397202549283e-07,1.725253646366057e-09,7.075448780590832e-07,1.5098039338744773e-23,8.033781400644532e-11,1.5989250735472685e-08,1.0789334909062583e-25,1.4220731262683914e-10,7.994298370509887e-10,1.0043585762014451e-10,1.6647096826508473e-07,1.050158983198668e-07,2.4011628358201292e-09,7.626989607425137e-13,3.619294183914234e-07,2.7294564667332546e-08,-11.168686175417193,-1.9579115094379684,-999.999,CaUO2(CO3)3-2,(Hfo_sO)2UO2
6.0,14.8,1.389495494373136e-06,0.01,0.0630957344480193,1e-05,1e-06,4e-05,6.0,14.601537605980369,2.620152729171213e-07,1.1274802167955683e-06,0.0081999999999999,18.856863802593917,28.340259622362147,1.4524038244591762,2.620152729171213e-07,9.033597406744356e-10,2.485838677468098e-07,5.0527820838303876e-24,6.266240666750791e-11,1.2465383022969496e-08,8.012411673451931e-26,6.240487655119301e-10,3.5011794329654523e-09,4.3329111979468295e-10,6.868244315291094e-07,4.181516196242592e-07,9.107337075033565e-09,4.588592216215391e-11,8.782566569798493e-09,4.182356698128499e-12,-7.6012975697285725,-1.336723844158506,-999.999,UO2CO3,(Hfo_sO)2UO2
6.0,14.8,7.196856730011529e-06,1e-05,0.001,0.001,1e-06,4e-05,6.0,14.601047571893812,2.8173430411275634e-06,4.3795131078448565e-06,0.0081999999999999,39.14685461750258,78.45128241179684,1.8946000472195117,2.8173430411275634e-06,1.911021322750584e-08,4.681051276166243e-07,9.913860361598367e-27,1.3169912515747204e-08,2.316957787767686e-06,1.5517348738547982e-26,1.483056534206871e-07,8.339377144720581e-07,1.0490817721151033e-07,1.7248722033902518e-07,1.0788386697677018e-10,2.448250793592251e-15,2.061106150197423e-10,4.246870855951102e-13,3.6896232563570923e-14,-6.301693672940381,-1.9429428942314884,-999.999,UO2OH+,(Hfo_wO)2UO2
6.0,14.8,7.196856730011529e-06,1e-05,0.0039810717055349,0.0,0.001,0.04,6.0,14.60106586854948,7.19681599525136e-06,3.933591031900263e-11,8.2,99.99943399234282,22311.940415467903,4.348537341466489,7.19681599525136e-06,1.3120265282099917e-08,7.09093718650438e-06,1.526931413749454e-25,4.6367062267670237e-10,9.229487284220385e-08,6.2848290254904245e-28,4.614787238107909e-12,2.5947229792445917e-11,3.263115129468221e-12,5.455940914066328e-12,3.470431417650409e-15,8.007544448377592e-20,2.531940261516504e-14,0.0,0.0,-14.12338283650558,-6.442732425359068,-999.999,UO2OH+,(Hfo_sO)2UO2
6.0,14.8,7.196856730011529e-06,1e-05,0.0630957344480193,0.01,1e-06,4e-05,6.0,14.601537849397648,2.8239890058651766e-06,4.372867142198866e-06,0.0081999999999999,39.23919999808935,78.7558578743182,1.896282866561658,2.8239890058651766e-06,1.9144758653857683e-08,4.6812711781088404e-07,9.184402948330328e-27,1.3212037748522413e-08,2.3235050916519124e-06,1.4415534772799305e-26,1.4883532883579268e-07,8.350286658297424e-07,1.0290901785878744e-07,1.5745260713567038e-07,9.291381456983403e-11,1.9532931178436807e-15,1.06765896302124e-08,1.79789767977045e-12,8.138028741398117e-13,-2.8606501582522164,-1.9746068391517309,-999.999,UO2OH+,(Hfo_wO)2UO2
6.0,14.8,7.196856730011529e-06,2.6826957952797277e-05,0.0039810717055349,0.0,0.0001778279410038,0.0071131176401556,6.0,14.601065930692082,7.196542850777641e-06,3.1252180337238525e-10,1.4581891162319167,99.99563866218736,15791.73114864258,4.198429741603747,7.196542850777641e-06,1.4024629292132378e-08,7.076317864781347e-06,4.087810443972858e-25,5.30875285742661e-10,1.056694814184197e-07,1.930336363821192e-27,2.9712933733309494e-11,1.6706471153986258e-10,2.100998486424728e-11,9.423902275455495e-11,1.6080974610231835e-13,9.953957501181177e-18,1.6302014165979113e-13,0.0,0.0,-12.505818493079996,-5.205371049690047,-999.999,UO2OH+,(Hfo_sO)2UO2
6.0,14.8,7.196856730011529e-06,2.6826957952797277e-05,0.0158489319246111,0.001,0.001,0.04,6.0,14.601157144160478,7.19680718486872e-06,4.8187464378228826e-11,8.2,99.999311572473,18213.43837268591,4.260391940595816,7.19680718486872e-06,1.3120248994333265e-08,7.090928509202922e-06,3.9986130373380334e-25,4.6367003886064854e-10,9.229475663260289e-08,1.6458236540930655e-27,4.614781401159834e-12,2.593629262781143e-11,3.2500019311683218e-12,1.4242176453419124e-11,2.3799272149329453e-14,1.4380366215922746e-18,9.412864692687053e-14,1.910339800373351e-16,1.2666897594333679e-17,-12.980361020804594,-6.024642595544169,-999.999,UO2OH+,(Hfo_sO)2UO2
6.0,14.8,7.196856730011529e-06,7.196856730011514e-05,0.001,0.0,0.001,0.04,6.0,14.601044094939766,7.196781719648251e-06,7.375391109808997e-11,8.2,99.99895773438192,11899.793437488714,4.075539422759134,7.196781719648251e-06,1.3120201917201389e-08,7.090903428628628e-06,1.1105107593016684e-24,4.6366835145197536e-10,9.229442075097005e-08,4.5708466207256475e-27,4.614764541799389e-12,2.594970405651e-11,3.265985944811919e-12,3.970724784966307e-11,1.835658741471596e-13,3.080442783995724e-17,6.561700215958764e-15,0.0,0.0,-15.294890148397126,-5.581029253115791,-999.999,UO2CO3,(Hfo_sO)2UO2
6.0,14.8,7.196856730011529e-06,7.196856730011514e-05,0.0039810717055349,0.0001,5.623413251903491e-06,0.0002249365300761,6.0,14.601066468748568,6.548662613463536e-06,6.481929339298357e-07,0.0461119886656086,90.99337195577388,219.09601141119896,2.340634471408838,6.548662613463536e-06,5.313727223686737e-08,2.5399873431510067e-06,3.9159119114662414e-25,2.0487484203497262e-08,3.935050513872165e-06,1.9184552487196377e-25,3.757829194235506e-08,2.1128815498233585e-07,2.657017316647404e-08,3.1806766215794224e-07,1.4485709069769206e-09,2.392991300952197e-13,2.0585168254077247e-10,3.994315093843134e-12,3.338294465715584e-14,-6.30323823837799,-1.6770616026515466,-999.999,UO2CO3,(Hfo_wO)2UO2
6.0,14.8,7.196856730011529e-06,7.196856730011514e-05,0.0158489319246111,0.001,0.0001778279410038,0.0071131176401556,6.0,14.601157309895187,7.196389944889273e-06,4.6552863528957827e-10,1.4581891162319167,99.99351404175783,10601.185539862552,4.025354435512877,7.196389944889273e-06,1.4024306376362764e-08,7.0761679218357845e-06,1.0704639549877827e-24,5.308620883607333e-10,1.0566685458876477e-07,5.0549015031294665e-27,2.9712194638574954e-11,1.6699026879119095e-10,2.0925018546893236e-11,2.4599535383651956e-10,1.1027639665682272e-12,1.7875429459711152e-16,6.060340702771277e-13,2.3742214517807582e-14,1.5739981593808681e-15,-11.362826576760558,-4.787291350885155,-999.999,UO2CO3,(Hfo_sO)2UO2
6.0,14.8,7.196856730011529e-06,7.196856730011514e-05,1.0,1e-05,3.1622776601683795e-05,0.0012649110640673,6.0,14.608337982333165,7.191024008832738e-06,5.831483166732133e-09,0.2593067681338071,99.91895460202134,4755.518330558726,3.677197860039598,7.191024008832738e-06,2.2317623472038505e-08,6.892841195735475e-06,8.649384187493145e-25,1.3795537198128143e-09,2.744856359054107e-07,1.0891972531735392e-26,4.343778771250128e-10,2.361906960499061e-09,2.3128832396811663e-10,2.409630485810882e-09,1.1092808833681576e-11,1.4915178107504245e-15,3.708241115825242e-10,6.683876554369325e-16,1.2076031360211958e-19,-5.766583618424576,-3.703545386390776,-999.999,UO2CO3,(Hfo_sO)2UO2
6.0,14.8,7.196856730011529e-06,0.0001930697728883,0.0630957344480193,0.0,3.1622776601683795e-05,0.0012649110640673,6.0,14.601501933078938,7.184327335566249e-06,1.2528357991376033e-08,0.2593067681338071,99.8259046287106,2211.454990334806,3.344678104615345,7.184327335566249e-06,2.2282880991678285e-08,6.886795538644504e-06,2.7041393120948404e-24,1.3764705106995087e-09,2.738724454193665e-07,3.400636501178188e-26,4.3340663840680406e-10,2.431995377038925e-09,3.011334556996313e-10,9.217995852194394e-09,1.0837255285938544e-10,4.5596465238778536e-14,3.1936222901082627e-11,0.0,0.0,-7.913579865724433,-3.2090925685441114,-999.999,UO2CO3,(Hfo_sO)2UO2
6.0,14.8,7.196856730011529e-06,0.0001930697728883,1.0,1e-05,5.623413251903491e-06,0.0002249365300761,6.0,14.60833836942045,6.34440788516134e-06,8.524478819327985e-07,0.0461119886656086,88.15526170897078,161.4021842872719,2.2079094078178367,6.34440788516134e-06,5.164510689127853e-08,2.534222896940287e-06,8.507483467111412e-25,1.943214580373274e-08,3.739107735526041e-06,3.969394668483045e-25,3.557817059655787e-08,1.934540947017764e-07,1.8943789782075413e-08,5.28000753576985e-07,6.502737453393762e-09,2.3391201122733435e-12,3.0372766715950914e-08,1.0481158786652573e-12,1.8934799192031984e-16,-1.9399732148712303,-1.3628600834825146,-999.999,UO2CO3,(Hfo_wO)2UO2
6.0,14.8,7.196856730011529e-06,0.0005179474679231,0.0039810717055349,0.0001,0.0001778279410038,0.0071131176401556,6.0,14.601068112797476,7.194759572368416e-06,2.096382932446496e-09,1.4581891162319167,99.97086008903904,2353.595462050573,3.37173181802439,7.194759572368416e-06,1.4020863426668471e-08,7.074569139153381e-06,7.88347517572102e-24,5.307213832735674e-10,1.0563884840509328e-07,3.722557093765636e-26,2.9704317193267566e-11,1.6701458562598956e-10,2.100213731896127e-11,1.8172369120696422e-09,5.982118229319185e-11,7.142869262825067e-14,1.6264602687119472e-13,1.1885661807110176e-12,9.902578709499066e-15,-12.508073170987426,-3.920162717060951,-999.999,UO2CO3,(Hfo_sO)2UO2
6.0,14.8,7.196856730011529e-06,0.0005179474679231,1.0,1e-05,0.001,0.04,6.0,14.608339394832216,7.196629455030167e-06,2.2657742034721412e-10,8.2,99.99684202437412,3873.4563094301034,3.5880986617147914,7.196629455030167e-06,1.3119920429401593e-08,7.090753463912173e-06,6.4038895941849945e-24,4.6365826199297705e-10,9.229241242659864e-08,2.635830313054301e-26,4.614663765385229e-12,2.5091829357775503e-11,2.457062036593912e-12,1.8423962749841951e-10,6.10439970996904e-12,5.9073732644162956e-15,3.939501094760066e-12,2.6462750254551082e-15,4.779330644693448e-19,-9.714117969201329,-4.8201084870488415,-999.999,UO2CO3,(Hfo_sO)2UO2
6.0,14.8,7.196856730011529e-06,0.0037275937203149,0.001,0.001,5.623413251903491e-06,0.0002249365300761,6.0,14.601061245576972,2.9155230040743266e-06,4.281333311432424e-06,0.0461119886656086,40.511060779025065,14.76806448724789,1.1693235801061843,2.9155230040743266e-06,1.9861163310391697e-08,2.2267717187527668e-06,1.7830928230829938e-23,3.3634081787075942e-09,6.655267138324606e-07,1.6852477173708766e-24,5.988302040714404e-09,3.3670708768555884e-08,4.234917545959766e-09,2.632971099049984e-06,6.227306010991685e-07,5.343163486744515e-09,8.306251901389946e-12,9.000701054083033e-07,7.592736911942555e-08,-9.094898292970663,-0.7591980475373301,-999.999,UO2CO3,(Hfo_sO)2UO2
6.0,14.8,7.196856730011529e-06,0.0037275937203149,0.0630957344480193,1e-05,0.001,0.04,6.0,14.601514818368068,7.1944912876895125e-06,2.364727592664112e-09,8.2,99.9671322855136,371.0266624474672,2.5694051196898315,7.1944912876895125e-06,1.3115967871088666e-08,7.0886475894614025e-06,5.373217376310697e-23,4.635165969865833e-10,9.226421376003453e-08,2.211588432331752e-25,4.613253816791e-12,2.588503551403168e-11,3.2045018224708466e-12,1.8938636852077167e-09,4.298821365876005e-10,3.491567346133866e-12,3.396738667609103e-13,3.419316761441394e-12,1.6539736616956657e-15,-11.86094863498327,-3.89632162577076,-999.999,UO2CO3,(Hfo_sO)2UO2
6.0,14.8,7.196856730011529e-06,0.0037275937203149,0.2511886431509579,0.0,5.623413251903491e-06,0.0002249365300761,6.0,14.602893692567005,3.278497420424138e-06,3.91835901629934e-06,0.0461119886656086,45.554573939932894,18.14499147802893,1.2587567685660117,3.278497420424138e-06,2.4106981706532326e-08,2.308527785124882e-06,1.644777248635535e-23,4.767843264716476e-09,9.410948103280076e-07,2.1203392975113137e-24,8.509824285028416e-09,4.7446508573577535e-08,5.595050582661857e-09,3.147811133130059e-06,7.005910106841441e-07,5.348555966043721e-09,2.145912302798999e-09,0.0,0.0,-4.2471756029766965,-0.6573074233904848,-999.999,UO2CO3,(Hfo_sO)2UO2
6.0,14.8,7.196856730011529e-06,0.01,0.001,0.0,1e-06,4e-05,6.0,14.601080737626534,4.394674123409605e-07,6.757389267858055e-06,0.0081999999999999,6.106379893715856,7.931108412796358,0.8993338864250539,4.394674123409605e-07,2.578428836283103e-09,3.68403520303374e-07,7.963117440044862e-24,3.4350302869948933e-10,6.814196017260385e-08,4.657726374235929e-25,3.4304929799655263e-09,1.9287063567487917e-08,2.426175248730283e-09,4.072511911982208e-06,2.59941268228858e-06,6.020528030931664e-08,4.797577855506368e-12,0.0,0.0,-9.57278279802746,-0.569884115786353,-999.999,UO2CO3,(Hfo_sO)2UO2
6.0,14.8,7.196856730011529e-06,0.01,0.001,0.01,1e-06,4e-05,6.0,14.601116824784224,1.6308955116443752e-07,7.033767145659249e-06,0.0081999999999999,2.26612196522323,2.8276411832134345,0.451424298322439,1.6308955116443752e-07,4.2297188916251135e-10,1.583514806182723e-07,3.266421488517748e-24,2.1574334112779185e-11,4.293524322889938e-09,2.800683437114859e-26,2.147686503098268e-10,1.2072807905256203e-09,1.5115353425409275e-10,2.422108515611396e-07,1.482078062265946e-07,3.275828631336215e-09,2.725837787995336e-13,4.091008910470962e-06,2.547488836963928e-06,-12.056704840846107,-1.793579016619221,-999.999,CaUO2(CO3)3-2,(Hfo_sO)2UO2
6.0,14.8,7.196856730011529e-06,0.01,0.0039810717055349,1e-05,0.001,0.04,6.0,14.60110276138583,7.187746284665819e-06,9.109534583400428e-09,8.2,99.87341077240404,96.2238429344701,1.983282697525048,7.187746284665819e-06,1.3103499459830902e-08,7.082004453307654e-06,1.5199745437886857e-22,4.6306972031137925e-10,9.217526217802266e-08,6.2559677405634775e-25,4.608806280549909e-12,2.5909198806217804e-11,3.256600555745009e-12,5.428921386144514e-09,3.4430925137312403e-09,7.918242737057516e-11,2.5034566597208224e-14,1.2441476602239396e-10,9.784981818055909e-14,-14.13747693064559,-3.4447314269374125,-999.999,UO2CO3,(Hfo_sO)2UO2
6.0,14.8,7.196856730011529e-06,0.01,0.2511886431509579,0.0001,1e-06,4e-05,6.0,14.602916043699324,4.591868180489332e-07,6.73766986794206e-06,0.0081999999999999,6.380380147545297,8.311240167974555,0.9196658321983496,4.591868180489332e-07,2.815250755932749e-09,3.765935170178271e-07,7.199505130660449e-24,4.0036846721854537e-10,7.937768180795489e-08,4.798751020211286e-25,4.000657154128084e-09,2.230336027866601e-08,2.629127162793245e-09,3.96975284514844e-06,2.371324275528922e-06,4.857588853653837e-08,1.0083747279490978e-09,3.169374985924592e-07,9.78878581745686e-10,-4.904500358214516,-0.5564388588407123,-999.999,UO2CO3,(Hfo_sO)2UO2
6.0,14.8,3.727593720314938e-05,1e-05,0.001,0.001,3.1622776601683795e-05,0.0012649110640673,6.0,14.601047520174223,3.690135684816617e-05,3.745402006472842e-07,0.2593067681338071,98.99511485669214,379.9531453766135,2.5797300440931106,3.690135684816617e-05,2.993592782034102e-07,1.4285432529630914e-05,3.0649968660252703e-25,1.1560109219305917e-07,2.2200963948138783e-05,1.5062895807638175e-25,3.771052024392754e-08,2.1205012640230974e-07,2.6675654502383882e-08,4.443239269022749e-08,2.815372114583509e-11,6.47250575388162e-16,5.1773176392428717e-11,1.1230412334733521e-13,9.759318583223706e-15,-7.491025518011927,-2.5320008357033643,-999.999,UO2OH+,(Hfo_wO)2UO2
6.0,14.8,3.727593720314938e-05,1e-05,1.0,0.001,0.001,0.04,6.0,14.60834115425311,3.727566437066177e-05,2.3278398689939147e-10,8.2,99.99926807343267,19528.03020808373,4.290658438223651,3.727566437066177e-05,7.216651129614245e-08,3.666071849370384e-05,6.3884359794045e-25,2.713242982006593e-09,5.400661226797764e-07,2.9760519665187406e-27,2.7004797228739457e-11,1.4683502594562e-10,1.437266633251574e-11,2.079473693966412e-11,1.3299278176349708e-14,2.483256865415521e-19,2.3048546843147765e-11,1.1125611790757479e-17,2.0088388293580582e-19,-8.17946025446253,-5.76736550463168,-999.999,UO2OH+,(Hfo_sO)2UO2
6.0,14.8,3.727593720314938e-05,7.196856730011514e-05,0.0039810717055349,0.001,0.001,0.04,6.0,14.601069744103649,3.727547077008815e-05,4.2747355201340075e-10,8.2,99.99874870198784,10634.082733055093,4.026700034797939,3.727547077008815e-05,7.21661076219824e-08,3.666052855675546e-05,5.644643190127002e-24,2.7132266857371207e-09,5.400628790249641e-07,2.6295540347928514e-26,2.7004634239296075e-11,1.5183429014252815e-10,1.9085493236513195e-11,2.2818023995552257e-10,1.0382784593388917e-12,1.7129773334483242e-16,1.4560386829375914e-13,2.7326816852799364e-14,2.181867818565428e-15,-12.600841629431333,-4.821123928288866,-999.999,UO2CO3,(Hfo_sO)2UO2
6.0,14.8,3.727593720314938e-05,7.196856730011514e-05,0.0158489319246111,0.0001,3.1622776601683795e-05,0.0012649110640673,6.0,14.601153966065988,3.6640915972525545e-05,6.349826434403568e-07,0.2593067681338071,98.29643121469208,222.53104892304827,2.3473906150256827,3.6640915972525545e-05,2.974720568495291e-07,1.4278333725678956e-05,2.158184783450153e-24,1.1425182908676729e-07,2.195085836091029e-05,1.0492104444723472e-24,3.7255060944991266e-08,2.0938636534953018e-07,2.6248796375620404e-08,3.083147140140795e-07,1.3804080193505282e-09,2.235725968783706e-13,7.643237883398159e-10,3.030264961545937e-12,2.0508812406172425e-14,-5.161342173150267,-1.6894036240952328,-999.999,UO2CO3,(Hfo_wO)2UO2
6.0,14.8,3.727593720314938e-05,7.196856730011514e-05,0.0630957344480193,0.0,3.1622776601683795e-05,0.0012649110640673,6.0,14.601501456945638,3.665382709467303e-05,6.220715106492079e-07,0.2593067681338071,98.33106782778948,227.22973515319828,2.356465162285322,3.665382709467303e-05,2.9756579247243704e-07,1.427868853201871e-05,2.0814070851651384e-24,1.1431867514922809e-07,2.1963254095032653e-05,1.012430906377072e-24,3.7277617017654494e-08,2.0917813204970122e-07,2.590096361111669e-08,2.943393683355161e-07,1.284652181987863e-09,2.006569779912993e-13,2.746509806276331e-09,0.0,0.0,-4.044415234012341,-1.7048831494745782,-999.999,UO2CO3,(Hfo_wO)2UO2
6.0,14.8,3.727593720314938e-05,7.196856730011514e-05,0.0630957344480193,0.0,0.001,0.04,6.0,14.60150145309105,3.7275483750473433e-05,4.1449634367891726e-10,8.2,99.99878352441289,10967.022437231848,4.040088731985976,3.7275483750473433e-05,7.21661346759193e-08,3.666054129168877e-05,5.366136803938865e-24,2.7132277774936558e-09,5.400630963312511e-07,2.4998121200602047e-26,2.7004645103496528e-11,1.5153279022666614e-10,1.8763174652137878e-11,2.141080008593345e-10,9.383485966055017e-13,1.4717263856508124e-16,1.9896040158791825e-12,0.0,0.0,-10.324434014742124,-4.843098658532146,-999.999,UO2CO3,(Hfo_sO)2UO2
6.0,14.8,3.727593720314938e-05,0.0005179474679231,0.2511886431509579,0.001,0.001,0.04,6.0,14.6028859888991,3.727427086593437e-05,1.635947700127065e-09,8.2,99.99552972415978,2778.5990885744814,3.443825888921934,3.727427086593437e-05,7.216360545404397e-08,3.665935136341238e-05,3.629401110252008e-23,2.713125664129442e-09,5.400427714038189e-07,1.6907459220437166e-25,2.700362253965578e-11,1.5056398580821658e-10,1.7749753896066514e-11,1.387536378807453e-09,4.2926196701398593e-11,4.553785842938188e-14,6.803783425188783e-12,3.013769959467339e-12,9.441038203262147e-14,-9.24385929428516,-4.012927779978057,-999.999,UO2CO3,(Hfo_sO)2UO2
6.0,14.8,3.727593720314938e-05,0.0037275937203149,0.001,1e-05,1e-06,4e-05,6.0,14.601057610135966,1.617016801203645e-06,3.56589194868648e-05,0.0081999999999999,4.337964173485693,5.530093836722456,0.7427325006401424,1.617016801203645e-06,1.2447651052802288e-08,4.600680335601609e-07,3.680378667645022e-24,6.065416448126108e-09,1.1384357001425555e-06,2.8799102423977342e-24,6.402104616549983e-08,3.599801872699029e-07,4.5297581793366735e-08,2.813415010015025e-05,6.644520701533329e-06,5.695529490849653e-08,9.05244386093554e-11,1.025602778690044e-07,9.252622851057324e-11,-7.019324739756577,0.2693932127477563,-999.999,UO2CO3,(Hfo_wO)2UO2
6.0,14.8,3.727593720314938e-05,0.0037275937203149,0.0158489319246111,0.001,0.0001778279410038,0.0071131176401556,6.0,14.60117079269333,3.704457141160461e-05,2.3134063369822747e-07,1.4581891162319167,99.37931596385124,109.814275660355,2.040658801293637,3.704457141160461e-05,1.0875981543995577e-07,3.566959702207858e-05,2.7932742871296896e-22,6.331614385559057e-09,1.259882959700506e-06,3.1199352626029198e-24,3.5449410569888885e-10,1.9922254565687182e-09,2.495907119985343e-10,1.519094764773775e-07,3.5256547339108655e-08,2.9583881921449394e-10,7.226738931843991e-12,3.8740731312772064e-08,2.531867283531725e-09,-9.212138561908674,-1.996575600923567,-999.999,UO2CO3,(Hfo_sO)2UO2
6.0,14.8,3.727593720314938e-05,0.01,0.001,0.0,3.1622776601683795e-05,0.0012649110640673,6.0,14.601080747304684,1.902396023243231e-05,1.8251964461310412e-05,0.2593067681338071,51.0354981251149,4.019550252266526,0.6041774625656049,1.902396023243231e-05,1.4218377706685553e-07,1.3085958479779212e-05,2.8239155720702763e-22,2.9237245992932792e-08,5.76658072959331e-06,3.935179495218418e-23,9.28677034650942e-09,5.221247298064376e-08,6.567940459388702e-09,1.1006678021681511e-05,7.013859250640161e-06,1.621822109989257e-07,1.307957847072759e-11,0.0,0.0,-8.707858329372034,-0.1380891237626826,-999.999,UO2CO3,(Hfo_sO)2UO2
6.0,14.8,3.727593720314938e-05,0.01,0.0039810717055349,0.01,3.1622776601683795e-05,0.0012649110640673,6.0,14.60113864284767,9.427725642700389e-06,2.784819971133461e-05,0.2593067681338071,25.291719940723198,1.3055573629552262,0.115795958401489,9.427725642700389e-06,3.6446985685055995e-08,8.816617366721816e-06,1.8031194039784484e-22,2.8751296611666e-09,5.717861606323473e-07,3.697908265703324e-24,9.057146271591811e-10,5.0907895982659555e-09,6.368784144937182e-10,1.0120255815890802e-06,6.143790091119602e-07,1.3463527537054817e-08,4.565779137056378e-12,1.6331030231031044e-05,9.870653751556943e-06,-9.61356857801577,-1.172286124623497,-999.999,CaUO2(CO3)3-2,(Hfo_sO)2UO2
6.0,14.8,3.727593720314938e-05,0.01,0.0158489319246111,0.0001,0.0001778279410038,0.0071131176401556,6.0,14.601190564694644,3.655050607150618e-05,7.254055325295621e-07,1.4581891162319167,98.05388895337576,34.5540278202451,1.538498678574199,3.655050607150618e-05,1.0646194000042329e-07,3.521508437566588e-05,7.416608505942706e-22,6.145260449753889e-09,1.2228144953901295e-06,8.143989402354756e-24,3.440569387999178e-10,1.933393453480541e-09,2.422419753768605e-10,3.965940326773392e-07,2.475047648106813e-07,5.5854759441989075e-09,7.035648553784514e-12,7.271940774929933e-08,4.725847612656481e-10,-9.237943234490022,-1.5798930574665846,-999.999,UO2CO3,(Hfo_sO)2UO2
6.0,14.8,0.0001930697728883,1e-05,0.0158489319246111,0.01,0.0001778279410038,0.0071131176401556,6.0,14.601189980000514,0.0001927514532885,3.172042533982775e-07,1.4581891162319167,99.83512716930994,416.7204435252021,2.619844806654544,0.0001927514532885,1.57441685920626e-06,7.989617435022279e-05,1.6269313061017e-24,5.740818875189944e-07,0.0001107067801916,7.128816755207707e-25,3.316545745119079e-08,1.863704629742545e-07,2.325398753326361e-08,3.6809378307042075e-08,2.230347095504296e-11,4.866488332344829e-16,6.417562731342907e-10,5.576678826813206e-13,3.176616878018768e-13,-5.30439666133951,-2.6104707765771087,-999.999,UO2OH+,(Hfo_wO)2UO2
6.0,14.8,0.0001930697728883,1e-05,0.0630957344480193,0.001,1e-06,4e-05,6.0,14.60150515363814,6.171740949651658e-06,0.0001868979958415,0.0081999999999999,3.196637597549516,4.0270701241835285,0.6049891921305995,6.171740949651658e-06,3.674143766280326e-08,4.6996356403035646e-07,8.997228172355585e-27,3.9376830271194686e-08,5.625659117687304e-06,3.40579072695907e-26,5.460321176012405e-07,3.063930667193785e-06,3.792023487327899e-07,5.659708642745523e-07,3.24569181431287e-10,6.658123185353414e-15,4.011727298123989e-08,6.525525315527117e-13,3.157987974332086e-14,-1.714964085821883,-1.420737265566081,-999.999,UO2OH+,(Hfo_wO)2UO2
6.0,14.8,0.0001930697728883,2.6826957952797277e-05,0.2511886431509579,0.0,5.623413251903491e-06,0.0002249365300761,6.0,14.60288087355203,3.395840222153294e-05,0.0001591111723955,0.0461119886656086,17.588668445357882,4.628419555470135,0.6654327198490286,3.395840222153294e-05,2.02361886917103e-07,2.643525940981284e-06,1.289788870833959e-25,2.1430562941838366e-07,3.089820876421617e-05,4.767254659475249e-25,5.236538663665375e-07,2.91980346443745e-06,3.4437561038594815e-07,1.3266269773296083e-06,2.021689297100573e-09,1.0569378742314594e-13,1.3207115855899178e-07,0.0,0.0,-0.6679362358724177,-1.032620636802713,-999.999,UO2OH+,(Hfo_wO)2UO2
6.0,14.8,0.0001930697728883,0.0001930697728883,0.0158489319246111,1e-05,1e-06,4e-05,6.0,14.601154334693348,6.103996815373895e-06,0.0001869657407588,0.0081999999999999,3.161549694733705,3.9814238293715016,0.6000384114348524,6.103996815373895e-06,3.635540089336212e-08,4.700310217088901e-07,1.801054283516739e-25,3.8728386208339716e-08,5.558882006563304e-06,6.735777553837931e-25,5.345415120051578e-07,3.0043036163187632e-06,3.766314618529804e-07,1.121481492499294e-05,1.272863986188745e-07,5.226154920713539e-11,1.0979669186249165e-08,7.092057461792259e-11,4.8058764806672495e-14,-2.847425314653467,-0.1286182816478378,-999.999,UO2CO3,(Hfo_wO)2UO2
6.0,14.8,0.0001930697728883,0.0001930697728883,0.0630957344480193,0.0001,0.001,0.04,6.0,14.601502071269303,0.000193060009281,8.684737537012424e-09,8.2,99.99494296433024,2710.9516517361585,3.433121772257198,0.000193060009281,5.429342869972094e-07,0.0001864807016929,7.320798499958368e-23,3.018282374548632e-08,6.006190477344844e-06,7.456304918166886e-25,3.0049211054456785e-10,1.68616466350534e-09,2.0877538460998583e-10,6.389546452260674e-09,7.510730715590301e-11,3.15941554066298e-14,2.211501734001874e-11,3.117962140792609e-13,1.5200130766405456e-15,-8.231880250186073,-3.3682423672954345,-999.999,UO2CO3,(Hfo_sO)2UO2
6.0,14.8,0.0001930697728883,0.0001930697728883,0.2511886431509579,0.001,0.0001778279410038,0.0071131176401556,6.0,14.602884665520053,0.0001921496112567,9.190846042375468e-07,1.4581891162319167,99.52340461287092,143.37392233740826,2.156470166569824,0.0001921496112567,1.56987057744699e-06,7.987664688071175e-05,2.937941943503693e-23,5.71006258786047e-07,0.0001101320875398,1.2809649755244761e-23,3.298225169237582e-08,1.8390012424751213e-07,2.1680194517964457e-08,6.296266706043214e-07,7.236475057966664e-09,2.8520061230230774e-12,8.308740565942395e-09,1.8883953851444083e-10,5.9185434183735214e-12,-3.070048082037665,-1.3560963144573384,-999.999,UO2CO3,(Hfo_wO)2UO2
6.0,14.8,0.0001930697728883,0.0005179474679231,0.001,0.01,3.1622776601683795e-05,0.0012649110640673,6.0,14.601082491109064,0.000141825772394,5.124321368014106e-05,0.2593067681338071,73.45829969772393,10.673453114111576,1.0283049466774037,0.000141825772394,8.73988558116785e-07,1.4883207987342175e-05,1.5261804950851214e-23,7.854774292153821e-07,0.0001252830984193,4.062579133246179e-23,3.085224116309049e-07,1.734573820537996e-06,2.172674012886008e-07,1.730181953786896e-05,5.26144958553306e-07,5.781156968389844e-10,3.762868337454453e-10,7.454630390808571e-07,4.794388048743931e-07,-5.736321131519006,0.0601960654322706,-999.999,UO2CO3,(Hfo_wO)2UO2
6.0,14.8,0.0001930697728883,0.0005179474679231,0.0039810717055349,0.001,5.623413251903491e-06,0.0002249365300761,6.0,14.601071556582346,3.269620033901701e-05,0.0001603733877806,0.0461119886656086,16.93491417630096,4.421311663255218,0.6455511298937107,3.269620033901701e-05,1.952879611548488e-07,2.644607852277691e-06,2.759581527635907e-24,2.025650703374258e-07,2.9653739455247043e-05,9.785013146693552e-24,4.874836783805487e-07,2.7408673566461024e-06,3.445156083686395e-07,2.791482892037244e-05,8.608430382840938e-07,9.625114791270771e-10,2.629500446148642e-09,1.530464340577056e-07,1.2179612114567154e-08,-4.088416990269458,0.2664420255716084,-999.999,UO2CO3,(Hfo_wO)2UO2
6.0,14.8,0.0001930697728883,0.0005179474679231,0.0158489319246111,0.0,0.001,0.04,6.0,14.60115505284584,0.0001930479877387,2.0770556090988165e-08,8.2,99.98871643694844,1133.452442293179,3.0544033025984496,0.0001930479877387,5.428822346070188e-07,0.0001864695274491,2.0378847536522709e-22,3.0178846194535124e-08,6.005399208801364e-06,2.0754564857650717e-24,3.0045239913530015e-10,1.6886382511526687e-09,2.116950987346509e-10,1.7978798296720552e-08,5.819948961666664e-10,6.815393347769789e-13,6.1483251855347755e-12,0.0,0.0,-9.34785495763889,-2.9236525738315464,-999.999,UO2CO3,(Hfo_sO)2UO2
6.0,14.8,0.0001930697728883,0.0005179474679231,0.2511886431509579,0.001,5.623413251903491e-06,0.0002249365300761,6.0,14.602886174406397,3.308240931316014e-05,0.0001599871764199,0.0461119886656086,17.13495013654758,4.484335575108575,0.6516981045841264,3.308240931316014e-05,1.9743961309811026e-07,2.644296941678886e-06,2.487013983247912e-24,2.0611982333034286e-07,3.0034552935052804e-05,8.932832204892756e-24,4.983434853155656e-07,2.778609323276002e-06,3.275638466302201e-07,2.4325767980958665e-05,7.149320950134324e-07,7.20498031192436e-10,1.255624190931249e-07,4.768156928669354e-08,1.4936128896450562e-09,-0.711648548440369,0.2308967896321938,-999.999,UO2CO3,(Hfo_wO)2UO2
6.0,14.8,0.0001930697728883,0.0005179474679231,0.2511886431509579,0.001,0.001,0.04,6.0,14.602885793634345,0.0001930505530964,1.8202607049318127e-08,8.2,99.99004515746688,1293.3724446080578,3.1117236040348284,0.0001930505530964,5.428933253454719e-07,0.0001864719124069,1.846073010786436e-22,3.0179693021013525e-08,6.005567671153353e-06,1.8801370736770957e-24,3.0046083648213743e-10,1.6752797419449414e-09,1.974974699592256e-10,1.543824948227427e-08,4.775938968926648e-10,5.066338656121351e-13,7.568863222037884e-11,3.3530901926080985e-11,1.050439366022906e-12,-7.151119639268721,-2.9665766798239126,-999.999,UO2CO3,(Hfo_sO)2UO2
6.0,14.8,0.0001930697728883,0.0013894954943731,0.0039810717055349,1e-05,1e-06,4e-05,6.0,14.60107111345786,5.642298745955024e-06,0.0001874274443821,0.0081999999999999,2.9224143487332075,3.6712084251566752,0.5648090413620372,5.642298745955024e-06,3.3777792701621934e-08,4.704098181031202e-07,1.3225106934320192e-24,3.446381898289497e-08,5.103647316167387e-06,4.5373624221646845e-24,4.610587047643868e-07,2.59229875423766e-06,3.259798163366183e-07,7.116326656416802e-05,5.910195617219323e-06,1.7804290441761773e-08,2.5256387088594356e-09,2.94986194041988e-08,2.4471215703330938e-11,-4.126298348679278,0.6726790407028966,-999.999,UO2CO3,(Hfo_wO)2UO2
6.0,14.8,0.0001930697728883,0.0013894954943731,0.0158489319246111,1e-05,1e-06,4e-05,6.0,14.601158636766938,5.656392508456965e-06,0.000187413350531,0.0081999999999999,2.9297141773345974,3.68065542017806,0.565925161070672,5.656392508456965e-06,3.385518882614393e-08,4.704004094231414e-07,1.2979966022639447e-24,3.459013849015506e-08,5.117546771717524e-06,4.465475234720168e-24,4.631832665480722e-07,2.603194630878233e-06,3.263269597519064e-07,6.997634619641594e-05,5.719585945727539e-06,1.6911045377656366e-08,9.508039391966178e-09,2.2791677205460262e-08,1.5338209039530408e-11,-2.972748213429337,0.6665587257750847,-999.999,UO2CO3,(Hfo_wO)2UO2
6.0,14.8,0.0001930697728883,0.0013894954943731,0.0630957344480193,1e-05,0.0001778279410038,0.0071131176401556,6.0,14.601506123515032,0.0001875790041885,5.489918083150193e-06,1.4581891162319167,97.15607025499264,23.43173835925732,1.369804509332249,0.0001875790041885,1.535063614666448e-06,7.972324347789122e-05,2.243700529949051e-22,5.477107650180937e-07,0.0001057729863309,9.41357739000926e-23,3.159655356973011e-08,1.772958292103815e-07,2.1951683591629457e-08,4.816484368214118e-06,4.058817988086898e-07,1.2239946164529275e-09,2.3257272595208107e-09,1.2052484895333883e-09,5.86251806555503e-13,-4.188614016071796,-0.4909803547650568,-999.999,UO2CO3,(Hfo_wO)2UO2
6.0,14.8,0.0001930697728883,0.0013894954943731,0.0630957344480193,0.001,1e-06,4e-05,6.0,14.601510040811675,5.680097816979806e-06,0.0001873896450321,0.0081999999999999,2.9419922818603395,3.6965482036656376,0.5677963738500512,5.680097816979806e-06,3.3985539419922075e-08,4.70384269556449e-07,1.2477429441450092e-24,3.480313745803729e-08,5.140924870545398e-06,4.3123459099878615e-24,4.66772882049559e-07,2.619127180678336e-06,3.2412950172087085e-07,6.703304585616544e-05,5.3266024292377725e-06,1.5139886371712023e-08,3.4284821605502394e-08,1.4770059940980442e-06,7.114639567962792e-08,-1.851755872663027,0.6527779499274251,-999.999,UO2CO3,(Hfo_wO)2UO2
6.0,14.8,0.0001930697728883,0.0013894954943731,0.2511886431509579,0.01,5.623413251903491e-06,0.0002249365300761,6.0,14.602921497397707,3.098537801942289e-05,0.0001620842311691,0.0461119886656086,16.048798087800826,4.145741139197375,0.6176021811809228,3.098537801942289e-05,1.858834276418809e-07,2.6457646610152137e-06,6.4897737416035165e-24,1.872036555973849e-07,2.7966526275168416e-05,2.169286284955857e-23,4.4146929756878393e-07,2.461096047181552e-06,2.88920769735568e-07,5.597588813627931e-05,4.307816491865829e-06,1.1322322972250368e-08,1.102957422595048e-07,7.34593161264208e-06,2.246882520840153e-06,-0.8219084498507954,0.5945788500380691,-999.999,UO2CO3,(Hfo_wO)2UO2
6.0,14.8,0.0001930697728883,0.0037275937203149,0.0158489319246111,0.001,5.623413251903491e-06,0.0002249365300761,6.0,14.60117041407525,2.2641080289590744e-05,0.0001704286002005,0.0461119886656086,11.726890207037616,2.8809837949050667,0.4595408154469865,2.2641080289590744e-05,1.4219972473976564e-07,2.6452028598524294e-06,1.9477408604287162e-23,1.2030948548315525e-07,1.9733368219515397e-05,4.5948719330448746e-23,2.5840965726543733e-07,1.4522419040982817e-06,1.8194044337784395e-07,0.0001041216381487,2.2722343619948515e-05,1.7927730490222568e-07,5.263083110153398e-09,2.2882210862737077e-05,1.457574334901213e-06,-3.486681734140639,0.8393809316214549,-999.999,UO2CO3,(Hfo_wO)2UO2
6.0,14.8,0.0001930697728883,0.0037275937203149,0.0630957344480193,0.01,5.623413251903491e-06,0.0002249365300761,6.0,14.601549975553452,1.6429560035417273e-05,0.0001766401339795,0.0461119886656086,8.509649019435283,2.0170780149999543,0.3047226958472505,1.6429560035417273e-05,1.1050485861165383e-07,2.634197982643863e-06,1.7519671512867686e-23,7.77981548818873e-08,1.3607059039279867e-05,2.86181671131521e-23,1.5670559957122197e-07,8.791350931442001e-07,1.083294555279769e-07,5.619295935597263e-05,1.124189715489075e-05,8.01156119121385e-08,1.1241193560738036e-08,7.226799862888159e-05,3.2054923442093736e-05,-2.8170879959062134,0.5779620616519221,-999.999,CaUO2(CO3)3-2,(Hfo_wO)2UO2
6.0,14.8,0.0001930697728883,0.0037275937203149,0.2511886431509579,1e-05,5.623413251903491e-06,0.0002249365300761,6.0,14.602893699098448,2.5463299303791742e-05,0.0001676063733656,0.0461119886656086,13.18865139936751,3.2946576505357044,0.5178102935255707,2.5463299303791742e-05,1.5667295669377442e-07,2.6467293224191698e-06,1.807281862096926e-23,1.4155898428945278e-07,2.2518338040389345e-05,4.862422535949605e-23,3.135081098968824e-07,1.7479637978972005e-06,2.061234537134356e-07,0.0001111415537614,2.3707267611790016e-05,1.734594093830909e-07,7.905349417482407e-08,1.1324709994098553e-07,3.500802724548517e-11,-1.1145004873352882,0.8905651409297706,-999.999,UO2CO3,(Hfo_wO)2UO2
6.0,14.8,0.001,1e-05,0.2511886431509579,0.001,5.623413251903491e-06,0.0002249365300761,6.0,14.602885318882,4.431756180481143e-05,0.0009556810834374,0.0461119886656086,4.431756180481142,1.0056549992796753,0.0024490168959802,4.431756180481143e-05,2.6620659073776884e-07,2.6279703214818502e-06,4.606244559226825e-26,3.260957651901002e-07,4.109728912740171e-05,2.2779265248872126e-25,9.11565213240702e-07,5.0826260482667255e-06,5.991738004241165e-07,8.292367143779352e-07,4.54193396085978e-10,8.530359833900831e-15,2.2966922839565973e-07,5.64851613551341e-13,1.7703765113054332e-14,-0.1870410404881397,-1.236485720595696,-999.999,UO2OH+,(Hfo_wO)2UO2
6.0,14.8,0.001,2.6826957952797277e-05,0.001,0.001,1e-06,4e-05,6.0,14.601048752684765,7.868624316633574e-06,0.0009921311351648,0.0081999999999999,0.7868624316633573,0.9671990902062452,-0.0144841206652676,7.868624316633574e-06,4.7255825508541664e-08,4.673523321454575e-07,2.4380783316134815e-26,5.783768043208277e-08,7.296178478547492e-06,1.2036457580653936e-25,9.08314825996266e-07,5.1075185172077975e-06,6.424915596658852e-07,2.6020975491664788e-06,4.009063027983136e-09,2.2410220232089654e-13,1.2589625166337091e-09,3.8661721988276625e-11,3.340413211876283e-12,-4.7288007432056105,-0.7643603564792407,-999.999,UO2OH+,(Hfo_wO)2UO2
6.0,14.8,0.001,2.6826957952797277e-05,0.0039810717055349,0.001,0.001,0.04,6.0,14.601068516971583,0.0009996449282852,3.247288749017202e-07,8.2,99.9644928285203,375.4144688255919,2.574511006724385,0.0009996449282852,8.201981637092924e-06,0.0004462635328492,2.5532619927287038e-23,2.8009432505398816e-06,0.0005423784705483,9.813104492639526e-24,2.8656910566575793e-08,1.6112516925071666e-07,2.025416752162237e-08,8.998090202733884e-08,1.5213786972676268e-10,9.32698572611272e-15,1.4344538202731778e-10,1.49333316727801e-12,1.1967105032709413e-13,-6.548419775869775,-2.2252666504058345,-999.999,UO2OH+,(Hfo_wO)2UO2
6.0,14.8,0.001,7.196856730011514e-05,0.001,0.01,3.1622776601683795e-05,0.0012649110640673,6.0,14.601081618373424,0.0002399649417121,0.0007600277337023,0.2593067681338071,23.99649417121357,1.217599621618448,0.0855045044650607,0.0002399649417121,1.4353352700077127e-06,1.4796303630148127e-05,2.009365050988126e-24,1.7222414664958752e-06,0.0002220110613454,9.534111410306425e-24,8.370023245526039e-07,4.705810988995146e-06,5.894313538154232e-07,6.216174713655903e-06,2.5034440124337537e-08,3.642868485911241e-12,9.91214956592987e-10,4.700276983742214e-09,3.024783871592839e-09,-4.869428916290229,-0.3843677263399163,-999.999,UO2CO3,(Hfo_wO)2UO2
6.0,14.8,0.001,7.196856730011514e-05,0.0039810717055349,0.0001,3.1622776601683795e-05,0.0012649110640673,6.0,14.60106708931444,0.0002399427230906,0.0007600499529796,0.2593067681338071,23.994272309064357,1.217451290737339,0.0854515944557345,0.0002399427230906,1.4351896224906403e-06,1.4796345452604296e-05,2.0832963915734862e-24,1.7219795174146492e-06,0.0002219892084981,9.883902714014701e-24,8.3683010131016e-07,4.705157517943392e-06,5.916752296592288e-07,6.468539585768845e-06,2.690484486989209e-08,4.0590751469526e-12,4.503913792151901e-09,6.758802701676031e-11,5.634881581498914e-13,-3.608412204956544,-0.3687661070239105,-999.999,UO2CO3,(Hfo_wO)2UO2
6.0,14.8,0.001,7.196856730011514e-05,0.0158489319246111,0.001,0.0001778279410038,0.0071131176401556,6.0,14.60115639278274,0.000926465387634,7.350646482441612e-05,1.4581891162319167,92.6465387634086,8.643503455529363,0.93668980995604,0.000926465387634,5.590524654491762e-06,8.368847285805633e-05,1.210040330783656e-23,5.459340149923181e-06,0.0008317270499716,3.802901080007003e-23,3.992286682461521e-07,2.243778522513704e-06,2.811698975393129e-07,3.159268171235585e-06,1.3535993134068197e-08,2.097125050980852e-12,8.006025211730308e-09,2.7893239434110257e-10,1.851842943149941e-11,-3.105911143888779,-0.6786440772846234,-999.999,UO2CO3,(Hfo_wO)2UO2
6.0,14.8,0.001,7.196856730011514e-05,0.0630957344480193,0.0001,1e-06,4e-05,6.0,14.601502991910465,7.876609964748089e-06,0.0009921231494612,0.0081999999999999,0.7876609964748088,0.9681884666682178,-0.0140400951016405,7.876609964748089e-06,4.7309891823827196e-08,4.673359230327083e-07,6.211087137278741e-26,5.793601057713782e-08,7.304028139314416e-06,3.069735059392349e-25,9.104264223932676e-07,5.108694371019951e-06,6.325145331547419e-07,6.553583369856418e-06,2.6080851513460493e-08,3.714156704664015e-12,6.705417445117367e-08,3.6636957554200176e-11,1.7851474674383715e-13,-1.2692080731668014,-0.3572166900526818,-999.999,UO2CO3,(Hfo_wO)2UO2
6.0,14.8,0.001,7.196856730011514e-05,1.0,0.001,3.1622776601683795e-05,0.0012649110640673,6.0,14.60834199676066,0.0002458845220616,0.0007541079757786,0.2593067681338071,24.588452206163044,1.2574299638893245,0.0994838051447082,0.0002458845220616,1.4745506765141592e-06,1.4784824360529218e-05,1.735056624519545e-24,1.7930362937463964e-06,0.0002278321107308,8.45497673385569e-24,8.840493279813163e-07,4.80688306105382e-06,4.705002542123785e-07,4.584407647295101e-06,1.9745651366403168e-08,2.4829555676172854e-12,7.544826689058062e-07,1.1123583028068542e-10,2.008305142894324e-12,0.8505932623049972,-0.4240260184505828,-999.999,UO2OH+,(Hfo_wO)2UO2
6.0,14.8,0.001,0.0001930697728883,0.2511886431509579,0.0,1e-06,4e-05,6.0,14.602882422807598,7.90330902734662e-06,0.0009920964500776,0.0081999999999999,0.790330902734662,0.9714964447168176,-0.0125587844030488,7.90330902734662e-06,4.7491021342552527e-08,4.672807772596114e-07,1.5794141262396575e-25,5.826564790215291e-08,7.330271580842304e-06,7.834984968384707e-25,9.175193088456736e-07,5.115892606558148e-06,6.033668705256121e-07,1.61022716732025e-05,1.7000097702943425e-07,6.157005191070506e-11,2.3140076286563501e-07,0.0,0.0,-0.1808786100248447,0.0515333149724739,-999.999,UO2CO3,(Hfo_wO)2UO2
6.0,14.8,0.001,0.0013894954943731,0.0630957344480193,0.0001,3.1622776601683795e-05,0.0012649110640673,6.0,14.6015071252171,0.0002352226178424,0.0007647703828835,0.2593067681338071,23.522261784241184,1.186135122348389,0.0741341658812255,0.0002352226178424,1.4045020387091375e-06,1.4805019620329986e-05,3.7943582343570174e-23,1.6669548734965398e-06,0.0002173461413098,1.76149444631145e-22,8.009562686086913e-07,4.49433671354436e-06,5.564237463088684e-07,0.0001111786500521,8.532327025757711e-06,2.34313243946935e-08,5.89198036231963e-08,2.300130069289747e-07,1.1152987156981008e-09,-1.3809373400079537,0.8723381486841735,-999.999,UO2CO3,(Hfo_wO)2UO2
6.0,14.8,0.001,0.0037275937203149,0.0039810717055349,0.0001,3.1622776601683795e-05,0.0012649110640673,6.0,14.601079970061315,0.0002221084403691,0.0007778853209402,0.2593067681338071,22.210844036916715,1.1011224922906284,0.0418356339280148,0.0002221084403691,1.3217542069077587e-06,1.4826895765864257e-05,1.0554224593874516e-22,1.520330270191334e-06,0.0002044394601262,4.601938629362422e-22,7.083108298036073e-07,3.9823093558672645e-06,5.006804914378261e-07,0.0002767671508786,5.820711531104143e-05,4.4396851664964906e-07,3.809951865002633e-09,6.724755380492996e-06,5.099356465683629e-08,-3.757957331366768,1.2625999793228997,-999.999,UO2CO3,(Hfo_wO)2UO2
6.0,14.8,0.001,0.0037275937203149,0.0158489319246111,0.0001,3.1622776601683795e-05,0.0012649110640673,6.0,14.601167488425336,0.0002226335871017,0.0007773601622305,0.2593067681338071,22.263358710175197,1.104471594866741,0.0431545510347387,0.0002226335871017,1.3250003904495078e-06,1.4826082783732326e-05,1.0387950569340874e-22,1.5260318923075356e-06,0.0002049564720352,4.541142085100427e-22,7.118333164334289e-07,4.000501025313606e-06,5.013952361710874e-07,0.0002730307149696,5.667417645613095e-05,4.254893279618657e-07,1.4529356354460774e-08,5.372038284252413e-06,3.386251951964591e-08,-2.601904870025187,1.2578817643780664,-999.999,UO2CO3,(Hfo_wO)2UO2
6.0,14.8,0.001,0.0037275937203149,0.0630957344480193,0.0001,5.623413251903491e-06,0.0002249365300761,6.0,14.601515582684076,4.150101115091537e-05,0.0009584978139241,0.0461119886656086,4.150101115091537,0.9389742858420866,-0.0273463008859662,4.150101115091537e-05,2.476501360953789e-07,2.6333441064101795e-06,1.7729628186265672e-23,2.926639118957783e-07,3.832735299651403e-05,8.160200717390557e-23,7.872996226445519e-07,4.417534298068828e-06,5.468367916766596e-07,0.0002870582068763,5.787940696239587e-05,4.175573063803736e-07,5.7931903617510766e-08,3.924884641412627e-06,1.822114296734637e-08,-1.3969200700640343,1.284332057966291,-999.999,UO2CO3,(Hfo_wO)2UO2
6.0,14.8,0.001,0.0037275937203149,1.0,0.0,0.001,0.04,6.0,14.608348307732246,0.0009897474603346,1.0228034980258118e-05,8.2,98.97474603346718,11.800987191565625,1.071918338993974,0.0009897474603346,8.12327033380552e-06,0.0004458690066935,2.8889979812559546e-21,2.7512020483654518e-06,0.0005330039812589,1.0921201163924556e-21,2.8134239146203885e-08,1.529711781108821e-07,1.4978257081965733e-08,8.058465681000856e-06,1.915645228195107e-06,1.3300103966663452e-08,2.4011109512144268e-08,0.0,0.0,-2.144492427675964,-0.1792248715687474,-999.999,UO2CO3,(Hfo_wO)2UO2
6.0,14.8,0.001,0.01,0.0158489319246111,0.001,1e-06,4e-05,6.0,14.60118948807907,5.298162983852353e-06,0.0009947017163785,0.0081999999999999,0.5298162983852353,0.6495589847853985,-0.1873814056322417,5.298162983852353e-06,3.191040795678591e-08,4.705949653976561e-07,8.130178279947049e-24,3.145096743770286e-08,4.764206643060208e-06,2.602815490247204e-23,4.113272603956267e-07,2.3114237374644142e-06,2.894825006394317e-07,0.0003887683987948,0.000199110002457,3.6859197039742176e-06,8.348554514226963e-09,0.0003124941441736,1.3218694555760585e-05,-3.0871873156861334,1.4116402853571572,-999.999,UO2CO3,(Hfo_wO)2UO2
7.0,13.8,1e-08,2.6826957952797277e-05,0.2511886431509579,1e-05,3.1622776601683795e-05,0.0012649110640673,7.0,13.60288074391396,9.999631871290202e-09,3.681304853555598e-13,0.2593067681338071,99.99631871290202,104753.45992400587,5.020168376278791,9.999631871290202e-09,1.8019325602288341e-12,9.872729806891966e-09,1.065778242300349e-26,6.281591987933675e-14,1.2503731591812888e-10,4.2684405871145815e-29,1.977014336391382e-15,1.1023496866168609e-13,1.3001646194263661e-13,1.1081761863742197e-13,3.736534662155581e-15,4.322137846077955e-18,4.986449955005364e-16,2.8680147919855734e-18,9.012256762522837e-22,-11.514010939484784,-8.110760583003447,-999.999,UO2(OH)2,(Hfo_sO)2UO2
7.0,13.8,1e-08,7.196856730011514e-05,0.0039810717055349,0.0,3.1622776601683795e-05,0.0012649110640673,7.0,13.601066105659465,9.999239087155783e-09,7.609116484122073e-13,0.2593067681338071,99.99239087155786,50677.93005669078,4.704818867787648,9.999239087155783e-09,1.8018617374611259e-12,9.872342013557186e-09,4.0309691935134086e-26,6.28134494348262e-14,1.2503239841170323e-10,1.6144026011959598e-28,1.976936583561361e-15,1.1115565931931669e-13,1.3978790926703226e-13,4.4318108289157083e-13,5.345290483494428e-14,2.3386250539750603e-16,1.085328093876269e-17,0.0,0.0,-14.859955638901097,-7.533017975206782,-999.999,UO2CO3,(Hfo_sO)2UO2
7.0,13.8,1e-08,7.196856730011514e-05,0.2511886431509579,0.001,0.0001778279410038,0.0071131176401556,7.0,13.602884459568797,9.999896562311752e-09,1.034363326781645e-13,1.4581891162319167,99.99896562311751,66299.2386295121,4.8215085410608784,9.999896562311752e-09,1.8010782894410278e-12,9.873118824325013e-09,2.8507628771547197e-26,6.275391121479062e-14,1.2491390578608414e-10,1.1405583778458372e-28,3.512212812973291e-16,1.958316828421455e-14,2.3086708250718312e-14,5.263377015033511e-14,4.748913780217008e-15,1.4692679854135332e-17,8.849983139172155e-17,9.72852410074782e-16,3.049087084518963e-17,-13.015443897896052,-8.433912446168652,-999.999,UO2CO3,(Hfo_sO)2UO2
7.0,13.8,1e-08,7.196856730011514e-05,0.2511886431509579,0.01,5.623413251903491e-06,0.0002249365300761,7.0,13.60291692195776,9.996433615632658e-09,3.5663831105267297e-12,0.0461119886656086,99.96433615632658,60785.95433123129,4.7838032394513865,9.996433615632658e-09,1.8064408680314773e-12,9.868851094014252e-09,2.7757315492710407e-26,6.315538890669238e-14,1.2571292536146792e-10,1.1181261333233106e-28,1.1177660332979518e-14,6.231435676137892e-13,7.315839560424079e-13,1.6251768285785404e-12,1.434077556579626e-13,4.3219874813248598e-16,2.7928488873573067e-15,2.811660406887816e-13,8.623450484458854e-14,-10.01470394443426,-6.94253822637722,-999.999,UO2CO3,(Hfo_sO)2UO2
7.0,13.8,1e-08,0.0001930697728883,0.0039810717055349,0.01,0.001,0.04,7.0,13.601103391263525,9.999746312178504e-09,2.536870804240241e-13,8.2,99.99746312178505,4807.02941412881,3.6818767795771072,9.999746312178504e-09,1.8008909204154829e-12,9.872993165720494e-09,9.589495306343026e-26,6.274165546355792e-14,1.2488951388213158e-10,3.835949576156217e-28,6.244475772575925e-17,3.5104294926499047e-15,4.393624570281921e-15,3.31467779901057e-14,9.554100691301942e-15,9.943441627231444e-17,3.137268364203635e-19,1.2466577451226926e-13,7.79033566133636e-14,-17.93113446977992,-8.657157100503868,-999.999,CaUO2(CO3)3-2,(Hfo_sO)2UO2
7.0,13.8,1e-08,0.0001930697728883,0.0158489319246111,0.01,0.0001778279410038,0.0071131176401556,7.0,13.601190839274086,9.998789485023602e-09,1.210514268352975e-12,1.4581891162319167,99.98789485023602,5664.527109398726,3.753163659591997,9.998789485023602e-09,1.8008788725058738e-12,9.872025785512438e-09,9.350739610319679e-26,6.274696227656667e-14,1.2490007367638255e-10,3.7411263577500574e-28,3.511823894351496e-16,1.9734317131584514e-14,2.4622481194800963e-14,1.8129788993189296e-13,5.1098963872320384e-14,5.186230040239526e-16,6.8209736159350146e-18,5.934099405456003e-13,3.375034337176764e-13,-15.254978207398356,-7.91802758823945,-999.999,CaUO2(CO3)3-2,(Hfo_sO)2UO2
7.0,13.8,1e-08,0.0001930697728883,0.2511886431509579,1e-05,0.001,0.04,7.0,13.602881286614483,9.999960601687314e-09,3.9397598407615567e-14,8.2,99.99960601687312,30953.850989402985,4.490714687585769,9.999960601687314e-09,1.8009295133405625e-12,9.873204738868306e-09,7.670631235882654e-26,6.274300003794798e-14,1.2489219030562908e-10,3.068373644603396e-28,6.244609593737374e-17,3.48187977090806e-15,4.106637515620894e-15,2.5190824021647433e-14,6.1129552310848564e-15,5.088903046854928e-17,1.574990671591616e-17,3.3751176110372825e-17,1.0600290464388651e-20,-14.515110944960457,-8.754121746433675,-999.999,UO2CO3,(Hfo_sO)2UO2
7.0,13.8,1e-08,0.0001930697728883,1.0,0.01,5.623413251903491e-06,0.0002249365300761,7.0,13.608372743387434,9.993421943204788e-09,6.578057057138076e-12,0.0461119886656086,99.93421943204788,32946.00318402566,4.5178027360648745,9.993421943204788e-09,1.8058947653027e-12,9.865878124233133e-09,5.628808530842522e-26,6.313622950806328e-14,1.2567478797684467e-10,2.267403908804082e-28,1.1174269370858652e-14,6.074977892133227e-13,5.923333175189057e-13,2.806698486638342e-12,5.899029879650178e-13,3.606295631014044e-15,9.5191693318139e-15,1.6112625885469445e-12,2.8904616755319145e-13,-8.94625464632826,-6.63550013382002,-999.999,UO2CO3,(Hfo_sO)2UO2
7.0,13.8,1e-08,0.0005179474679231,1.0,1e-05,5.623413251903491e-06,0.0002249365300761,7.0,13.608339159817506,9.986594360658329e-09,1.3405653227213897e-11,0.0461119886656086,99.86594360658329,16155.32043393262,4.2083155764860445,9.986594360658329e-09,1.8046567326222973e-12,9.859138281549917e-09,1.5299323067425289e-25,6.309279467677697e-14,1.2558832958111443e-10,6.162863398270561e-28,1.1166581976831032e-14,6.07173755147457e-13,5.945568875636299e-13,7.66021937030215e-12,4.361006897951074e-12,7.251369426414047e-14,9.532876529844718e-15,3.2472223939117504e-14,5.862619746349331e-18,-8.946616325743761,-6.201246483922029,-999.999,UO2CO3,(Hfo_sO)2UO2
7.0,13.8,1e-08,0.0005179474679231,1.0,0.001,0.0001778279410038,0.0071131176401556,7.0,13.608342572089894,9.999476698986104e-09,5.233008413782029e-13,1.4581891162319167,99.99476698986103,13104.244492281176,4.117411987335912,9.999476698986104e-09,1.8010026597997038e-12,9.872704285145382e-09,1.5299352832536396e-25,6.275127580316376e-14,1.24908659905123e-10,6.1211000837407175e-28,3.5120653138071753e-16,1.909626759850363e-14,1.8691499011370422e-14,2.4049676983642963e-13,1.3678436131609761e-13,2.271294129756978e-15,2.997600705265694e-16,1.01682335050736e-13,1.8345408028481684e-15,-11.951365610295738,-7.704200484598559,-999.999,UO2CO3,(Hfo_sO)2UO2
7.0,13.8,1e-08,0.0013894954943731,1.0,1e-05,3.1622776601683795e-05,0.0012649110640673,7.0,13.60834150592896,9.990227589604926e-09,9.772410867853084e-12,0.2593067681338071,99.90227589604926,3942.3920620428903,3.595759811702685,9.990227589604926e-09,1.8002368784632625e-12,9.863445017900389e-09,4.106505820294015e-25,6.275677102780477e-14,1.2491957805504788e-10,1.6446531580955657e-27,1.975152735442575e-15,1.0739615298764253e-13,1.0515981545463953e-13,3.6351099331587883e-12,5.552496761752306e-12,2.477034917304913e-13,1.686193897550579e-15,1.1078062900840265e-13,1.997416232347935e-17,-10.45150863539248,-6.524955500747476,-999.999,UO2(CO3)2-2,(Hfo_sO)2UO2
7.0,13.8,1e-08,0.0013894954943731,1.0,0.0001,5.623413251903491e-06,0.0002249365300761,7.0,13.608341815875002,9.939407391780547e-09,6.059260823185582e-11,0.0461119886656086,99.39407391780549,3557.3532386461548,3.551126991971814,9.939407391780547e-09,1.7961005672235197e-12,9.812557680144924e-09,4.0848095025740414e-25,6.279261798743828e-14,1.2499081845041188e-10,1.6453856183936244e-27,1.111345465261255e-14,6.042776090525045e-13,5.916717199848098e-13,2.0450105657875208e-11,3.1234046464183666e-11,1.3932140232866729e-12,9.487406320998031e-15,6.230726593982977e-12,1.1233534968704769e-14,-8.951014899883702,-5.774761333115334,-999.999,UO2(CO3)2-2,(Hfo_sO)2UO2
7.0,13.8,1e-08,0.0037275937203149,0.001,0.01,3.1622776601683795e-05,0.0012649110640673,7.0,13.601093757319918,1.7520482562536064e-09,8.247951745626336e-09,0.2593067681338071,17.520482562536063,0.819192749548573,-0.0866139001731525,1.7520482562536064e-09,3.1556036811060537e-13,1.7298360262925616e-09,3.264662452018414e-25,1.0994866258638552e-14,2.1885674726675155e-11,1.3061506982008865e-27,3.4604292521948557e-16,1.945420608233924e-14,2.436026526526004e-14,3.570658242747731e-12,1.9989257743271018e-11,4.042313709088122e-12,4.391685415286003e-19,5.0608825991479275e-09,3.159420811452282e-09,-17.641740355445254,-6.625036678771714,-999.999,CaUO2(CO3)3-2,(Hfo_sO)2UO2
7.0,13.8,1e-08,0.0037275937203149,0.0158489319246111,1e-05,0.0001778279410038,0.0071131176401556,7.0,13.601166998995192,9.962558959671757e-09,3.7441042699897164e-11,1.4581891162319167,99.62558959671756,182.47741384396065,2.2612091172858206,9.962558959671757e-09,1.7943526999610499e-12,9.83625468692072e-09,1.9586943085151482e-24,6.251954953945678e-14,1.24447400501534e-10,7.836510601683687e-27,3.4990960501549616e-16,1.9664953246382225e-14,2.464315976403339e-14,3.81381111717888e-12,2.2502442273384327e-11,4.801385232389801e-12,7.152300771769514e-18,6.2726839958682496e-12,4.090785297646604e-15,-15.22227239652041,-6.596907239858146,-999.999,UO2(CO3)2-2,(Hfo_sO)2UO2
7.0,13.8,1e-08,0.0037275937203149,0.2511886431509579,0.0,5.623413251903491e-06,0.0002249365300761,7.0,13.602892793466603,9.46794808577702e-09,5.32051915319721e-10,0.0461119886656086,94.6794808577702,385.9117524351214,2.586488004640335,9.46794808577702e-09,1.7106285477530373e-12,9.347154609910954e-09,1.402136014648758e-24,5.979454155669092e-14,1.1902305277675418e-10,5.646012084030161e-27,1.0582834607328003e-14,5.900481786023477e-13,6.957075140797525e-13,8.240745116371378e-11,3.8620993830856996e-10,6.207749211821112e-11,2.668018448631089e-15,0.0,0.0,-10.058843128534988,-5.239287272946484,-999.999,UO2(CO3)2-2,(Hfo_sO)2UO2
7.0,13.8,1e-08,0.01,0.0158489319246111,0.0,0.0001778279410038,0.0071131176401556,7.0,13.601189832848736,9.744363965441763e-09,2.556360395153187e-10,1.4581891162319167,97.44363965441764,26.140721136061256,1.4173175641585345,9.744363965441763e-09,1.75504953655395e-12,9.620826532617285e-09,5.109506871524892e-24,6.114998496541199e-14,1.217212333029578e-10,2.044245015112859e-26,3.4224442145946743e-16,1.923214675860073e-14,2.4084320375500484e-14,9.94301800975028e-12,1.5655595241846634e-10,8.909148294803933e-11,6.939055734157174e-18,0.0,0.0,-15.252671731534704,-6.180497018745564,-999.999,UO2(CO3)2-2,(Hfo_sO)2UO2
7.0,13.8,1e-08,0.01,0.0158489319246111,0.001,0.001,0.04,7.0,13.60119332015785,8.285568013644937e-09,1.7144319912482023e-09,8.2,82.85568013644937,0.58937019886078,-0.2296118277625208,8.285568013644937e-09,1.4921733510654605e-12,8.1805438645531e-09,4.30327679077852e-24,5.198599670321622e-14,1.0347998974406468e-10,1.7213670300450503e-26,5.173999538225657e-17,2.907440243639277e-15,3.639327979418474e-15,1.4882280168347486e-12,2.3219913237635875e-11,1.3088132896250676e-11,1.0427792757067525e-18,1.5813484544188067e-09,9.528037280513423e-11,-16.898156884777634,-7.005156510868691,-999.999,CaUO2(CO3)3-2,(Hfo_sO)2UO2
7.0,13.8,5.179474679231213e-08,1e-05,1.0,0.001,3.1622776601683795e-05,0.0012649110640673,7.0,13.608341206461091,5.179343001720903e-08,1.3167071914198225e-12,0.2593067681338071,99.997457705299,151695.12116044678,5.180971613171905,5.179343001720903e-08,9.356988670375684e-12,5.113275933601234e-08,1.52977391733087e-26,3.27041243998171e-13,6.509866512822998e-10,6.158856787600646e-29,1.0293023930121372e-14,5.596694763753613e-13,5.478206720071725e-13,1.3607838929132145e-13,1.4941666095783393e-15,4.789906645307679e-19,8.785212800403685e-15,2.145978698533391e-17,3.874734232871887e-19,-9.017257501095424,-7.951528995308056,-999.999,UO2OH+,(Hfo_sO)2UO2
7.0,13.8,5.179474679231213e-08,2.6826957952797277e-05,0.0158489319246111,0.01,0.0001778279410038,0.0071131176401556,7.0,13.601190262068029,5.179435597398724e-08,3.907662600834627e-13,1.4581891162319167,99.99924544794771,90897.41371713283,4.958551526518371,5.179435597398724e-08,9.332888610706377e-12,5.1137114230451274e-08,6.730422886233455e-26,3.253313124981011e-13,6.475835236127614e-10,2.695267825207551e-28,1.820815549269607e-15,1.0231904583483785e-13,1.2766520376413605e-13,1.3061637394144462e-13,5.11538383001234e-15,7.214136621404372e-18,3.5369150607064626e-17,8.263916461946564e-15,4.705578329790348e-15,-13.825315479066624,-8.060427910097076,-999.999,UO2CO3,(Hfo_sO)2UO2
7.0,13.8,5.179474679231213e-08,7.196856730011514e-05,0.0158489319246111,0.0,0.001,0.04,7.0,13.601153640438946,5.179462743162994e-08,1.1932680855547768e-13,8.2,99.99976955060198,52933.771177919545,4.723732835676855,5.179462743162994e-08,9.32863466551388e-12,5.1137991352162224e-08,1.97361470041774e-25,3.250292807118026e-13,6.469824155215008e-10,7.896073512850277e-28,3.234912289068857e-16,1.81813564380068e-14,2.2793209279049785e-14,6.835914803047651e-14,7.814477078766165e-15,3.23160765038449e-17,6.6466154308654905e-18,0.0,0.0,-15.28351470929292,-8.343618784290502,-999.999,UO2CO3,(Hfo_sO)2UO2
7.0,13.8,5.179474679231213e-08,7.196856730011514e-05,0.0630957344480193,0.001,0.0001778279410038,0.0071131176401556,7.0,13.601505147405948,5.1794116768070515e-08,6.300224433111534e-13,1.4581891162319167,99.99878361362757,56378.115959948685,4.751110558554569,5.1794116768070515e-08,9.332845483712422e-12,5.113687806334996e-08,1.7663460472146698e-25,3.2532980828741e-13,6.475805294285432e-10,7.0735163665173405e-28,1.82080712989248e-15,1.0217030802043197e-13,1.2644960706271352e-13,3.4051602076836434e-13,3.5232795718824395e-14,1.3040333127541205e-16,1.337810343005252e-16,1.2777248870066728e-14,6.181844064075351e-16,-12.668906496967832,-7.641394474452444,-999.999,UO2CO3,(Hfo_sO)2UO2
7.0,13.8,5.179474679231213e-08,7.196856730011514e-05,1.0,1e-05,5.623413251903491e-06,0.0002249365300761,7.0,13.60833795935188,5.1781781687989435e-08,1.2965062595856589e-11,0.0461119886656086,99.97496830252943,86614.08446087659,4.937588519110655,5.1781781687989435e-08,9.493566367760484e-12,5.1101417489201516e-08,1.1018013475548486e-25,3.368629443583345e-13,6.70533769475802e-10,4.571839829212306e-28,5.962053093728028e-14,3.2418354922815657e-12,3.174543528127312e-12,5.682786911223311e-12,4.4950708718216974e-13,1.0385009438173936e-15,5.089767446257991e-14,4.653565712776622e-16,8.407366627333855e-20,-7.491535606872187,-6.330933808659612,-999.999,UO2CO3,(Hfo_sO)2UO2
7.0,13.8,5.179474679231213e-08,0.0001930697728883,0.0039810717055349,0.0001,1e-06,4e-05,7.0,13.60106691909054,5.1411360464928535e-08,3.833863339811775e-10,0.0081999999999999,99.2597968884356,16353.420948454836,4.213608615933942,5.1411360464928535e-08,1.0270735391170642e-11,5.060828696795082e-08,5.53083688392327e-25,3.981018794479838e-13,7.924046597070914e-10,2.7385219983259358e-27,3.962337350171989e-13,2.2278639304885955e-11,2.801561781061387e-11,2.3773602085226926e-10,7.675203066963896e-11,8.987917717032748e-13,2.1709077044517563e-15,1.4954937696319377e-11,1.2459036442718086e-13,-10.257796138704316,-4.803479338541038,-999.999,UO2CO3,(Hfo_sO)2UO2
7.0,13.8,5.179474679231213e-08,0.0005179474679231,0.001,1e-05,3.1622776601683795e-05,0.0012649110640673,7.0,13.60104578510729,5.175973345453853e-08,3.501332305530279e-11,0.2593067681338071,99.93239982827988,5700.918703913538,3.755944847933883,5.175973345453853e-08,9.35088181919533e-12,5.1099495333977027e-08,1.541561527951286e-24,3.2682711043849343e-13,6.50560411631872e-10,6.206287415345217e-27,1.0286284451180722e-14,5.784129554570692e-13,7.279381228388517e-13,1.7048247936122543e-11,1.5182630910799107e-11,4.907850067503442e-13,1.4620807313334272e-17,9.163141512146611e-13,8.571848195578128e-16,-14.602182730198043,-5.948197217818738,-999.999,UO2CO3,(Hfo_sO)2UO2
7.0,13.8,5.179474679231213e-08,0.0005179474679231,0.0630957344480193,0.0,1e-06,4e-05,7.0,13.601503073063082,5.0807433611680775e-08,9.87313168633243e-10,0.0081999999999999,98.09379668445855,6275.646558838719,3.79765847636353,5.0807433611680775e-08,1.0137134138852691e-11,5.0015835929158105e-08,1.2506745405543881e-24,3.9240622232549413e-13,7.810681421614966e-10,6.176261874391814e-27,3.9056458399756373e-13,2.191582204815345e-11,2.713532146344505e-11,5.289832692115048e-10,3.9606495308947135e-10,1.0612145402530748e-11,2.8774141515711537e-14,0.0,0.0,-8.004434354252634,-4.450270363150368,-999.999,UO2CO3,(Hfo_sO)2UO2
7.0,13.8,5.179474679231213e-08,0.0013894954943731,0.0158489319246111,0.001,0.001,0.04,7.0,13.6011620900041,5.1759053048622286e-08,3.569372454661808e-11,8.2,99.93108617012268,176.8400389774944,2.2475806019571394,5.1759053048622286e-08,9.322226790610188e-12,5.110286806041405e-08,3.761999926237024e-24,3.248059940394928e-13,6.465379554235787e-10,1.5051075467656476e-26,3.232689987370867e-16,1.8168159345416404e-14,2.2762641994735022e-14,1.3022741846167354e-12,2.8412606314590922e-12,2.2412204763422041e-13,6.5835237015033414e-18,2.936307177408103e-11,1.9199205507548343e-12,-15.291999965721915,-7.063462434067146,-999.999,CaUO2(CO3)3-2,(Hfo_sO)2UO2
7.0,13.8,5.179474679231213e-08,0.0013894954943731,0.0630957344480193,0.0,5.623413251903491e-06,0.0002249365300761,7.0,13.601506157706105,5.11134048215414e-08,6.813419611440088e-10,0.0461119886656086,98.68453460444012,1626.8811342744914,3.211355822995556,5.11134048215414e-08,9.368848219091391e-12,5.0442136633701115e-08,3.3828602837952426e-24,3.3235818034975125e-13,6.615669814408388e-10,1.4030217663952466e-26,5.882323928217195e-14,3.300712313523051e-12,4.086443064097565e-12,2.136577083341519e-10,4.2907193687874946e-10,3.0833348940661e-11,4.3317136386694706e-15,0.0,0.0,-9.649618204449986,-4.8439604763242805,-999.999,UO2(CO3)2-2,(Hfo_sO)2UO2
7.0,13.8,5.179474679231213e-08,0.0013894954943731,0.0630957344480193,0.001,0.0001778279410038,0.0071131176401556,7.0,13.601509792150717,5.1678588152601764e-08,1.1615862303069647e-10,1.4581891162319167,99.77573277812104,305.1021954695959,2.484445332771545,5.1678588152601764e-08,9.312016588145228e-12,5.102281709205105e-08,3.4014414175349135e-24,3.246033258600838e-13,6.461344406366969e-10,1.3621390793314692e-26,1.816741148854081e-15,1.0193997455799725e-13,1.261475266545575e-13,6.556534734171308e-12,1.309453791243064e-11,9.35381421241937e-13,1.333941930121615e-16,9.096443742418516e-11,4.367543984577195e-12,-12.672173720927404,-6.356808384804818,-999.999,CaUO2(CO3)3-2,(Hfo_sO)2UO2
7.0,13.8,5.179474679231213e-08,0.0013894954943731,0.2511886431509579,0.0001,3.1622776601683795e-05,0.0012649110640673,7.0,13.602885516370405,5.1687782829326216e-08,1.0696395369599529e-10,0.2593067681338071,99.79348491959074,1863.5309224364933,3.27033660360025,5.1687782829326216e-08,9.337842242166346e-12,5.1028468322402884e-08,2.852425621105672e-24,3.2636988747091245e-13,6.496502947936956e-10,1.1483689354971248e-26,1.0271894180206631e-14,5.727308226046192e-13,6.75397424068883e-13,2.980994378845095e-11,5.2054002520790685e-11,3.1178550784639155e-12,2.590126369769888e-15,2.0600386976487788e-11,6.444714112519872e-14,-10.083524461953068,-5.680947667264462,-999.999,UO2(CO3)2-2,(Hfo_sO)2UO2
7.0,13.8,5.179474679231213e-08,0.0037275937203149,0.0630957344480193,0.0001,1e-06,4e-05,7.0,13.60151479470646,2.3884868564106873e-08,2.790987823325565e-08,0.0081999999999999,46.11446149139606,104.36408302959308,2.018551061636828,2.3884868564106873e-08,4.508337699073209e-12,2.3552108543604473e-08,4.231659479200727e-24,1.648260892901895e-13,3.280868567140322e-10,1.8641023390310436e-26,1.640488118870349e-13,9.204804142767809e-12,1.1392690978993596e-11,1.5959684828736383e-09,8.588848193314109e-09,1.6535443411959187e-09,1.2062253612910402e-14,1.597362599642386e-08,7.620114211859716e-11,-8.761363123331126,-3.970545991950713,-999.999,CaUO2(CO3)3-2,(Hfo_sO)2UO2
7.0,13.8,5.179474679231213e-08,0.0037275937203149,0.2511886431509579,0.001,0.001,0.04,7.0,13.60289636975628,5.165198152752985e-08,1.4276525564593647e-10,8.2,99.72436342752144,44.12153439577391,1.6446506073046518,5.165198152752985e-08,9.302940420293874e-12,5.0997154229787366e-08,7.627161463871324e-24,3.241339477994014e-13,6.452002233743818e-10,3.0514868822716937e-26,3.226001325634914e-16,1.7986342296385733e-14,2.1197448662908182e-14,2.503479071217018e-12,1.170303592166599e-11,1.875493383478577e-12,8.125216430015958e-17,1.2283482894118678e-10,3.807061913419432e-12,-13.091260382598051,-6.756518460207694,-999.999,CaUO2(CO3)3-2,(Hfo_sO)2UO2
7.0,13.8,5.179474679231213e-08,0.01,0.0039810717055349,0.001,0.001,0.04,7.0,13.601106091883238,4.0761559612777317e-08,1.1033187191078469e-08,8.2,78.69825057012835,0.4505426961319722,-0.3462640463810829,4.0761559612777317e-08,7.34133325651508e-12,4.0244819384725686e-08,2.2071394685016442e-23,2.5578194188762134e-13,5.091431128532104e-10,8.829978940455365e-26,2.5457156933607206e-16,1.431096001291315e-14,1.7969379248819442e-14,7.654822631528783e-12,1.2417938036568715e-10,7.297418994549324e-11,1.3477526582840781e-18,1.012577044868352e-08,7.02574383027179e-10,-16.678025955764188,-6.295070305856459,-999.999,CaUO2(CO3)3-2,(Hfo_sO)2UO2
7.0,13.8,2.682695795279728e-07,2.6826957952797277e-05,0.2511886431509579,0.0001,0.0001778279410038,0.0071131176401556,7.0,13.602881067853527,2.682678134803513e-07,1.7643703269772986e-12,1.4581891162319167,99.99934168919764,104271.34412869328,5.018164971928864,2.682678134803513e-07,4.845310541291868e-11,2.6484753873257885e-07,2.858297908088318e-25,1.693077647560233e-12,3.3701285647119124e-09,1.1501593622496135e-27,9.475830838048592e-15,5.283554792528223e-13,6.231422051705784e-13,5.309833266270853e-13,1.7899479380256364e-14,2.069912320340093e-17,2.3897950046958306e-15,1.373265929827636e-16,4.3142904167825213e-19,-10.152846185465457,-7.430271150747444,-999.999,UO2(OH)2,(Hfo_sO)2UO2
7.0,13.8,2.682695795279728e-07,7.196856730011514e-05,0.001,0.0,0.001,0.04,7.0,13.601044103158005,2.682689189559156e-07,6.595826219923913e-13,8.2,99.99975376557478,49600.64248671115,4.695487302027016,2.682689189559156e-07,4.8337565283351205e-11,2.648650377815094e-07,1.1132402370075775e-24,1.6849027181808712e-12,3.35385870640464e-09,4.457681369820723e-27,1.676929921947018e-15,9.429697475777841e-14,1.1868004331003398e-13,3.8723648059103676e-13,4.804447299720628e-14,2.1637530541597448e-16,2.391055375258009e-18,0.0,0.0,-16.174484696496854,-7.591920826009449,-999.999,UO2CO3,(Hfo_sO)2UO2
7.0,13.8,2.682695795279728e-07,0.0005179474679231,1.0,0.001,0.0001778279410038,0.0071131176401556,7.0,13.608342571919495,2.682554607931244e-07,1.4118416913842474e-11,1.4581891162319167,99.99473710926404,13030.129043894478,4.114948716769667,2.682554607931244e-07,4.845086783894349e-11,2.648353444579046e-07,4.1040520226613415e-24,1.6929992280457833e-12,3.369972468152776e-09,1.651441770714801e-26,9.47539189028794e-15,5.152085827341008e-13,5.042881138768464e-13,6.488492809077919e-12,3.6903793011771926e-12,6.127847068030663e-14,8.087389500488893e-15,2.7433426331065814e-12,4.94950675945612e-14,-9.089296413834148,-6.27316590670266,-999.999,UO2CO3,(Hfo_sO)2UO2
7.0,13.8,2.682695795279728e-07,0.0013894954943731,0.001,0.0001,1e-06,4e-05,7.0,13.60104932742682,1.819435952288345e-07,8.632598392948257e-08,0.0081999999999999,67.82118030265262,257.02855977540395,2.409981382723265,1.819435952288345e-07,4.9787225543867276e-11,1.7655629369417986e-07,1.419233751197454e-23,2.680814438529123e-12,5.3348334946722365e-09,1.3560996268329852e-25,2.6688407008456078e-12,1.500704032372417e-10,1.8883875758323023e-10,1.1784660267505963e-08,2.7968173599451558e-08,2.408989094128523e-09,3.7656774316459896e-15,4.341557455170549e-08,3.9199448708549167e-10,-9.781161861537925,-3.108506620595172,-999.999,CaUO2(CO3)3-2,(Hfo_sO)2UO2
7.0,13.8,2.682695795279728e-07,0.0013894954943731,0.001,0.0001,3.1622776601683795e-05,0.0012649110640673,7.0,13.601049328278638,2.6650901502783096e-07,1.760563946933292e-09,0.2593067681338071,99.3437330825062,583.7760151935425,2.766246247755328,2.6650901502783096e-07,4.878669494761655e-11,2.630180718807343e-07,2.1145558691935922e-23,1.7284023119091193e-12,3.440428049837166e-09,8.746736720253774e-26,5.4398535910051277e-14,3.0588600454596482e-12,3.849068903710252e-12,2.402395296472396e-10,5.702356436096581e-10,4.912334530946533e-11,7.676055923872989e-17,8.85696880970835e-10,8.000294591305242e-12,-13.162633409905844,-4.799179214312373,-999.999,CaUO2(CO3)3-2,(Hfo_sO)2UO2
7.0,13.8,2.682695795279728e-07,0.0013894954943731,0.2511886431509579,0.0,1e-06,4e-05,7.0,13.602885156797043,2.303915836108341e-07,3.7877995812138835e-08,0.0081999999999999,85.88062202811591,741.7640237893195,2.8702657658372024,2.303915836108341e-07,7.24327797507025e-11,2.2130973254236461e-07,1.2374092419654881e-23,4.525891676338442e-12,9.004892397042425e-09,1.5921770868650584e-25,4.506504367002969e-12,2.5126993929259074e-10,2.9632570843929203e-10,1.3082197346771637e-08,2.284890964737463e-08,1.3689207998134254e-09,1.13645507763514e-12,0.0,0.0,-4.7990906172061685,-3.0386473617148155,-999.999,UO2(CO3)2-2,(Hfo_sO)2UO2
7.0,13.8,2.682695795279728e-07,0.0013894954943731,0.2511886431509579,0.0001,0.0001778279410038,0.0071131176401556,7.0,13.602885516503354,2.68170940719102e-07,9.863849412983068e-11,1.4581891162319167,99.9632314595474,1864.452955725608,3.270551429624635,2.68170940719102e-07,4.843555783722992e-11,2.6475190827794774e-07,1.479929061517241e-23,1.6924626642241741e-12,3.368904420652782e-09,5.955119615552496e-26,9.472388842574792e-15,5.281527394403038e-13,6.228283584458229e-13,2.7489708817787792e-11,4.800241822957653e-11,2.8751791867186647e-12,2.3885261168851307e-15,1.899697126037419e-11,5.943094529147959e-14,-10.153906509213538,-5.716138682967154,-999.999,UO2(CO3)2-2,(Hfo_sO)2UO2
7.0,13.8,2.682695795279728e-07,0.0037275937203149,0.0158489319246111,0.01,0.001,0.04,7.0,13.60120312566995,2.404546324182038e-07,2.7814946626414783e-08,8.2,89.63171778227333,1.0542438227405746,0.022941064979724,2.404546324182038e-07,4.332357585095259e-11,2.3740399634109414e-07,4.339356369513041e-23,1.5100471070784882e-12,3.005802454151602e-09,1.737391639607485e-25,1.5029016816396812e-15,8.444916722284827e-14,1.0533415340005978e-13,1.4968452379877477e-11,8.143388524687681e-11,1.594933016117805e-11,2.9125853039360883e-17,1.7814392009777833e-08,9.888003201588671e-09,-13.996338560253072,-6.001132136967428,-999.999,CaUO2(CO3)3-2,(Hfo_sO)2UO2
7.0,13.8,2.682695795279728e-07,0.0037275937203149,1.0,0.01,0.0001778279410038,0.0071131176401556,7.0,13.608382149892766,2.569701925985005e-07,1.129938666106268e-08,1.4581891162319167,95.78804762382909,15.596028758327018,1.193014027334826,2.569701925985005e-07,4.640689810267854e-11,2.536947643745257e-07,2.7956786438677883e-23,1.6213739013676058e-12,3.227399951970726e-09,1.1246788613661709e-25,9.074518312107742e-15,4.933218298779877e-13,4.809289053254332e-13,4.4019298763698464e-11,1.7872078776033082e-10,2.110332145652277e-11,7.730733166311033e-15,9.3805341708099e-09,1.673971730152223e-09,-9.128055429201464,-5.4400006742905855,-999.999,CaUO2(CO3)3-2,(Hfo_sO)2UO2
7.0,13.8,2.682695795279728e-07,0.01,0.0158489319246111,0.01,5.623413251903491e-06,0.0002249365300761,7.0,13.601224994947444,7.166944351501348e-10,2.6755288523523e-07,0.0461119886656086,0.2671545675850303,0.0580912258732191,-1.235889458704402,7.166944351501348e-10,1.291013151797351e-13,7.076057458638977e-10,3.4663245503178e-25,4.498833737700007e-15,8.955089137319319e-12,1.3872278060921408e-27,7.962326578128724e-16,4.4736401624444355e-14,5.5768617168669305e-14,2.12434781151826e-11,3.098815580901466e-10,1.6265731654993856e-10,1.536963166087843e-17,1.7429245833861805e-07,9.276653876138453e-08,-14.55541207742104,-5.848882141338791,-999.999,CaUO2(CO3)3-2,(Hfo_sO)2UO2
7.0,13.8,2.682695795279728e-07,0.01,1.0,0.0,5.623413251903491e-06,0.0002249365300761,7.0,13.608364672827094,2.118233136213047e-07,5.6446265803902436e-08,0.0461119886656086,78.9591253671077,81.38131229208733,1.9105246886705851,2.118233136213047e-07,4.111989220663882e-11,2.0870060581037384e-07,6.258884753423801e-23,1.54738479224985e-12,3.080040533931952e-09,2.920987355974989e-25,2.738736373932244e-13,1.4889905323970867e-11,1.4573480371223053e-11,3.6295527487262872e-09,3.99481544274175e-08,1.2837189882996226e-08,2.3382374461613545e-13,0.0,0.0,-6.170108807747756,-3.5254765250592914,-999.999,UO2(CO3)2-2,(Hfo_sO)2UO2
7.0,13.8,1.389495494373136e-06,1e-05,0.001,0.0,3.1622776601683795e-05,0.0012649110640673,7.0,13.601043873329097,1.389440898197566e-06,5.454105089870602e-11,0.2593067681338071,99.99607079146416,98243.25070559797,4.992302724116176,1.389440898197566e-06,2.7325294711040735e-10,1.3684136386144365e-06,7.9944465079734835e-25,1.0421447928575074e-11,2.074358518809041e-08,3.832258764275462e-27,3.2800641445399284e-13,1.844444715055652e-11,2.3213924737434644e-11,1.0528171914995584e-11,1.815617460406081e-13,1.1365678250846435e-16,4.677275505170679e-16,0.0,0.0,-11.591322736164988,-6.157546656293208,-999.999,UO2(OH)2,(Hfo_sO)2UO2
7.0,13.8,1.389495494373136e-06,1e-05,0.0039810717055349,0.0,0.001,0.04,7.0,13.60106587591164,1.3894939976939835e-06,1.4415082432991625e-12,8.2,99.9998922861457,117550.8279687928,5.0702256924232,1.3894939976939835e-06,2.5090533728684044e-10,1.3717868594271725e-06,7.783995053498287e-25,8.765219129653273e-12,1.7447467710394678e-08,3.1307494731927915e-27,8.723749426258592e-15,4.905039206818234e-13,6.168556033775438e-13,2.717820851835818e-13,4.555489066124823e-15,2.7698160118174865e-18,4.789682833783366e-17,0.0,0.0,-13.570309310363122,-7.745380904313588,-999.999,UO2(OH)2,(Hfo_sO)2UO2
7.0,13.8,1.389495494373136e-06,1e-05,0.0630957344480193,0.001,0.0001778279410038,0.0071131176401556,7.0,13.601504927235425,1.389487459291254e-06,7.979561193931468e-12,1.4581891162319167,99.9994217266688,119415.79367636604,5.077061769447365,1.389487459291254e-06,2.540523407673427e-10,1.3713307311213655e-06,6.581855696646937e-25,8.989426855491681e-12,1.7893686402265476e-08,2.7158511885822675e-27,5.0312305017051964e-14,2.823159481536447e-12,3.4940649510532455e-12,1.3074188020495969e-12,1.8796912093442616e-14,9.667020916238362e-18,3.6967087717499225e-15,9.475366425762988e-16,4.58599664845463e-17,-9.786023238069976,-7.057119637493953,-999.999,UO2(OH)2,(Hfo_sO)2UO2
7.0,13.8,1.389495494373136e-06,2.6826957952797277e-05,0.0630957344480193,0.001,0.001,0.04,7.0,13.601504986384947,1.3894936541108333e-06,1.7884268530205902e-12,8.2,99.99986755895864,94748.32327476882,4.976571533162972,1.3894936541108333e-06,2.5090527507695443e-10,1.371786520246342e-06,1.7662905773207142e-24,8.765216950371457e-12,1.7447463372463657e-08,7.1040811933361e-27,8.723747236215917e-15,4.89512913539733e-13,6.0584143089495e-13,6.081524096453497e-13,2.3456019606309583e-14,3.236159638850408e-17,6.409735845887625e-16,3.1716951819149917e-15,1.534923321689437e-16,-11.307982451864936,-7.389521305139208,-999.999,UO2CO3,(Hfo_sO)2UO2
7.0,13.8,1.389495494373136e-06,0.0001930697728883,0.0158489319246111,0.001,3.1622776601683795e-05,0.0012649110640673,7.0,13.601157753967383,1.3891251437464694e-06,3.7033114656317153e-10,0.2593067681338071,99.97334639600012,14465.627587681704,4.160337280151618,1.3891251437464694e-06,2.7318515924315757e-10,1.3681035457582198e-06,1.4008927006299025e-23,1.0418638953865644e-11,2.0737994190052533e-08,6.71510259621252e-26,3.279179929969845e-13,1.842980717995576e-11,2.3093408683384828e-11,1.8376502447960392e-10,5.5761834753685475e-11,6.118189988246816e-13,6.688379308520708e-15,8.112466498541116e-11,5.369014529878458e-12,-9.277463453583676,-4.913948848834842,-999.999,UO2CO3,(Hfo_sO)2UO2
7.0,13.8,1.389495494373136e-06,0.0013894954943731,0.001,0.0001,1e-06,4e-05,7.0,13.601049322017037,4.2204378959343363e-07,9.674517001875913e-07,0.0081999999999999,30.373886874950724,53.200335291661176,1.7259143694164656,4.2204378959343363e-07,2.393499061622385e-10,3.6196021851288765e-07,2.9051916812851814e-23,3.0139396813221894e-11,5.981408177757055e-08,1.518159460871868e-24,3.008677838942821e-11,1.6917963953659586e-09,2.1288457259467686e-09,1.3265185388933701e-07,3.143428508574424e-07,2.70344499537302e-08,4.2460226257728033e-14,4.850401191402673e-07,4.359748857443513e-09,-7.677054080170702,-2.0571103626326828,-999.999,CaUO2(CO3)3-2,(Hfo_sO)2UO2
7.0,13.8,1.389495494373136e-06,0.0013894954943731,0.0630957344480193,0.001,1e-06,4e-05,7.0,13.601509783995857,3.554614433291572e-07,1.0340340474150943e-06,0.0081999999999999,25.58205080683056,41.922175204888674,1.6224438086839614,3.554614433291572e-07,1.6626056538688642e-10,3.228304544894479e-07,2.147729963860715e-23,1.6327836630815068e-11,3.2448400437691486e-08,6.826505925628905e-25,1.6276986902363526e-11,9.133253210385599e-10,1.130211715199188e-09,5.862218679443309e-08,1.1683806917543354e-07,8.328936481026807e-09,1.1951457216359017e-12,8.09270199384089e-07,3.8822220205347685e-08,-4.767609341899796,-2.4054208073089125,-999.999,CaUO2(CO3)3-2,(Hfo_sO)2UO2
7.0,13.8,1.389495494373136e-06,0.01,0.2511886431509579,0.001,1e-06,4e-05,7.0,13.602916812693602,2.5276856568486883e-08,1.3642186381393766e-06,0.0081999999999999,1.8191391530845091,2.259567050165814,0.3540252330692894,2.5276856568486883e-08,4.784463059442045e-12,2.49227113779156e-08,9.996565413571093e-24,1.7542582785189825e-13,3.4918530168397797e-10,4.4290591333816455e-26,1.7459874900983292e-13,9.733713394736583e-12,1.1465195879934667e-11,3.632136399753581e-09,4.5556691442388394e-08,1.9579775142787876e-08,4.394245875826131e-14,1.2572423936817876e-06,3.818526697348204e-08,-7.627897084352281,-3.594703348213443,-999.999,CaUO2(CO3)3-2,(Hfo_sO)2UO2
7.0,13.8,7.196856730011529e-06,1e-05,0.001,0.001,0.001,0.04,7.0,13.60104755590232,7.196847543243003e-06,7.645952616800971e-12,8.2,99.99987235026526,114788.09489523624,5.059896848084491,7.196847543243003e-06,1.3142809614688474e-09,7.10303219145859e-06,4.0381055244177715e-24,4.6447317630107437e-11,9.245462350531329e-08,1.6621205356444675e-26,4.62277491531016e-14,2.599433361020104e-12,3.2700503483521104e-12,1.443232963470114e-12,2.4230953810598062e-14,1.476061288964727e-17,6.416246275939385e-17,2.560319662697286e-15,2.224251044319661e-16,-13.314209334751968,-7.020363371134764,-999.999,UO2(OH)2,(Hfo_sO)2UO2
7.0,13.8,7.196856730011529e-06,1e-05,0.0630957344480193,0.01,0.001,0.04,7.0,13.601537831532228,7.196847922861515e-06,7.262272820351722e-12,8.2,99.99987762504736,120852.57639691146,5.082255913353805,7.196847922861515e-06,1.3142810317777143e-09,7.103032565987351e-06,3.2450434105195524e-24,4.6447320150518924e-11,9.245462852223586e-08,1.3356890421387443e-26,4.622775168769701e-14,2.593571116072008e-12,3.196320452473254e-12,1.1387705851675946e-12,1.5647904323304703e-14,7.660072624097076e-18,3.3160488013166157e-15,7.0505185926719006e-15,3.1912880132759258e-15,-9.876259230896252,-7.115320523087991,-999.999,UO2(OH)2,(Hfo_sO)2UO2
7.0,13.8,7.196856730011529e-06,2.6826957952797277e-05,0.0630957344480193,0.001,1e-06,4e-05,7.0,13.601504987429765,4.269584045665033e-06,2.9272717684239705e-06,0.0081999999999999,59.32567794298989,177.87244313806738,2.2501086702869477,4.269584045665033e-06,2.7016408377650463e-09,4.823655826948131e-07,6.160541307048525e-25,2.343366261158893e-09,3.782173455871296e-06,1.5275097935507024e-24,2.8763979570525852e-09,1.6140242255488377e-07,1.997583143672447e-07,1.988956436683337e-07,7.609114051897641e-09,1.041301885503016e-11,2.1133926375665376e-10,1.0205590674507152e-09,4.938935732223104e-11,-0.2716905186728091,-1.874908467324228,-999.999,UO2(OH)2,(Hfo_wO)2UO2
7.0,13.8,7.196856730011529e-06,2.6826957952797277e-05,1.0,0.01,0.001,0.04,7.0,13.608372290807525,7.196848233823139e-06,6.966800846569226e-12,8.2,99.99988194584512,125978.11220499032,5.100295096114993,7.196848233823139e-06,1.3142810893224744e-09,7.103032872786667e-06,5.630836187340723e-24,4.644732221164203e-11,9.24546326249386e-08,2.3177028011466806e-26,4.622775363961058e-14,2.513212786958436e-12,2.450497134153604e-12,1.6133564372506845e-12,4.711518784519471e-14,4.0021189766141115e-17,3.9380459721086543e-14,1.7885460843166503e-14,3.2092883674354724e-15,-7.712839827658115,-6.875968141450972,-999.999,UO2OH+,(Hfo_sO)2UO2
7.0,13.8,7.196856730011529e-06,7.196856730011514e-05,0.001,0.0,5.623413251903491e-06,0.0002249365300761,7.0,13.601044094398633,7.022014332574305e-06,1.7484103488653575e-07,0.0461119886656086,97.5705727653558,870.972596079095,2.9400044907609817,7.022014332574305e-06,5.709484564391312e-09,2.5773388071141577e-06,1.0814317649770987e-23,2.3204302163344543e-09,4.436645610679421e-06,5.8868415785911675e-24,4.27555384255109e-10,2.404225744637901e-08,3.0259052094318075e-08,9.856374609407405e-08,1.2208086503195014e-08,5.488772202998954e-11,6.081680816106202e-13,0.0,0.0,-5.361511712656075,-2.1861800110796663,-999.999,UO2CO3,(Hfo_wO)2UO2
7.0,13.8,7.196856730011529e-06,7.196856730011514e-05,0.2511886431509579,0.0,5.623413251903491e-06,0.0002249365300761,7.0,13.602880845818348,7.06393155320005e-06,1.3292375523673622e-07,0.0461119886656086,98.15301065731698,1152.4710586272377,3.061630027999813,7.06393155320005e-06,5.739036979081358e-09,2.5784195720398843e-06,7.459421270922931e-24,2.342645861282849e-09,4.477430298319802e-06,4.096192700123503e-24,4.31811840964418e-10,2.407708509839421e-08,2.8397707956477548e-08,6.486584993510967e-08,5.861349769932594e-09,1.81697597021892e-11,1.089115039949568e-10,0.0,0.0,-0.8354601502792853,-2.343353907285626,-999.999,UO2CO3,(Hfo_wO)2UO2
7.0,13.8,7.196856730011529e-06,0.0001930697728883,1.0,1e-05,5.623413251903491e-06,0.0002249365300761,7.0,13.608338274446997,7.010008379283387e-06,1.8684705457134314e-07,0.0461119886656086,97.40375058532196,813.6140293394553,2.9104184286218904,7.010008379283387e-06,5.701003058419777e-09,2.577026720731538e-06,1.489414590801334e-23,2.314071675145642e-09,4.424966583818284e-06,8.087358175214311e-24,4.2633767142624855e-10,2.3181856445365218e-08,2.2700530009646933e-08,1.0892903918862136e-07,2.309654790474468e-08,1.4303547278358752e-10,3.6396114490648236e-10,6.408291483718799e-11,1.1575347591429551e-14,0.2171450559442682,-2.0483496088380164,-999.999,UO2CO3,(Hfo_wO)2UO2
7.0,13.8,7.196856730011529e-06,0.0013894954943731,0.0630957344480193,0.01,3.1622776601683795e-05,0.0012649110640673,7.0,13.601542557754764,5.662573485683163e-06,1.5342829311036456e-06,0.2593067681338071,78.68120344913538,14.232937594547511,1.1532945451606118,5.662573485683163e-06,1.537394334764704e-09,5.4975832528043725e-06,3.478326864064643e-22,8.209496225040452e-11,1.633707435817749e-07,3.2686834329755434e-24,2.5844537291132777e-12,1.4499555806008803e-10,1.7867103814479342e-10,8.816188424981526e-09,1.6778993792973993e-08,1.1375342704646986e-09,1.8533364838815769e-13,1.0398276135630477e-06,4.67381727556657e-07,-6.382491162503573,-3.226432662724033,-999.999,CaUO2(CO3)3-2,(Hfo_sO)2UO2
7.0,13.8,7.196856730011529e-06,0.0013894954943731,1.0,0.0,1e-06,4e-05,7.0,13.608341467359612,2.179242348856236e-06,5.017614304956919e-06,0.0081999999999999,30.280474248828693,52.9656617474747,1.723994402682808,2.179242348856236e-06,1.5905226073192026e-09,4.721325023499325e-07,1.9545034637355956e-23,9.361533392838948e-10,1.7045831705597002e-06,2.231468403135681e-23,1.018558090696387e-09,5.538267395825455e-08,5.4229595408938206e-08,1.863943203800198e-06,2.830941491819805e-06,1.255750729601455e-07,8.695471720555664e-10,0.0,0.0,0.9732640797562055,-0.8150416517136785,-999.999,UO2(CO3)2-2,(Hfo_wO)2UO2
7.0,13.8,7.196856730011529e-06,0.0013894954943731,1.0,0.0001,5.623413251903491e-06,0.0002249365300761,7.0,13.608341811809415,5.62047987875588e-06,1.5763766927767462e-06,0.0461119886656086,78.09631467746165,77.32136992388487,1.8882995399389435,5.62047987875588e-06,4.658234227261079e-09,2.5307476775757446e-06,1.0514259009046332e-22,1.592749758655547e-09,3.083481217194219e-06,4.05108290976274e-23,2.8984366405169863e-10,1.5759819522025276e-08,1.5431048410926927e-08,5.32292566083952e-07,8.11378433135483e-07,3.612046095975375e-08,2.474354582338397e-10,1.61276958556426e-07,2.9030073193633486e-10,-0.1183846737072933,-1.3593063645346133,-999.999,UO2(CO3)2-2,(Hfo_wO)2UO2
7.0,13.8,7.196856730011529e-06,0.0037275937203149,0.0039810717055349,0.0001,0.001,0.04,7.0,13.601079942856352,7.18071980090765e-06,1.613648107370441e-08,8.2,99.77577809717144,54.2681847855335,1.734545295122674,7.18071980090765e-06,1.3112944874897336e-09,7.087120605863494e-06,1.4835321535557352e-21,4.6340278515470185e-11,9.224156027815044e-08,6.1059575480285256e-24,4.6121208545392025e-14,2.593055697818876e-12,3.2595188309772386e-12,5.29856542829387e-10,3.2775925133151156e-09,7.351603891020283e-10,2.506354956256187e-16,1.1497707597205508e-08,9.00058842888334e-11,-12.137454998580631,-4.455272181092518,-999.999,CaUO2(CO3)3-2,(Hfo_sO)2UO2
7.0,13.8,7.196856730011529e-06,0.0037275937203149,0.0630957344480193,0.001,5.623413251903491e-06,0.0002249365300761,7.0,13.601517985145128,1.404210146236576e-06,5.792646504971753e-06,0.0461119886656086,19.51143671348765,5.257039349586474,0.7207412277782337,1.404210146236576e-06,4.681542740231765e-10,1.3416736751229205e-06,2.38708514233364e-22,3.1183251726453775e-11,6.203713358790575e-08,3.4903801825973496e-24,5.522059677300823e-12,3.098390680327045e-10,3.8332484814903254e-10,5.3176263721012034e-08,2.834935079329585e-07,5.4046071190348525e-08,4.049996284373891e-13,5.158189555778233e-06,2.43011138080587e-07,-5.708882331524436,-2.447677893160483,-999.999,CaUO2(CO3)3-2,(Hfo_sO)2UO2
7.0,13.8,7.196856730011529e-06,0.0037275937203149,0.2511886431509579,0.01,3.1622776601683795e-05,0.0012649110640673,7.0,13.602928560085823,3.0630150071077706e-06,4.1338415841687554e-06,0.2593067681338071,42.56045551573546,2.857468440680138,0.455981442526932,3.0630150071077706e-06,6.765826521120022e-10,3.004392400466562e-06,4.363677322863123e-22,2.90988130853928e-11,5.7916925176010245e-08,2.6601214853709112e-24,9.159147945707797e-13,5.105861218390117e-11,5.992691969964918e-11,6.8752748593335655e-09,3.133624990214758e-08,4.876890402939941e-09,2.287766735733101e-13,3.138580103607413e-06,9.520559151534344e-07,-6.189560506998031,-3.316048951935576,-999.999,CaUO2(CO3)3-2,(Hfo_sO)2UO2
7.0,13.8,7.196856730011529e-06,0.0037275937203149,1.0,0.0001,3.1622776601683795e-05,0.0012649110640673,7.0,13.608348120125438,7.0371785559428175e-06,1.5967800931734554e-07,0.2593067681338071,97.78127896581796,169.95721602807097,2.2303396085462777,7.0371785559428175e-06,2.1613631127925093e-09,6.772872680156679e-06,7.564808785167185e-22,1.3168386143838926e-10,2.620128288119065e-07,9.254385772857913e-24,4.1462222052113786e-12,2.2543813611398136e-10,2.2070880934964995e-10,2.04689274805574e-08,8.388854459207467e-08,1.0039861067419053e-08,3.53965127434521e-12,4.472535169545431e-08,8.031511701465841e-11,-3.808086947096914,-2.77432238353145,-999.999,UO2(CO3)2-2,(Hfo_sO)2UO2
7.0,13.8,7.196856730011529e-06,0.01,0.0158489319246111,0.01,1e-06,4e-05,7.0,13.601224915099715,3.4069062093472073e-09,7.193449827474108e-06,0.0081999999999999,0.047338808276398,0.0577575957236434,-1.2383908934454646,3.4069062093472073e-09,6.176000532537847e-13,3.3631481360648742e-09,1.6441647077300912e-24,2.166195810849889e-14,4.311881127096877e-11,6.666012199702966e-27,2.1559498610011702e-14,1.2113227633051793e-12,1.5100468245364386e-12,5.740467931885453e-10,8.356747999857693e-09,4.377605595438048e-09,4.161753564289079e-16,4.6872331626497145e-06,2.492905400168944e-06,-11.690177692534814,-4.417162018638553,-999.999,CaUO2(CO3)3-2,(Hfo_sO)2UO2
7.0,13.8,7.196856730011529e-06,0.01,0.2511886431509579,0.01,5.623413251903491e-06,0.0002249365300761,7.0,13.602948560826466,7.16588115671497e-08,7.125197917995848e-06,0.0461119886656086,0.9956959580468806,0.2181015824168052,-0.6613411834245391,7.16588115671497e-08,1.3229269186375328e-11,7.070404329807393e-08,2.759668688520972e-23,4.727742535471877e-13,9.410662256358196e-10,1.1615365572579869e-25,8.367533526656034e-14,4.664138000556367e-12,5.4715670846513194e-12,1.6872388357228119e-09,2.0673921024432654e-08,8.646404495235637e-09,2.088784770294824e-14,5.466075676538348e-06,1.6281039783844214e-06,-8.271273918021219,-3.925989842972255,-999.999,CaUO2(CO3)3-2,(Hfo_sO)2UO2
7.0,13.8,3.727593720314938e-05,1e-05,0.2511886431509579,1e-05,0.0001778279410038,0.0071131176401556,7.0,13.602880644202171,3.727535549401051e-05,5.395919273528963e-10,1.4581891162319167,99.99843945133908,47374.26640046256,4.675542497895436,3.727535549401051e-05,1.1024963583059658e-08,3.598024229580801e-05,1.4478341752332286e-23,6.45005546243006e-10,1.2834432290732013e-06,1.6331700357848876e-25,3.611276473933473e-12,2.0135874808969646e-10,2.3749298574959633e-10,7.545464843959277e-11,9.483534287840357e-13,4.089073893898758e-16,9.108014303092704e-13,2.713519132274628e-16,8.527296000582173e-20,-4.990698145086753,-5.277684521313574,-999.999,UO2(OH)2,(Hfo_sO)2UO2
7.0,13.8,3.727593720314938e-05,2.6826957952797277e-05,0.001,0.0,0.001,0.04,7.0,13.601043893479387,3.727583498310083e-05,6.053508522218665e-11,8.2,99.99972577470557,75094.19566916546,4.875606369943303,3.727583498310083e-05,7.230270479775241e-09,3.672720776796788e-05,5.756029934018771e-23,2.7185631070075446e-10,5.411250883424675e-07,2.6818396150342568e-25,2.705774918594932e-13,1.5215104234866507e-11,1.9149511764533538e-11,2.329841126784468e-11,1.0778589461929689e-12,1.8100770529404977e-15,3.814457570794563e-16,0.0,0.0,-11.758535612732974,-5.812573201281111,-999.999,UO2CO3,(Hfo_sO)2UO2
7.0,13.8,3.727593720314938e-05,7.196856730011514e-05,0.0158489319246111,1e-05,1e-06,4e-05,7.0,13.601153705054648,6.565286816444543e-06,3.071064300608786e-05,0.0081999999999999,17.612667337281202,26.07059492548024,1.4161509417899316,6.565286816444543e-06,4.003725177499505e-09,4.869067636948395e-07,1.8375169892773012e-24,4.3789058172964744e-09,6.069997421754908e-06,7.243926953867811e-24,6.258248459433082e-09,3.517356944883268e-07,4.409539029981044e-07,1.2931576180752114e-06,1.445519359947817e-07,5.845335839846319e-10,1.2855781890590294e-10,7.934086804410083e-10,5.377711908346077e-13,-0.7104001521076064,-1.0667616431446767,-999.999,UO2CO3,(Hfo_wO)2UO2
7.0,13.8,3.727593720314938e-05,0.0001930697728883,0.001,0.001,3.1622776601683795e-05,0.0012649110640673,7.0,13.601048201052542,3.675812367114128e-05,5.17777733916414e-07,0.2593067681338071,98.61086381494292,273.7764651039445,2.437396111749767,3.675812367114128e-05,3.0142298065261065e-08,1.4416887628126886e-05,1.5746110660020196e-22,1.161229288720368e-08,2.229948145206193e-05,7.701876493195821e-23,3.788363365488825e-10,2.1302289293540572e-08,2.6797475096629407e-08,2.2721989861499798e-07,7.329176829217476e-08,8.577426115292633e-10,5.221958164184177e-13,1.4819523692434225e-07,1.2823437300062755e-08,-5.487814826727238,-1.8232465859263245,-999.999,UO2CO3,(Hfo_wO)2UO2
7.0,13.8,3.727593720314938e-05,0.0001930697728883,0.0039810717055349,0.0001,3.1622776601683795e-05,0.0012649110640673,7.0,13.601066874240878,3.690290134896083e-05,3.729986964566896e-07,0.2593067681338071,98.9992582824798,381.5393590555852,2.5815393458006155,3.690290134896083e-05,3.0248457697780035e-08,1.44212584624023e-05,1.572679185286747e-22,1.1688000908786816e-08,2.2439706427951963e-05,7.738453000444471e-23,3.8139390506302024e-10,2.144425940555657e-08,2.6966419602999512e-08,2.283419255019475e-07,7.356101367040634e-08,8.595767964300561e-10,2.083356805619711e-12,1.4302886657266861e-08,1.1916196131995402e-10,-4.290910801504548,-1.8209892731880988,-999.999,UO2CO3,(Hfo_wO)2UO2
7.0,13.8,3.727593720314938e-05,0.0001930697728883,0.2511886431509579,1e-05,0.001,0.04,7.0,13.60288123804887,3.727572761748728e-05,1.707084138256971e-10,8.2,99.99943774542554,26629.15283015004,4.425357350177452,3.727572761748728e-05,7.230248013401027e-09,3.672710223356329e-05,2.853377972662384e-22,2.7185540243614385e-10,5.411232805081576e-07,1.3294403598776852e-24,2.7057656746185414e-13,1.508685648465216e-11,1.7793938961007352e-11,1.0915096627264144e-10,2.6487164197646107e-11,2.2049975141512539e-13,6.824039860677831e-14,1.4624339247490612e-13,4.5931345021178715e-17,-7.241539106881163,-5.117337176593704,-999.999,UO2CO3,(Hfo_sO)2UO2
7.0,13.8,3.727593720314938e-05,0.0005179474679231,0.0630957344480193,0.0,5.623413251903491e-06,0.0002249365300761,7.0,13.601503037613885,2.584341613765352e-05,1.143249749467102e-05,0.0461119886656086,69.33002380814735,49.02244336981051,1.690394953500736,2.584341613765352e-05,1.616959437035095e-08,2.7174296482080038e-06,6.652318286060552e-23,1.4601953817767741e-08,2.3095214941257397e-05,1.7878732201586869e-22,3.2524469398559555e-09,1.825051807355612e-07,2.259709097471648e-07,4.312581256401758e-06,3.1611102422312944e-06,8.291905668214748e-08,2.3958691088973437e-10,0.0,0.0,-0.1633919732873714,-0.538975068916443,-999.999,UO2CO3,(Hfo_wO)2UO2
7.0,13.8,3.727593720314938e-05,0.0005179474679231,0.0630957344480193,1e-05,1e-06,4e-05,7.0,13.60150310747269,6.118747080307418e-06,3.1157184111622784e-05,0.0081999999999999,16.414737064720818,23.94916901530318,1.379290448926808,6.118747080307418e-06,3.7321727080440845e-09,4.862515685958465e-07,1.1731383909022557e-23,3.932022299615201e-09,5.624831316703912e-06,4.291387529832401e-23,5.445434323935178e-09,3.055606053311905e-07,3.783309585419165e-07,7.11590986305419e-06,5.140542906523904e-06,1.3289150516580932e-07,4.011549097330666e-10,1.2920082150721088e-07,6.205017512627018e-11,0.284228362291536,-0.3214792435439957,-999.999,UO2CO3,(Hfo_wO)2UO2
7.0,13.8,3.727593720314938e-05,0.0005179474679231,0.2511886431509579,0.0001,0.001,0.04,7.0,13.602882626018072,3.727535577317979e-05,5.504599062472376e-10,8.2,99.99844020026532,8258.140225472654,3.9168822530400096,3.727535577317979e-05,7.230170231708795e-09,3.672673672721459e-05,7.652604891204543e-22,2.7185225887291206e-10,5.411170234746248e-07,3.565481162015767e-24,2.705733812043992e-13,1.5086582393496655e-11,1.7792366978567547e-11,2.9271776232815784e-10,1.9051929565463016e-10,4.253690785932809e-12,6.823108987328827e-14,2.8179172883429518e-11,8.83949847162636e-14,-7.2417771248528915,-4.688887981959619,-999.999,UO2CO3,(Hfo_sO)2UO2
7.0,13.8,3.727593720314938e-05,0.0013894954943731,0.0630957344480193,0.01,0.0001778279410038,0.0071131176401556,7.0,13.60154270510327,3.537131215033372e-05,1.9046149109974097e-06,1.4581891162319167,94.89047037922698,12.735914606027386,1.105030138470272,3.537131215033372e-05,1.0146746042602298e-08,3.4217376837580625e-05,2.163192671980633e-21,5.745094915077217e-10,1.1432140572189823e-06,2.285472743784583e-23,3.216451382781339e-12,1.8045238786941686e-10,2.2236163306371447e-10,1.0963193041805894e-08,2.0848459580419632e-08,1.4122853767796843e-09,2.308006382913737e-13,1.2908322188496674e-06,5.801345234150709e-07,-6.192495006035216,-3.1317745183258534,-999.999,CaUO2(CO3)3-2,(Hfo_sO)2UO2
7.0,13.8,3.727593720314938e-05,0.0037275937203149,0.0039810717055349,0.001,5.623413251903491e-06,0.0002249365300761,7.0,13.601082776383052,1.9696479860974325e-06,3.530628854458692e-05,0.0461119886656086,5.283966370484764,1.209825398791803,0.0827226977439388,1.9696479860974325e-06,9.062375594483839e-10,1.7952683988284458e-06,3.602310336256301e-22,8.72397699645863e-11,1.733861099395732e-07,1.1001858142888137e-23,1.546410327448104e-11,8.694212299551426e-10,1.0924342377302042e-09,1.702299775723965e-07,1.0097833774202262e-06,2.171100639175737e-07,8.301651920408644e-14,3.160515292476191e-05,2.3019474201750563e-06,-7.095127650757018,-1.948223520669453,-999.999,CaUO2(CO3)3-2,(Hfo_sO)2UO2
7.0,13.8,3.727593720314938e-05,0.0037275937203149,0.0630957344480193,1e-05,5.623413251903491e-06,0.0002249365300761,7.0,13.60151435801943,6.7308296482022105e-06,3.0545106125328584e-05,0.0461119886656086,18.0567683959762,4.778736765822013,0.6793131082986659,6.7308296482022105e-06,5.501551846715001e-09,2.569430318229608e-06,4.540050138583697e-22,2.1667857317033964e-09,4.153730992394184e-06,2.320930692103304e-22,3.982021466391062e-10,2.2343228811099507e-08,2.765484781410716e-08,3.809872178924813e-06,2.01628169060571e-05,3.81746453584714e-06,2.9286023434903094e-11,2.695504061896683e-06,9.399136868369267e-10,-1.990931625737975,-0.5926725983432997,-999.999,UO2(CO3)2-2,(Hfo_wO)2UO2
7.0,13.8,3.727593720314938e-05,0.0037275937203149,1.0,0.001,0.0001778279410038,0.0071131176401556,7.0,13.608351330608182,3.679564972535202e-05,4.802819796553484e-07,1.4581891162319167,98.71153480278753,52.53954791471437,1.7204863315069678,3.679564972535202e-05,1.0798936594675864e-08,3.553749970832142e-05,3.963311971089493e-21,6.265457745463638e-10,1.2467245346613677e-06,4.396852493820225e-23,3.507883662616813e-12,1.9072761264538543e-10,1.866537767355929e-10,1.7285079837835633e-08,7.076002238085049e-08,8.455890521624001e-09,2.994218575195845e-12,3.766198864850408e-07,6.759303744944236e-09,-3.953333450733368,-2.8475834283233343,-999.999,CaUO2(CO3)3-2,(Hfo_sO)2UO2
7.0,13.8,3.727593720314938e-05,0.01,0.0158489319246111,0.01,3.1622776601683795e-05,0.0012649110640673,7.0,13.601224577293255,5.373621914694392e-07,3.673857486786337e-05,0.2593067681338071,1.4415792915973642,0.0564067332369353,-1.248669051457988,5.373621914694392e-07,1.0004205866611172e-10,5.300803746352324e-07,2.5690459676318843e-22,3.6061897941102162e-12,7.178168585746384e-09,1.1001294825174018e-24,1.1349938823229249e-13,6.376985334981903e-12,7.949744876180743e-12,2.995984388005372e-09,4.323682748283448e-08,2.245349597451994e-08,2.1913520131511952e-15,2.3964766736003565e-05,1.2705106744992964e-05,-10.247310617625562,-3.6995763296961854,-999.999,CaUO2(CO3)3-2,(Hfo_sO)2UO2
7.0,13.8,0.0001930697728883,1e-05,0.0630957344480193,0.0001,0.0001778279410038,0.0071131176401556,7.0,13.601501425384482,0.0001930119434082,5.6689980071892114e-08,1.4581891162319167,99.9700473672478,2334.8771063018366,3.368264026889481,0.0001930119434082,1.5925488214547338e-07,8.062339129364052e-05,3.88717912578995e-23,5.8187905798672644e-08,0.0001121711093267,1.7102299462102746e-23,3.3627688475463557e-10,1.8869709615543223e-08,2.3364057024482672e-08,8.781836487328225e-09,1.2677803002143583e-10,6.549640922197735e-14,2.4751956208362253e-11,6.466175315659545e-13,3.1534961061543184e-15,-2.13408063816544,-3.230129492718476,-999.999,UO2(OH)2,(Hfo_wO)2UO2
7.0,13.8,0.0001930697728883,7.196856730011514e-05,0.0158489319246111,0.001,0.001,0.04,7.0,13.601157098501842,0.0001930674994285,1.1456220195440102e-09,8.2,99.99882246724869,20551.994114820787,4.312853966895638,0.0001930674994285,5.4482258691639314e-08,0.000186978038662,7.137978076522735e-22,3.03122775098902e-09,6.031947279993353e-06,7.28185701489785e-24,3.0178117797646398e-12,1.6960904335283264e-10,2.1253244004505668e-10,6.305160233980915e-10,7.132821718686085e-11,2.9177359003640165e-13,6.134037204453862e-14,3.874822735855982e-11,2.5684852032065864e-12,-7.349311507167403,-4.378523240690647,-999.999,UO2CO3,(Hfo_sO)2UO2
7.0,13.8,0.0001930697728883,0.0001930697728883,0.2511886431509579,1e-05,0.0001778279410038,0.0071131176401556,7.0,13.602881057902165,0.000192853830412,2.1483078965042358e-07,1.4581891162319167,99.88815314119626,615.6273306007893,2.789317891967813,0.000192853830412,1.5913416005589157e-07,8.061780411177005e-05,6.256746462176777e-22,5.8106318471280655e-08,0.0001120187858217,2.7492134071654173e-22,3.3579047496918973e-10,1.8723080698010977e-08,2.2082761610768343e-08,1.3531723142187446e-07,3.2802244174883647e-08,2.727854169235153e-10,8.46722219743289e-11,1.809230863561438e-10,5.682428303587439e-14,-1.0539757591898322,-2.0240140350547358,-999.999,UO2CO3,(Hfo_wO)2UO2
7.0,13.8,0.0001930697728883,0.0001930697728883,0.2511886431509579,0.001,5.623413251903491e-06,0.0002249365300761,7.0,13.602884958585577,4.624496441566864e-05,0.0001468245366335,0.0461119886656086,23.95246222329041,6.83049154834519,0.8344519583012132,4.624496441566864e-05,2.887450949136344e-08,2.7484482713836035e-06,2.0479717604290724e-23,3.5555449419395404e-08,4.3432086185374274e-05,1.0234039450669919e-22,1.0254447807857548e-08,5.71759532504282e-07,6.740409079723999e-07,3.965704784536535e-06,9.233897973173664e-07,7.372613513986646e-09,2.583691842098126e-09,4.877381970818477e-07,1.5272979721149843e-08,1.9151515510077173,-0.556851324676968,-999.999,UO2CO3,(Hfo_wO)2UO2
7.0,13.8,0.0001930697728883,0.0001930697728883,1.0,0.0001,0.001,0.04,7.0,13.608338336910998,0.0001930673652771,1.286593307331492e-09,8.2,99.99875298389648,18300.111239029236,4.262453729640251,0.0001930673652771,5.4482199360817287e-08,0.0001869779136743,1.0813793638707165e-21,3.0312231766877793e-09,6.031938180239829e-06,1.103175606113505e-23,3.0178071177027528e-12,1.6409141379487655e-10,1.6067947913655402e-10,7.715417408175924e-10,1.6370691129779014e-10,1.014506380302373e-12,2.5760720050543174e-12,4.545147369184876e-12,8.209587490110444e-15,-4.082982643264806,-4.198120753427091,-999.999,UO2CO3,(Hfo_sO)2UO2
7.0,13.8,0.0001930697728883,0.0005179474679231,0.0158489319246111,0.01,0.0001778279410038,0.0071131176401556,7.0,13.60119202226054,0.0001802621210721,1.2806904917581458e-05,1.4581891162319167,93.36630917177928,9.652647336434637,0.9846464393468194,0.0001802621210721,1.4932445859630218e-07,8.01354969338674e-05,1.8898325909105845e-21,5.165197869846128e-08,9.99256477010034e-05,7.452043337090793e-22,2.9744635247855646e-10,1.6714587199579698e-08,2.085417593412688e-08,3.8231154913703685e-07,2.6829059425157293e-07,6.779596507748812e-09,5.795736263605987e-12,7.728479206263182e-06,4.379198269188371e-06,-3.399591516727845,-1.593992952475887,-999.999,CaUO2(CO3)3-2,(Hfo_wO)2UO2
7.0,13.8,0.0001930697728883,0.0013894954943731,0.0039810717055349,0.0,0.0001778279410038,0.0071131176401556,7.0,13.60107085464436,0.0001881983256167,4.870815733427768e-06,1.4581891162319167,97.4768462205606,26.49721335266396,1.4232002026463528,0.0001881983256167,1.555531435447873e-07,8.044832120602216e-05,6.2827472786286614e-21,5.570995009625169e-08,0.000107538741317,2.6558133768012958e-21,3.2152298374505017e-10,1.807762471506193e-08,2.2730918233769613e-08,1.3784496232489192e-06,3.18036696374321e-06,2.6613980760464464e-07,1.747877356696618e-12,0.0,0.0,-4.442081506940404,-1.0401553714901048,-999.999,UO2(CO3)2-2,(Hfo_wO)2UO2
7.0,13.8,0.0001930697728883,0.0037275937203149,0.0039810717055349,0.0,0.0001778279410038,0.0071131176401556,7.0,13.601079686709914,0.0001679890382147,2.5080512623371432e-05,1.4581891162319167,87.00949698214505,4.593362096996956,0.6621306824153579,0.0001679890382147,1.393503620603325e-07,7.958214481853863e-05,1.6452149414267814e-20,4.544843778293373e-08,8.822209459631952e-05,5.76745706399999e-21,2.608381234218966e-10,1.4665022910758432e-08,1.84347380253663e-08,2.9595154949689933e-06,1.80794443068189e-05,4.004903750244964e-06,1.4377752137867029e-12,0.0,0.0,-4.631817523523669,-0.7082219275804027,-999.999,UO2(CO3)2-2,(Hfo_wO)2UO2
7.0,13.8,0.0001930697728883,0.0037275937203149,0.0630957344480193,0.0001,1e-06,4e-05,7.0,13.60151375095026,3.6763616225650726e-06,0.0001893934066962,0.0081999999999999,1.904162193577317,2.3672248736653128,0.3742395155349846,3.6763616225650726e-06,2.389817791883987e-09,4.804692403493066e-07,7.63177128754599e-23,1.907945008623054e-09,3.191594619415259e-06,1.6031253501223262e-22,2.2596126917313354e-09,1.267878261495666e-07,1.569193017159033e-07,1.943341046320125e-05,9.24599214629656e-05,1.5736685939869737e-05,1.6611731912559298e-10,6.021667562010628e-05,1.1378251652923885e-07,-0.4831290957816065,0.1149937628047759,-999.999,UO2(CO3)2-2,(Hfo_wO)2UO2
7.0,13.8,0.0001930697728883,0.01,0.2511886431509579,0.0001,5.623413251903491e-06,0.0002249365300761,7.0,13.602912599258078,6.080518796970309e-06,0.0001869892481087,0.0461119886656086,3.149389314549715,0.7051964992229192,-0.1516898523170467,6.080518796970309e-06,5.018465462736822e-09,2.548730185322826e-06,9.775339693814894e-22,1.8281633187009543e-09,3.524941982866043e-06,4.275234774188543e-22,3.340319698535991e-10,1.862232442418185e-08,2.1942516127601524e-08,6.646648535624829e-06,7.969003654187419e-05,3.275005409075189e-05,8.413086447976793e-11,6.776775126882543e-05,6.634998241158998e-08,-1.0638060785396384,-0.3324039696767817,-999.999,UO2(CO3)2-2,(Hfo_wO)2UO2
7.0,13.8,0.001,1e-05,0.0039810717055349,1e-05,1e-06,4e-05,7.0,13.601066971457218,1.0116199027470553e-05,0.0009898834883078,0.0081999999999999,1.0116199027470552,1.2462909249420773,0.0956194326514641,1.0116199027470553e-05,6.777713227403023e-09,4.900173036423237e-07,2.627175906345204e-25,9.297615345221171e-09,9.610106395255603e-06,1.6293182879191553e-24,1.7820714095293396e-08,1.0019872884439712e-06,1.2600412849690898e-06,5.245516925991509e-07,8.307695601406443e-09,4.772635987821031e-12,9.765658997342735e-11,7.977110430352921e-12,6.676031088645599e-15,-0.9509639423617672,-1.4597971609689877,-999.999,UO2(OH)2,(Hfo_wO)2UO2
7.0,13.8,0.001,2.6826957952797277e-05,0.2511886431509579,0.0001,1e-06,4e-05,7.0,13.602882135616314,1.0164207245320168e-05,0.0009898354786577,0.0081999999999999,1.016420724532017,1.2522661550001928,0.0976966430624368,1.0164207245320168e-05,6.826199409275657e-09,4.900395966332027e-07,5.083949104817027e-25,9.387197422799238e-09,9.65795425185489e-06,3.1685106001198082e-24,1.8075774252504906e-08,1.0078680771863763e-06,1.188634135836256e-06,9.736540104063735e-07,3.155273062701179e-08,3.507575034477744e-11,4.558365911854978e-09,2.326718040812501e-10,7.308332065495332e-13,2.4080670558514683,-1.1669330707001402,-999.999,UO2(OH)2,(Hfo_wO)2UO2
7.0,13.8,0.001,7.196856730011514e-05,0.0158489319246111,0.01,0.0001778279410038,0.0071131176401556,7.0,13.601189375902653,0.000987840408036,1.2129248876031903e-05,1.4581891162319167,98.78404080360012,55.85203834590397,1.7470390275183143,0.000987840408036,6.053653603896555e-07,8.629671919907772e-05,2.933697795199364e-22,6.056921081639793e-07,0.0009003326313683,9.678857149812325e-22,4.539667348045508e-09,2.551034492344849e-07,3.1830748761512844e-07,8.41169163195e-07,8.508758724872721e-08,3.0994690086644646e-10,8.662140342457513e-11,3.552563629480833e-07,2.02411254221414e-07,-1.0316109871540569,-1.251554880358154,-999.999,UO2CO3,(Hfo_wO)2UO2
7.0,13.8,0.001,7.196856730011514e-05,0.0630957344480193,1e-05,0.001,0.04,7.0,13.601500448766789,0.0009998685450646,1.007519397992853e-07,8.2,99.9868545064646,1210.251521364582,3.082875637249575,0.0009998685450646,8.286763240459746e-07,0.0004500418696736,1.5625267074658197e-21,2.834403711491771e-07,0.0005487145586957,6.024500048222127e-22,2.9006830699303757e-10,1.6276852756967007e-08,2.0154984762521627e-08,5.455275573213946e-08,5.670865385042094e-09,2.1097153711632617e-11,2.127986938809614e-11,2.08460883130192e-11,1.0175767235350907e-14,-2.262221241589529,-2.4369251908531693,-999.999,UO2CO3,(Hfo_wO)2UO2
7.0,13.8,0.001,7.196856730011514e-05,0.0630957344480193,0.0001,1e-06,4e-05,7.0,13.6015029157533,1.0124948748196952e-05,0.0009898747385535,0.0081999999999999,1.0124948748196954,1.247379894900032,0.0959987398719664,1.0124948748196952e-05,6.786520051330628e-09,4.900214017239476e-07,1.610712327033938e-24,9.31388054881596e-09,9.618826945872856e-06,9.99827425689754e-24,1.7866906513994512e-08,1.002569724501869e-06,1.2412956227552195e-06,3.180883158496795e-06,3.1307993378040535e-07,1.1027020130874696e-09,1.3159102056167695e-09,1.0873986681993922e-08,5.296815474537894e-11,1.3163755954308307,-0.671147700840315,-999.999,UO2CO3,(Hfo_wO)2UO2
7.0,13.8,0.001,0.0001930697728883,0.0630957344480193,0.0,1e-06,4e-05,7.0,13.601502966063972,1.0117988795122629e-05,0.0009898816992613,0.0081999999999999,1.0117988795122628,1.2465136727920243,0.0956970465666768,1.0117988795122629e-05,6.779513590001608e-09,4.900181435331875e-07,4.2635733364157374e-24,9.3009401865574e-09,9.611890197812882e-06,2.6446632350298505e-23,1.7830152204267174e-08,1.000507089886424e-06,1.2387848051225715e-06,8.402861522633207e-06,2.1891635292872347e-06,2.040984851190616e-08,1.3135110407172202e-09,0.0,0.0,1.3146776737310333,-0.2492833725946024,-999.999,UO2CO3,(Hfo_wO)2UO2
7.0,13.8,0.001,0.0005179474679231,0.001,0.0001,1e-06,4e-05,7.0,13.601046960466125,1.0065525141024102e-05,0.0009899341666813,0.0081999999999999,1.00655251410241,1.2399845437132817,0.0934162717575026,1.0065525141024102e-05,6.726969063046137e-09,4.899932651042184e-07,1.2278645913303949e-23,9.203950042083618e-09,9.559600956814754e-06,7.575305097121896e-23,1.7555729808424873e-08,9.871792529854728e-07,1.2422761860957494e-06,2.416708459918056e-05,1.7878851524727202e-05,4.800649319867048e-07,2.476678405460156e-11,8.089764490144515e-06,6.829938356122363e-08,-2.141736620269466,0.2033792530000848,-999.999,UO2CO3,(Hfo_wO)2UO2
7.0,13.8,0.001,0.0005179474679231,0.0630957344480193,1e-05,0.001,0.04,7.0,13.601502023854447,0.000999229889916,7.403035273999617e-07,8.2,99.9229889916074,164.60451576703915,2.21644174549232,0.000999229889916,8.281640824299026e-07,0.0004500148683392,1.1231124872506604e-20,2.831159510897236e-07,0.0005481037415432,4.3257275220258755e-21,2.8972693278162897e-10,1.6257579006266893e-08,2.0130184479199693e-08,3.916608291447081e-07,2.926723230427062e-07,7.826688470283407e-09,2.1249627232002318e-11,7.707514162096069e-09,3.749518427227248e-12,-2.2637023625044854,-1.5808147382649371,-999.999,UO2CO3,(Hfo_wO)2UO2
7.0,13.8,0.001,0.0013894954943731,0.001,1e-05,1e-06,4e-05,7.0,13.601049362472676,9.925439885857648e-06,0.0009900742635663,0.0081999999999999,0.9925439885857646,1.222554249532051,0.0872681395745346,9.925439885857648e-06,6.588955149109773e-09,4.899240873539436e-07,3.061152020112801e-23,8.949671114787923e-09,9.419977172239806e-06,1.8612553356000128e-22,1.6845132969347974e-08,9.472110825130456e-07,1.191884916423212e-06,5.78156981952128e-05,0.0001066563345569,7.140732425055917e-06,2.3675526939518168e-11,5.622363030826391e-06,2.2177379819656263e-09,-2.181490639076685,0.5822305488798838,-999.999,UO2(CO3)2-2,(Hfo_wO)2UO2
7.0,13.8,0.001,0.0013894954943731,0.0158489319246111,0.01,3.1622776601683795e-05,0.0012649110640673,7.0,13.60119140013989,0.0002894410488268,0.0007105502113159,0.2593067681338071,28.944104882682737,1.5709107002902396,0.1961514979149119,0.0002894410488268,1.860149430310911e-07,1.547826507048468e-05,3.0963340147729784e-22,2.422271266510489e-07,0.0002735345416866,1.7303649134522198e-21,1.3438388346132853e-08,7.551538470184822e-07,9.422753734318144e-07,1.4653010506785066e-05,8.72164157901772e-06,1.8694926370256946e-07,2.6000219498877463e-10,0.0002049789784959,0.000111724659515,-0.0889363128706079,-0.0105272887949396,-999.999,CaUO2(CO3)3-2,(Hfo_wO)2UO2
7.0,13.8,0.001,0.0037275937203149,1.0,0.0,0.0001778279410038,0.0071131176401556,7.0,13.6083467948874,0.0008985438704438,0.000101435105941,1.4581891162319167,89.85438704438924,6.074872207153654,0.7835371464165646,0.0008985438704438,5.55457601714801e-07,8.61199191419623e-05,9.15058182437003e-21,5.281176087333643e-07,0.0008113403760914,2.726140184292123e-20,3.8298110762581524e-09,2.0823552071731887e-07,2.038735557991741e-07,1.7986682486019915e-05,7.012413896576341e-05,7.983854932186944e-06,3.268862739988144e-09,0.0,0.0,2.1230127962640992,0.1695224462822269,-999.999,UO2(CO3)2-2,(Hfo_wO)2UO2
7.0,13.8,0.001,0.01,0.2511886431509579,0.0001,5.623413251903491e-06,0.0002249365300761,7.0,13.602909902295195,2.7988083954576635e-05,0.0009720117652182,0.0461119886656086,2.7988083954576632,0.6244357999565626,-0.2045122060614292,2.7988083954576635e-05,1.7331283248406923e-08,2.722477939838203e-06,8.576788727690038e-22,1.6343827669047616e-08,2.523193090382097e-05,2.513684860985465e-21,3.7296419465055045e-09,2.0793059111662281e-07,2.4489664838703455e-07,6.093133438209457e-05,0.0006003269307864,0.000202650728443,9.386217017821639e-10,9.286820427371896e-05,2.012793088477877e-08,1.0321836084672569,0.6300274834768658,-999.999,UO2(CO3)2-2,(Hfo_wO)2UO2
8.0,12.8,1e-08,1e-05,0.001,0.0,0.0001778279410038,0.0071131176401556,8.0,12.601043878342509,9.999951773639722e-09,4.822222153321194e-14,1.4581891162319167,99.99951773639722,142212.19487801363,5.152936839299132,9.999951773639722e-09,1.8013904285027277e-13,9.8748298026405e-09,6.905725869298648e-26,6.2764787528339394e-15,1.249355554776202e-10,2.7629038241111e-28,3.512821539793051e-18,1.975328740201916e-15,2.4861203307598115e-14,1.349693851847222e-15,2.786220722664561e-16,2.0878304796311707e-18,5.011587334076599e-21,0.0,0.0,-15.531800819777269,-10.049664197458046,-999.999,UO2(OH)2,(Hfo_sO)2UO2
8.0,12.8,1e-08,1e-05,0.0039810717055349,0.0,0.001,0.04,8.0,12.601065881005631,9.999991439152075e-09,8.556705055844462e-15,8.2,99.99991439152076,142521.11568145585,5.153879213429212,9.999991439152075e-09,1.8012371937028294e-13,9.874891512291036e-09,6.663817718460982e-26,6.27537194952997e-15,1.249135277697193e-10,2.665632345328974e-28,6.245676469094838e-19,3.511711047446614e-16,4.416310890071501e-15,2.3140451793433286e-16,4.612761872725787e-17,3.335429850642056e-19,3.4295162587905736e-21,0.0,0.0,-15.860569570197733,-10.815229740481996,-999.999,UO2(OH)2,(Hfo_sO)2UO2
8.0,12.8,1e-08,2.6826957952797277e-05,0.0039810717055349,0.0001,1e-06,4e-05,8.0,12.60106631130591,9.9902939983314e-09,9.705999384760576e-12,0.0081999999999999,99.902939983314,125523.24475672026,5.098724157170061,9.9902939983314e-09,1.8347246739000994e-13,9.8603127370343e-09,1.77957391417711e-25,6.520460834890873e-15,1.2979126836887401e-10,7.407485636037287e-28,6.489647652711234e-16,3.648879718399746e-13,4.5885847875873796e-12,6.43024089792839e-13,3.428244602307046e-13,6.629749853076072e-15,3.5574122830718485e-18,1.1062625387998845e-13,9.242725474851502e-16,-9.828696871870836,-7.371353540569835,-999.999,UO2(OH)2,(Hfo_sO)2UO2
8.0,12.8,1e-08,2.6826957952797277e-05,0.0039810717055349,0.001,0.0001778279410038,0.0071131176401556,8.0,12.60106962791434,9.99994251484452e-09,5.748167170930256e-14,1.4581891162319167,99.9994251484452,119303.79567416092,5.076654261056094,9.99994251484452e-09,1.8013887604435345e-13,9.874820659719111e-09,1.738685035094925e-25,6.276472940268074e-15,1.2493543977642075e-10,6.956284715495872e-28,3.5128182863834084e-18,1.975092688075609e-15,2.482677989245656e-14,3.3942865279082915e-15,1.7661967578441297e-15,3.3321978695193216e-17,1.9005636059720267e-20,5.313649572830512e-15,4.240881660579648e-16,-14.372456728593654,-9.64865261595941,-999.999,UO2(OH)2,(Hfo_sO)2UO2
8.0,12.8,1e-08,0.0001930697728883,0.0158489319246111,1e-05,1e-06,4e-05,8.0,12.601154119695858,9.966864457306753e-09,3.3135541554149566e-11,0.0081999999999999,99.66864457306752,36681.799007117705,4.564450626880888,9.966864457306753e-09,1.830337754562205e-13,9.837200089452494e-09,1.1956373415261607e-24,6.504563459551936e-15,1.2947482951533986e-10,4.976377444986512e-27,6.473825298081272e-16,3.6385118039349293e-13,4.561351576580766e-12,4.308200307460795e-12,1.5510182421413074e-11,2.019969774179639e-12,1.3297412321407272e-17,2.7349368246000483e-12,1.8490841399534818e-15,-8.681288784799655,-6.544111059421931,-999.999,UO2(CO3)2-2,(Hfo_sO)2UO2
8.0,12.8,1e-08,0.0001930697728883,0.0158489319246111,0.0001,0.0001778279410038,0.0071131176401556,8.0,12.601154449857288,9.999687055407613e-09,3.129438990444321e-13,1.4581891162319167,99.99687055407612,21913.213352442053,4.340706067150297,9.999687055407613e-09,1.8013427370195874e-13,9.87456839735689e-09,1.1982329963929999e-24,6.276312565754546e-15,1.2493224746445384e-10,4.7939964184878476e-27,3.512728526943796e-18,1.974270881248886e-15,2.4749017842180505e-14,2.3337633554996743e-14,8.388627167213735e-14,1.0907219298509441e-14,7.210456493753782e-20,1.4737055304229057e-13,9.942519644792159e-16,-13.212834879977883,-8.810332259878114,-999.999,CaUO2(CO3)3-2,(Hfo_sO)2UO2
8.0,12.8,1e-08,0.0001930697728883,0.0158489319246111,0.001,0.0001778279410038,0.0071131176401556,8.0,12.601157751935396,9.998370019624456e-09,1.6300111713274596e-12,1.4581891162319167,99.98370019624454,4206.537567439766,3.623924771834521,9.998370019624456e-09,1.801105460621262e-13,9.873267844275078e-09,1.1794095901821503e-24,6.275485745779371e-15,1.2491578931756734e-10,4.718685934129984e-27,3.51226577189975e-18,1.973980779614956e-15,2.4734822924969125e-14,2.2961562882757044e-14,8.12820865189071e-14,1.0403957741030124e-14,7.163531078269307e-20,1.3778545278323872e-12,9.10790503180664e-14,-13.217887846667082,-8.817208892575124,-999.999,CaUO2(CO3)3-2,(Hfo_sO)2UO2
8.0,12.8,1e-08,0.0005179474679231,0.001,0.001,0.001,0.04,8.0,12.601049412047685,9.991374450724431e-09,8.625549432479269e-12,8.2,99.9137445072443,141.26176058776664,2.1500246146914983,9.991374450724431e-09,1.799685038505641e-13,9.866382326614753e-09,3.429196246201842e-24,6.269964253439269e-15,1.2480588564156878e-10,1.371732617474369e-26,6.240294360006778e-19,3.5089510051579856e-16,4.413931912109795e-15,1.1910104513974168e-14,1.222570393383329e-13,4.553111371419208e-14,8.662928327030048e-22,7.773000381642107e-12,6.645768391036946e-13,-17.056004736672307,-9.103760524695092,-999.999,CaUO2(CO3)3-2,(Hfo_sO)2UO2
8.0,12.8,1e-08,0.0005179474679231,0.2511886431509579,0.0001,3.1622776601683795e-05,0.0012649110640673,8.0,12.602882633847942,9.994635541561216e-09,5.364471528356262e-12,0.2593067681338071,99.94635541561216,7184.989949908431,3.856426164996011,9.994635541561216e-09,1.80133409222659e-13,9.869453373133253e-09,2.2685041281588422e-24,6.2795040865560436e-15,1.2499575551465556e-10,9.08535162485252e-27,1.9763572076612492e-17,1.1019736917401678e-14,1.299603121114892e-13,2.358553060396956e-13,1.6933954577685617e-12,4.170660749338907e-13,4.984000233699197e-18,2.7601617177140175e-12,8.649637884335029e-15,-9.514665607978593,-7.7826880837804495,-999.999,CaUO2(CO3)3-2,(Hfo_sO)2UO2
8.0,12.8,1e-08,0.0013894954943731,0.0039810717055349,0.001,0.0001778279410038,0.0071131176401556,8.0,12.60107456794805,9.283380825396857e-09,7.166191843898931e-10,1.4581891162319167,92.83380825396854,8.883904551172582,0.9486038838339176,9.283380825396857e-09,1.6722944237620832e-13,9.167226598558844e-09,8.3331650967205e-24,5.826630773110766e-15,1.1598117076485387e-10,3.333953267993915e-26,3.261050475941004e-18,1.8334937645698644e-15,2.3043014233137995e-14,1.626550214132907e-13,4.370202491908251e-12,4.256705258864046e-12,1.757417151977567e-20,6.570356860886256e-10,5.075072739666369e-11,-14.44170476518702,-7.968070459307789,-999.999,CaUO2(CO3)3-2,(Hfo_sO)2UO2
8.0,12.8,1e-08,0.0013894954943731,0.0039810717055349,0.01,3.1622776601683795e-05,0.0012649110640673,8.0,12.60110733824177,2.3424629638324772e-09,7.657537036248574e-09,0.2593067681338071,23.424629638324767,1.1796950977894982,0.071769774714379,2.3424629638324772e-09,4.2198557036134374e-14,2.313151426284914e-09,1.8072993987207152e-24,1.4703513103254833e-15,2.926786863921483e-11,7.231312622364087e-27,4.627656786203952e-18,2.601462185134396e-15,3.2556592697626103e-14,1.9758421006027265e-13,4.581558348321473e-12,3.835652567446983e-12,2.322943820877512e-20,4.735310042549955e-09,2.9135510384459227e-09,-14.193136862226917,-7.881812818217144,-999.999,CaUO2(CO3)3-2,(Hfo_sO)2UO2
8.0,12.8,1e-08,0.0013894954943731,0.0630957344480193,0.0001,5.623413251903491e-06,0.0002249365300761,8.0,12.601506475886074,9.0377574696505e-09,9.622425509754035e-10,0.0461119886656086,90.377574696505,203.68651264508432,2.3089622726047723,9.0377574696505e-09,1.6329375738098377e-13,8.923988215758857e-09,6.859526427504703e-24,5.707024452661588e-15,1.1360025310980316e-10,2.761305414772531e-26,1.0100669959173605e-16,5.6677186201625583e-14,7.016426647221308e-13,4.204699216749343e-12,9.678776731379604e-11,7.971785734836825e-11,7.43489525813874e-18,7.764739880092818e-10,3.735492022571143e-12,-9.18050321269683,-6.549914673781386,-999.999,CaUO2(CO3)3-2,(Hfo_sO)2UO2
8.0,12.8,1e-08,0.0037275937203149,0.0158489319246111,1e-05,3.1622776601683795e-05,0.0012649110640673,8.0,12.601166959264807,8.950369741058636e-09,1.0496302591659523e-09,0.2593067681338071,89.50369741058637,32.88446508783597,1.5169907818409931,8.950369741058636e-09,1.6130233407213536e-13,8.838281366415339e-09,2.0631806733994402e-23,5.6226804093824505e-15,1.1192144962879591e-10,8.261953842239155e-26,1.7696341255739677e-17,9.945362519620034e-15,1.2462170720564948e-13,2.2609391124751443e-12,1.5639481840191524e-10,3.9119365119898206e-10,3.613510634609704e-19,4.992289199393496e-10,3.180120805137209e-13,-11.815877555729614,-6.8239470776233055,-999.999,CaUO2(CO3)3-2,(Hfo_sO)2UO2
8.0,12.8,1e-08,0.0037275937203149,0.0630957344480193,1e-05,0.001,0.04,8.0,12.601514348011436,9.977083161142488e-09,2.291683902739345e-11,8.2,99.77083161142488,53.09272614872933,1.7250350256039813,9.977083161142488e-09,1.7971107866534431e-13,9.852269828058556e-09,2.031315540339052e-23,6.260995581316029e-15,1.246273610096649e-10,8.125582281572811e-26,6.231368128039293e-19,3.4964374623025473e-16,4.327423440359279e-15,6.956419669709626e-14,4.296013087064115e-12,9.490884521145148e-12,4.5813721805066655e-20,9.047958961915666e-12,4.259472584141576e-15,-13.602712601074025,-8.331175497824727,-999.999,UO2(CO3)3-4,(Hfo_sO)2UO2
8.0,12.8,1e-08,0.0037275937203149,0.2511886431509579,0.01,0.001,0.04,8.0,12.602928117518951,7.371374650301e-09,2.62862535194506e-09,8.2,73.71374650301,0.3419841201106533,-0.465994059757997,7.371374650301e-09,1.3277538346632872e-13,7.279159672928582e-09,1.149434797440044e-23,4.625768308394891e-15,9.20775762206315e-11,4.597873022278261e-26,4.603878853363049e-19,2.566484845531781e-16,3.012220416216968e-15,3.7571644818290584e-14,1.861787354938303e-12,3.1501640494859277e-12,1.1499263191419828e-19,2.015664106836233e-09,6.079059304792672e-10,-12.787283469657773,-8.57847301831853,-999.999,CaUO2(CO3)3-2,(Hfo_sO)2UO2
8.0,12.8,1e-08,0.01,0.001,0.001,0.0001778279410038,0.0071131176401556,8.0,12.601083967179305,3.863996815824932e-10,9.613600319246166e-09,1.4581891162319167,3.8639968158249314,0.0275636575038211,-1.5596631551121838,3.863996815824932e-10,6.959875836988485e-15,3.8156596767954905e-10,2.4941224483131035e-24,2.4247297801576207e-16,4.826511554126672e-12,9.976575393846967e-27,1.3570734552681831e-19,7.629682636676901e-17,9.586032574928425e-16,4.86609746748177e-14,9.403718782556794e-12,6.586394986612221e-11,1.8263207240253374e-22,8.932240682874614e-09,6.060415090842903e-10,-18.416560632776918,-8.49204850561783,-999.999,CaUO2(CO3)3-2,(Hfo_sO)2UO2
8.0,12.8,1e-08,0.01,1.0,0.01,3.1622776601683795e-05,0.0012649110640673,8.0,12.608397406030596,1.944487568777749e-10,9.805551243377265e-09,0.2593067681338071,1.9444875687777492,0.0764749681894395,-1.1164806949925643,1.944487568777749e-10,3.502460356702733e-15,1.9201623877096468e-10,5.865570333665922e-25,1.2202209924051243e-16,2.4288936243537197e-12,2.3462851030041648e-27,3.840418053010069e-19,2.0876358330758384e-16,2.034541423761255e-15,5.162812402843149e-14,5.811966189486413e-12,1.9023716596723385e-11,3.2720040738902523e-19,8.320154874691184e-09,1.4605048629763003e-09,-11.877025477480046,-8.370649209138444,-999.999,CaUO2(CO3)3-2,(Hfo_sO)2UO2
8.0,12.8,5.179474679231213e-08,1e-05,0.0630957344480193,0.0001,0.0001778279410038,0.0071131176401556,8.0,12.601501644435327,5.179450173793834e-08,2.4494248956837495e-13,1.4581891162319167,99.99952687407706,145012.58003216737,5.1614056794871495,5.179450173793834e-08,9.33448190097124e-13,5.1145841640395977e-08,2.8310930714401977e-25,3.253868689283346e-14,6.47694110665374e-10,1.1337407726590175e-27,1.821126489798353e-17,1.0218987664103384e-14,1.2652823748712037e-13,5.4600390546031206e-15,9.049565883634472e-16,5.3674939485953305e-18,1.3416396454923622e-18,5.2981711374730976e-17,2.5834033692769347e-19,-10.666829079747757,-9.43651607111408,-999.999,UO2(OH)2,(Hfo_sO)2UO2
8.0,12.8,5.179474679231213e-08,2.6826957952797277e-05,0.001,1e-05,5.623413251903491e-06,0.0002249365300761,8.0,12.601043977300318,5.178586295120751e-08,8.883738659748594e-12,0.0461119886656086,99.98284798815556,126415.86806744747,5.101801591205845,5.178586295120751e-08,9.495965515281273e-13,5.1114174376439626e-08,9.58323712020988e-25,3.3694910958416686e-14,6.707052833053975e-10,3.976514874366623e-27,5.963578118581791e-16,3.353435906227055e-13,4.22055673686144e-12,6.142913947909475e-13,3.3997632916945005e-13,6.8299820808515574e-15,8.503893247739137e-19,1.2956194031495227e-14,1.2314930284181733e-17,-11.072532065099283,-7.391522203529512,-999.999,UO2(OH)2,(Hfo_sO)2UO2
8.0,12.8,5.179474679231213e-08,2.6826957952797277e-05,0.0039810717055349,0.0,1e-06,4e-05,8.0,12.601065942873513,5.173567569625192e-08,5.907099329643477e-11,0.0081999999999999,99.8859515689939,106807.56139961758,5.028601999489227,5.173567569625192e-08,1.0344662591554553e-12,5.0935919238572545e-08,9.22058532802703e-25,4.0125565256997635e-14,7.986818658549598e-10,4.5720204764539046e-27,3.993728310697983e-15,2.2455239080564267e-12,2.8239538438851548e-11,3.969297075618417e-12,2.1224975752887108e-12,4.1170064340688216e-14,2.192824069935968e-17,0.0,0.0,-8.249045742942108,-6.580887140145503,-999.999,UO2(OH)2,(Hfo_sO)2UO2
8.0,12.8,5.179474679231213e-08,0.0001930697728883,0.001,0.0,3.1622776601683795e-05,0.0012649110640673,8.0,12.601044553293036,5.178914621202713e-08,5.600550740737634e-12,0.2593067681338071,99.98918697236331,35661.05298560406,4.552194162706013,5.178914621202713e-08,9.357789552669706e-13,5.1137135348671766e-08,6.89422454447285e-24,3.270692395537454e-14,6.510423774761449e-10,2.7756090003415273e-26,1.0293905029824383e-16,5.788447554524513e-14,7.285082077964774e-13,7.624644274196387e-13,3.034437623177379e-12,4.3835629040012763e-13,1.46633849169026e-19,0.0,0.0,-12.599463098340175,-7.297670814190436,-999.999,UO2(CO3)2-2,(Hfo_sO)2UO2
8.0,12.8,5.179474679231213e-08,0.0001930697728883,0.2511886431509579,0.0,3.1622776601683795e-05,0.0012649110640673,8.0,12.602881239475474,5.179165019040751e-08,3.096555898982717e-12,0.2593067681338071,99.9940213977355,64501.077862803,4.809566972091955,5.179165019040751e-08,9.358243428037381e-13,5.113960760087916e-08,4.38377210491827e-24,3.2708515449400044e-14,6.510740566700916e-10,1.7649035141803296e-26,1.0294405927811527e-16,5.739973171519747e-14,6.769918252286551e-13,4.582018682078842e-13,1.2268245109947482e-12,1.1268679363371457e-13,2.5964289193119745e-17,0.0,0.0,-8.080931191988892,-7.494308133218846,-999.999,UO2(CO3)2-2,(Hfo_sO)2UO2
8.0,12.8,5.179474679231213e-08,0.0001930697728883,1.0,0.0,1e-06,4e-05,8.0,12.608338230157996,5.1715465368462266e-08,7.92813658848348e-11,0.0081999999999999,99.84693153503044,79549.13489363894,4.900635461003822,5.1715465368462266e-08,1.0340179014001862e-12,5.0916090761635184e-08,3.06300240307458e-24,4.0106403894574965e-14,7.983004825217911e-10,1.518653436855803e-26,3.99182108650127e-15,2.170529335283645e-12,2.125467995814228e-11,1.0615920848868358e-11,2.3429101782706747e-11,1.5102468015214393e-12,3.407803822447984e-15,0.0,0.0,-3.840026230061824,-6.059536646480197,-999.999,UO2(CO3)2-2,(Hfo_sO)2UO2
8.0,12.8,5.179474679231213e-08,0.0005179474679231,0.0158489319246111,0.0,1e-06,4e-05,8.0,12.601155263040624,5.0766150986507094e-08,1.0285958414572815e-09,0.0081999999999999,98.01409241379338,6018.879109965646,3.779515620546573,5.0766150986507094e-08,1.0130006799169657e-12,4.9984641751860374e-08,1.6292851953936702e-23,3.9209918302917873e-14,7.804570240484866e-10,8.044693848063518e-26,3.902589702861839e-15,2.1933776833567217e-12,2.749585101373448e-11,6.964767788160752e-11,6.724716022763e-10,2.348737472879965e-10,8.012147964417188e-17,0.0,0.0,-7.12160344695538,-5.335486578198207,-999.999,UO2(CO3)2-2,(Hfo_sO)2UO2
8.0,12.8,5.179474679231213e-08,0.0005179474679231,0.0158489319246111,0.001,3.1622776601683795e-05,0.0012649110640673,8.0,12.60115891917839,5.095672317687798e-08,8.380236127060315e-10,0.2593067681338071,98.38202970893076,234.49381071398548,2.3701313843294125,5.095672317687798e-08,9.206910837735277e-13,5.0315258281397686e-08,1.6117952713330612e-23,3.2177901960023483e-14,6.405120264945415e-10,6.488397668468277e-26,1.0127404876126956e-16,5.691823002912486e-14,7.131813986048438e-13,1.7754308034937364e-12,1.6854602499251194e-11,5.785337312703318e-12,2.06455173244654e-18,7.621560302913544e-10,5.0113473033583866e-11,-10.298760626421052,-6.9288916564006815,-999.999,CaUO2(CO3)3-2,(Hfo_sO)2UO2
8.0,12.8,5.179474679231213e-08,0.0013894954943731,0.001,0.0001,5.623413251903491e-06,0.0002249365300761,8.0,12.601049325247011,3.84473721657175e-08,1.3347374624909054e-08,0.0461119886656086,74.23025412187984,62.467907582771744,1.7956569591159406,3.84473721657175e-08,7.017497989692761e-13,3.795334609046225e-08,3.6370773059881364e-23,2.478235728077904e-14,4.93299543098971e-10,1.4949035545566047e-25,4.3861605798691245e-16,2.4663626168594226e-13,3.103422691433872e-12,2.3088652599868768e-11,6.532650894628286e-10,6.707982353000188e-10,6.178724944771227e-19,1.1888846167540072e-08,1.0555993263457516e-10,-11.3512197357201,-5.816413011258508,-999.999,CaUO2(CO3)3-2,(Hfo_sO)2UO2
8.0,12.8,5.179474679231213e-08,0.0037275937203149,0.0039810717055349,0.0,0.0001778279410038,0.0071131176401556,8.0,12.601079543149549,5.1133258285231054e-08,6.614885058092347e-10,1.4581891162319167,98.7228656416962,53.01116064402704,1.724367312918717,5.1133258285231054e-08,9.21524560664623e-13,5.0492888702213294e-08,1.2542635514037357e-22,3.21228100321956e-14,6.394159356469409e-10,5.022755526433527e-25,1.7978506695111418e-17,1.0108008117599827e-14,1.270561369171923e-13,2.450926567307332e-12,1.7991641351629442e-10,4.78882944394252e-10,9.741477301774833e-20,0.0,0.0,-12.9571647832675,-6.790087799316828,-999.999,UO2(CO3)3-4,(Hfo_sO)2UO2
8.0,12.8,5.179474679231213e-08,0.0037275937203149,1.0,1e-05,1e-06,4e-05,8.0,12.608347311537717,3.580388023367718e-08,1.599086655905547e-08,0.0081999999999999,69.1264702523684,273.0512972289736,2.4362442441495213,3.580388023367718e-08,6.925058797002104e-13,3.5286488434915094e-08,4.100102113993826e-23,2.5957165415809823e-14,5.166733357169355e-10,1.898463627536636e-25,2.5835001627956385e-15,1.4047043339087868e-12,1.3752577395342195e-11,1.3268366870147043e-10,5.656931979809795e-09,7.0431540652317916e-09,2.2055882248589883e-15,3.129242064081439e-09,5.60446132863292e-13,-4.219090578932306,-4.962605275016127,-999.999,UO2(CO3)3-4,(Hfo_sO)2UO2
8.0,12.8,5.179474679231213e-08,0.01,0.001,0.001,3.1622776601683795e-05,0.0012649110640673,8.0,12.601083966731949,3.675882683271204e-10,5.142715852827119e-08,0.2593067681338071,0.7097018348232979,0.0275648263399489,-1.5596447392572486,3.675882683271204e-10,6.621162985527035e-15,3.62989708738944e-10,2.3726700573561682e-24,2.306769694789607e-16,4.591707748218998e-12,9.491115874885615e-27,7.260127521928287e-19,4.0817590818830654e-16,5.128375316989558e-15,2.603254339749463e-13,5.0307220554040026e-11,3.5234925752375087e-10,9.77052892001933e-22,4.77823911003385e-08,3.241841007204316e-09,-16.959878473247862,-7.763712713761414,-999.999,CaUO2(CO3)3-2,(Hfo_sO)2UO2
8.0,12.8,5.179474679231213e-08,0.01,1.0,0.01,3.1622776601683795e-05,0.0012649110640673,8.0,12.608397405722108,1.007084618190709e-09,5.078766217542292e-08,0.2593067681338071,1.9443759851340563,0.0764704926832485,-1.1165061117343489,1.007084618190709e-09,1.8140761421359833e-14,9.944849136253172e-10,3.037842008047516e-24,6.320374485742649e-16,1.2580931766518924e-11,1.215289626992933e-26,1.989220052560194e-18,1.0813320347357466e-15,1.0538307505502275e-14,2.674147570096507e-13,3.0103486464021105e-11,9.853347078580894e-11,1.6947988630066021e-18,4.309410816226257e-08,7.56462791336422e-09,-10.448416787355868,-7.656350187362989,-999.999,CaUO2(CO3)3-2,(Hfo_sO)2UO2
8.0,12.8,2.682695795279728e-07,1e-05,0.0630957344480193,0.01,0.001,0.04,8.0,12.60153784319919,2.682693473420051e-07,2.2939891116608255e-13,8.2,99.9999134505045,142615.21076886143,5.154165848101311,2.682693473420051e-07,4.834575791715556e-12,2.649099169470892e-07,1.3413613091883428e-24,1.6851883668646937e-13,3.354427300287498e-09,5.371133447211615e-27,1.6772142305397424e-17,9.409876083663351e-15,1.1596738735924668e-13,4.579232561031258e-15,6.974027507306047e-16,3.783826502343067e-18,1.2031585520995197e-18,3.4825767460231266e-15,1.5762560982027138e-15,-10.756890226290189,-9.510963902708198,-999.999,UO2(OH)2,(Hfo_sO)2UO2
8.0,12.8,2.682695795279728e-07,2.6826957952797277e-05,0.0158489319246111,1e-05,1e-06,4e-05,8.0,12.601153516174524,2.672982483465445e-07,9.713284926193651e-10,0.0081999999999999,99.6379271987762,33559.55025207795,4.525816132003218,2.672982483465445e-07,9.418983994427265e-12,2.5402794894392417e-07,4.291165562046561e-24,6.666050005025094e-13,1.3260213813625362e-08,7.083441247107551e-26,6.638907610107966e-14,3.7313040944073966e-11,4.677778392518697e-10,6.140523149616346e-11,3.072445324574258e-11,5.561320603253934e-13,1.3640449851725164e-15,7.551598945933235e-13,5.120529599869717e-16,-4.659029829571466,-5.390209605980591,-999.999,UO2(OH)2,(Hfo_sO)2UO2
8.0,12.8,2.682695795279728e-07,2.6826957952797277e-05,0.0158489319246111,0.0001,0.001,0.04,8.0,12.601153846942951,2.682693297728397e-07,2.4704890797507993e-13,8.2,99.99990690143343,132426.296443363,5.121974233338371,2.682693297728397e-07,4.834575474930579e-12,2.649098995981673e-07,4.467724555528403e-24,1.6851882563839878e-13,3.354427080371777e-09,1.788984416582673e-26,1.6772141197285337e-17,9.426530307267513e-15,1.181713773167409e-13,1.5487231240354832e-14,7.73686313065007e-15,1.3981479043808658e-16,3.443745519981153e-19,1.894524667418497e-15,1.2818714750671816e-17,-11.854562490453937,-8.988423288050377,-999.999,UO2(OH)2,(Hfo_sO)2UO2
8.0,12.8,2.682695795279728e-07,7.196856730011514e-05,0.001,0.0,5.623413251903491e-06,0.0002249365300761,8.0,12.601044106905109,2.681959352956349e-07,7.36422718880284e-11,0.0461119886656086,99.97254842219998,78978.91459933815,4.897511160968553,2.681959352956349e-07,5.317100641704924e-12,2.64121156534956e-07,1.3286289365958112e-23,2.044376370874132e-13,4.0692572223999914e-09,6.473149830442051e-26,3.618400033306005e-15,2.0346954649136658e-12,2.5608176387499624e-11,1.0000310677767982e-11,1.4849697670575068e-11,8.004203623159652e-13,5.159626243976652e-18,0.0,0.0,-9.506598305927652,-6.179882904726224,-999.999,UO2(OH)2,(Hfo_sO)2UO2
8.0,12.8,2.682695795279728e-07,7.196856730011514e-05,0.001,0.0001,0.001,0.04,8.0,12.601044475583524,2.682691682905891e-07,4.0949974314181563e-13,8.2,99.99984670741112,79891.99695109385,4.9025032767600765,2.682691682905891e-07,4.834572563289349e-12,2.649097401402223e-07,1.3261497553326818e-23,1.685187240932265e-13,3.3544250590794e-09,5.310222721512111e-26,1.6772131030361255e-17,9.431273681738408e-15,1.1869403087851356e-13,4.6127436503467365e-14,6.816752598444584e-14,3.656555547191255e-15,2.3838742862381562e-20,6.845896931364758e-14,6.421921131136052e-16,-14.177208664980236,-8.51591711050894,-999.999,UO2(OH)2,(Hfo_sO)2UO2
8.0,12.8,2.682695795279728e-07,0.0001930697728883,0.001,0.0001,5.623413251903491e-06,0.0002249365300761,8.0,12.60104492168617,2.677894649676118e-07,4.80114182051992e-10,0.0461119886656086,99.82103279797668,12095.814012661484,4.082635100421036,2.677894649676118e-07,5.308235958694399e-12,2.637221154199858e-07,3.538600182261077e-23,2.0406484741604399e-13,4.061837246819836e-09,1.7234848197329476e-25,3.6118016617890905e-15,2.030977453894941e-12,2.5559760668011747e-11,2.6624368165968496e-11,1.0546146090418616e-10,1.5162776304730933e-11,5.1294126393485656e-18,2.823292773887485e-10,2.633926047214753e-12,-9.511846936329183,-5.754591161710298,-999.999,CaUO2(CO3)3-2,(Hfo_sO)2UO2
8.0,12.8,2.682695795279728e-07,0.0001930697728883,0.2511886431509579,0.0,3.1622776601683795e-05,0.0012649110640673,8.0,12.602881239497089,2.682531015713644e-07,1.6476611809276737e-11,0.2593067681338071,99.99385768724233,62786.02517560134,4.797862989843764,2.682531015713644e-07,4.9119709226749094e-12,2.647837151508325e-07,2.2697698117751632e-23,1.740395372271193e-13,3.464300410072028e-09,9.390875639708051e-26,5.477599933787301e-16,3.054209915716037e-13,3.60223834174492e-12,2.4380681568036495e-12,6.52786850965571e-12,5.996004388066806e-13,1.381546380875625e-16,0.0,0.0,-6.62895315629418,-6.768319146258214,-999.999,UO2(CO3)2-2,(Hfo_sO)2UO2
8.0,12.8,2.682695795279728e-07,0.0013894954943731,1.0,0.0001,5.623413251903491e-06,0.0002249365300761,8.0,12.608341636385529,2.6433653272947564e-07,3.9330467406622e-09,0.0461119886656086,98.53391994522174,1457.519014191324,3.1636142290945206,2.6433653272947564e-07,5.2330391623510126e-12,2.603321178549883e-07,1.1270188094643317e-22,2.0090686241118426e-13,3.998980928462567e-09,5.474604446091563e-25,3.5559055970428806e-15,1.933472511906439e-12,1.8931218112882897e-11,6.804659733187725e-11,1.0808291481752162e-09,5.013724442908937e-10,3.035631126601938e-15,2.2398168969673595e-09,4.033827753201332e-12,-3.940856853034525,-5.252646364458725,-999.999,CaUO2(CO3)3-2,(Hfo_sO)2UO2
8.0,12.8,2.682695795279728e-07,0.0037275937203149,0.0039810717055349,0.0,5.623413251903491e-06,0.0002249365300761,8.0,12.601079542989742,1.8303363451232745e-07,8.523594497456223e-08,0.0461119886656086,68.22750266145711,46.56871677373119,1.6680942708774202,1.8303363451232745e-07,3.5166374118435918e-12,1.804241916979332e-07,4.48151946377841e-22,1.3091226857803897e-13,2.605795264713353e-09,2.0467783247136614e-24,2.317023401829065e-15,1.3026939205112612e-12,1.6374664254681758e-11,3.1584862474172565e-10,2.3184164916579365e-08,6.170523008553083e-08,1.2554843537613028e-17,0.0,0.0,-8.736813500331845,-4.679939061208245,-999.999,UO2(CO3)3-4,(Hfo_sO)2UO2
8.0,12.8,2.682695795279728e-07,0.0037275937203149,0.0630957344480193,0.001,0.0001778279410038,0.0071131176401556,8.0,12.601517872289689,1.759527813643932e-07,9.231679812687816e-08,1.4581891162319167,65.58804828858592,1.30707813786662,0.1163015507251185,1.759527813643932e-07,3.175318212949321e-12,1.737431869686723e-07,3.5480702977666034e-22,1.1083998327252193e-13,2.206308237524364e-09,1.4247892144141303e-24,6.203499188049769e-17,3.480743632330025e-14,4.306049670439019e-13,6.856347997713753e-12,4.1957112715278477e-10,9.181000835398267e-10,4.548214206458896e-18,8.69105205007666e-08,4.060938056975176e-09,-9.608526936023068,-6.337278837883211,-999.999,CaUO2(CO3)3-2,(Hfo_sO)2UO2
8.0,12.8,1.389495494373136e-06,1e-05,0.0039810717055349,1e-05,0.0001778279410038,0.0071131176401556,8.0,12.601065917883192,1.3894885306587683e-06,6.894439149552258e-12,1.4581891162319167,99.99949883145388,138210.86055259596,5.140542171060905,1.3894885306587683e-06,2.5409616931539296e-11,1.371565423940985e-06,9.252837736486237e-24,8.990990057952205e-13,1.789679800184618e-08,3.817980923567559e-26,5.032105448196601e-16,2.829364822324512e-13,3.5581786005519788e-12,1.8638361397155825e-13,3.714210974006921e-14,2.684880660539405e-16,2.762686958323161e-18,4.505484022559197e-16,3.785798533174599e-19,-10.048364708210634,-7.909191848980511,-999.999,UO2(OH)2,(Hfo_sO)2UO2
8.0,12.8,1.389495494373136e-06,1e-05,0.2511886431509579,0.001,5.623413251903491e-06,0.0002249365300761,8.0,12.60288426123107,1.3888036388734384e-06,6.917860986212525e-10,0.0461119886656086,99.95020815090804,43536.665461066514,4.638855162708844,1.3888036388734384e-06,4.5933265550352666e-11,1.3284365453052831e-06,5.868969967178139e-24,3.0318718390840767e-12,6.031812843076566e-08,8.426921149369393e-26,5.368881956831128e-14,2.993549095396478e-11,3.5291301534877136e-10,1.2310726657510656e-11,1.6995189077838166e-12,8.045389479085031e-15,1.3528465914883608e-14,5.327979727209835e-13,1.6701551406635938e-14,-2.6468053521510626,-6.064895071966429,-999.999,UO2(OH)2,(Hfo_sO)2UO2
8.0,12.8,1.389495494373136e-06,2.6826957952797277e-05,1.0,0.001,5.623413251903491e-06,0.0002249365300761,8.0,12.60834125268496,1.3888790025038798e-06,6.164234498481725e-10,0.0461119886656086,99.95563196341747,48862.01898157816,4.688971408082421,1.3888790025038798e-06,4.5937650071697966e-11,1.3285034350109711e-06,1.1080488058062841e-23,3.0322977649288877e-12,6.032659754507195e-08,1.5911277126116764e-25,5.3696365931778784e-14,2.91966780716172e-11,2.8578519953152887e-10,1.979059485529144e-11,6.058112181708084e-12,5.4141903381892236e-14,4.583046315755921e-14,2.4255498396290977e-12,4.379299338277093e-14,-1.5824595455481898,-5.788858897184749,-999.999,UO2(OH)2,(Hfo_sO)2UO2
8.0,12.8,1.389495494373136e-06,7.196856730011514e-05,0.0039810717055349,0.001,0.0001778279410038,0.0071131176401556,8.0,12.601069794291462,1.3894697355417756e-06,2.572934555930008e-11,1.4581891162319167,99.99814617381166,37034.5011821658,4.568606499513014,1.3894697355417756e-06,2.5409267969500985e-11,1.3715468787673014e-06,6.477759554610051e-23,8.990864672457242e-13,1.789654842003752e-08,2.672904530907121e-25,5.032035127599861e-16,2.829274776375658e-13,3.556358895060984e-12,1.3042379177979132e-12,1.82042167988088e-12,9.212683820122117e-14,2.722665621545126e-18,1.4674508541650367e-11,1.1698763325152894e-12,-10.060440313885586,-7.064042168419835,-999.999,CaUO2(CO3)3-2,(Hfo_sO)2UO2
8.0,12.8,1.389495494373136e-06,7.196856730011514e-05,1.0,0.001,0.001,0.04,8.0,12.608341368045494,1.3894942385329938e-06,1.1918094794142777e-12,8.2,99.99990961898422,142179.19879068685,5.152836062559514,1.3894942385329938e-06,2.5094764640572668e-11,1.3720178531596615e-06,3.069945021035265e-23,8.766699248721703e-13,1.7450413938766592e-08,1.2347429880127246e-25,8.725222598743076e-17,4.744220126675386e-14,4.643762697665135e-13,8.627087874368766e-14,7.084646512771044e-14,1.6985917928026084e-15,7.447080619387141e-17,7.608900142730908e-14,1.3736358560857857e-15,-7.160810815104604,-8.14945264919439,-999.999,UO2(OH)2,(Hfo_sO)2UO2
8.0,12.8,1.389495494373136e-06,0.0001930697728883,1.0,0.01,0.0001778279410038,0.0071131176401556,8.0,12.608372724029955,1.3893916308829693e-06,1.0385787260724579e-10,1.4581891162319167,99.99252509341792,9174.267600861069,3.96257140375785,1.3893916308829693e-06,2.540781786998814e-11,1.371469812709944e-06,8.075423656982884e-23,8.990343652107404e-13,1.7895511320790038e-08,3.3321394993067657e-25,5.0317434334073675e-16,2.73554644400273e-13,2.6672590844285047e-12,1.3043467418395912e-12,2.8292844613020777e-12,1.7850717512680564e-13,4.286462633054854e-16,7.974392591705236e-11,1.4303260705322783e-11,-5.639261693805384,-6.968302448553773,-999.999,CaUO2(CO3)3-2,(Hfo_sO)2UO2
8.0,12.8,1.389495494373136e-06,0.0013894954943731,0.001,0.001,5.623413251903491e-06,0.0002249365300761,8.0,12.601052568001448,3.080279903869041e-07,1.0814675035156871e-06,0.0461119886656086,22.16833315647917,6.176790279829395,0.7907628560148765,3.080279903869041e-07,6.19897868936922e-12,3.032035268170812e-07,2.812120612941233e-22,2.4205687833336464e-13,4.8180225342549e-09,1.4130857669550355e-24,4.2842622042955704e-15,2.4090286152224577e-12,3.0300074235555246e-11,2.181783009360664e-10,5.9768923372939565e-09,5.939845216444473e-09,5.92822508564227e-18,9.871260931160123e-07,8.214969464506189e-08,-9.38656020943932,-4.840824262280279,-999.999,CaUO2(CO3)3-2,(Hfo_sO)2UO2
8.0,12.8,1.389495494373136e-06,0.0037275937203149,0.001,0.0,3.1622776601683795e-05,0.0012649110640673,8.0,12.60105758861447,1.2727342475959204e-06,1.167612450474083e-07,0.2593067681338071,91.5968603532686,42.03636563164759,1.6236251608683234,1.2727342475959204e-06,2.484353348446296e-11,1.2539971414441414e-06,3.1961929500362437e-21,9.400421579244377e-13,1.8711322576133598e-08,1.508137464508886e-23,2.9586949419564096e-15,1.663627398537178e-12,2.0927960029714332e-11,4.141442061942415e-10,3.117260344035573e-08,8.513526995479344e-08,4.128132635234908e-18,0.0,0.0,-9.704605765998846,-4.562563367995917,-999.999,UO2(CO3)3-4,(Hfo_sO)2UO2
8.0,12.8,1.389495494373136e-06,0.01,1.0,0.01,0.0001778279410038,0.0071131176401556,8.0,12.60839739705819,1.3918231590635854e-07,1.2503131784828e-06,1.4581891162319167,10.016751869292673,0.0763398667383968,-1.117248602506247,1.3918231590635854e-07,2.5107413727040037e-12,1.374358906661668e-07,4.196738085711092e-22,8.760594517761426e-14,1.743826892873416e-09,1.6838952654692752e-24,4.9031344376381145e-17,2.6653243027338914e-14,2.5975383218883164e-13,6.589024953371213e-12,7.414761922201824e-10,2.426101218109569e-09,4.1774306189465976e-17,1.0609297639532235e-06,1.8620871253618505e-07,-7.664833732642506,-6.264714493902233,-999.999,CaUO2(CO3)3-2,(Hfo_sO)2UO2
8.0,12.8,7.196856730011529e-06,1e-05,0.2511886431509579,0.01,1e-06,4e-05,8.0,12.602916726873776,5.522635132182345e-06,1.6742202964432578e-06,0.0081999999999999,76.73676633234156,402.2720849348847,2.6045198964057805,5.522635132182345e-06,3.3933229908815437e-10,4.867480976462509e-07,2.054718993106451e-24,3.380740543030798e-10,5.035209628182704e-06,6.72149265804397e-24,4.496930951734551e-11,2.5069970196020546e-08,2.943282304804013e-07,9.813069962229534e-09,1.299608563482875e-09,5.878421688183252e-12,1.1236044083885359e-11,3.8247763462574455e-09,1.1732534937807964e-09,3.194457488244016,-3.161635608199684,-999.999,UO2(OH)2,(Hfo_wO)2UO2
8.0,12.8,7.196856730011529e-06,1e-05,0.2511886431509579,0.01,0.0001778279410038,0.0071131176401556,8.0,12.602916723310628,7.19681645787839e-06,3.8543194196101865e-11,1.4581891162319167,99.99944042052456,128049.7902350292,5.107378871364824,7.19681645787839e-06,1.405455330024832e-10,7.090765929610895e-06,3.0014691467448343e-23,5.3205681146723745e-12,1.0590466216637782e-07,1.4176068833395967e-25,2.977906468469889e-15,1.6601550799285528e-12,1.9490671438592142e-11,6.516168761522162e-13,8.65351441344982e-14,3.9249421092808566e-16,7.440605101078298e-16,2.5537530501803785e-13,7.833666480900603e-14,-5.163552800639245,-7.339448212759134,-999.999,UO2(OH)2,(Hfo_sO)2UO2
8.0,12.8,7.196856730011529e-06,1e-05,1.0,0.01,0.0001778279410038,0.0071131176401556,8.0,12.60837225426528,7.196821940722833e-06,3.3064284622245386e-11,1.4581891162319167,99.99951660440104,149268.36458802148,5.17396777463287,7.196821940722833e-06,1.4054564905265003e-10,7.090771317924166e-06,2.1624470329852642e-23,5.320572857917766e-12,1.059047565767562e-07,1.0213332379041376e-25,2.977909121700948e-15,1.618966952376043e-12,1.578567341678187e-11,3.9981770844795934e-13,4.491748575170523e-14,1.467801874689921e-16,2.5368215952977577e-15,6.559683731804004e-14,1.1770555241980706e-14,-4.094818234851832,-7.481836560622105,-999.999,UO2(OH)2,(Hfo_sO)2UO2
8.0,12.8,7.196856730011529e-06,2.6826957952797277e-05,0.001,0.0001,1e-06,4e-05,8.0,12.601044308799256,5.4599634331068295e-06,1.7368920187149336e-06,0.0081999999999999,75.86594589744018,383.3567038047698,2.583603062218477,5.4599634331068295e-06,3.3576945857399376e-10,4.866146899403081e-07,9.041639197684589e-24,3.324863772795598e-10,4.972680487330668e-06,2.921813642698983e-23,4.4042021739177915e-11,2.476564717998504e-08,3.116813292836413e-07,4.4958092414998413e-08,2.4659891522653675e-08,4.909679235717436e-10,6.255463772420959e-14,9.210354931560118e-09,8.657216632625593e-11,-1.3383034835468166,-2.527070795611189,-999.999,UO2(OH)2,(Hfo_wO)2UO2
8.0,12.8,7.196856730011529e-06,7.196856730011514e-05,0.001,1e-05,5.623413251903491e-06,0.0002249365300761,8.0,12.601044139942438,7.105378322225291e-06,9.147681244963365e-08,0.0461119886656086,98.72891164548594,1684.4663174798684,3.2264623312691243,7.105378322225291e-06,5.774285191371432e-10,2.582081603150025e-06,1.2972320428845446e-22,2.367182245075974e-10,4.522482572331621e-06,7.184964160355948e-23,4.365124117038555e-12,2.4545923092214994e-09,3.0892751604594854e-08,1.2048660078792805e-08,1.786866082196535e-08,9.619216719850727e-10,6.215699732697205e-15,1.8204217599505631e-09,1.7262304684578874e-12,-3.3439186738408218,-3.0989556989456952,-999.999,UO2(OH)2,(Hfo_wO)2UO2
8.0,12.8,7.196856730011529e-06,7.196856730011514e-05,0.001,0.0001,1e-06,4e-05,8.0,12.601044472963958,5.294027628304388e-06,1.9028279216409257e-06,0.0081999999999999,73.56027536615846,339.29138734007137,2.530572835542096,5.294027628304388e-06,3.2641340286281405e-10,4.862506936938599e-07,2.4016551552290597e-23,3.1791492202887577e-10,4.8071326062856365e-06,7.508211837369529e-23,4.165295409333347e-11,2.342221234350205e-08,2.947721674395597e-07,1.1302452152937729e-07,1.6479598914070978e-07,8.721617827094876e-09,5.91510524111887e-14,1.6302221229638264e-07,1.5267677126046003e-09,-1.3870892752714852,-2.126703777413531,-999.999,UO2(OH)2,(Hfo_wO)2UO2
8.0,12.8,7.196856730011529e-06,7.196856730011514e-05,0.0039810717055349,0.0,3.1622776601683795e-05,0.0012649110640673,8.0,12.60106610475856,7.195982475101663e-06,8.72629123177002e-10,0.2593067681338071,99.98785226741808,31801.422122353622,4.502446541559305,7.195982475101663e-06,2.2441862121691024e-10,6.919254653980546e-06,3.359617777629661e-22,1.389627994961418e-11,2.7648950621994965e-07,4.24530804866707e-24,4.375508859841105e-14,2.4601829832842438e-11,3.0938896944402277e-10,1.1664273565247128e-10,1.6729758811210276e-10,8.704027130478369e-12,2.401373627275341e-16,0.0,0.0,-6.169940734005085,-5.112740876269999,-999.999,UO2(OH)2,(Hfo_sO)2UO2
8.0,12.8,7.196856730011529e-06,7.196856730011514e-05,0.0158489319246111,0.001,5.623413251903491e-06,0.0002249365300761,8.0,12.601157317320231,7.022990958762282e-06,1.7386442026645564e-07,0.0461119886656086,97.58414294223462,875.9867560300039,2.9424975401560167,7.022990958762282e-06,5.716213615530992e-10,2.5799463284326763e-06,1.1439309330201606e-22,2.3234543906635657e-10,4.442240663528987e-06,6.22861110725989e-23,4.281306445607932e-12,2.406205594638515e-09,3.0151230779970004e-08,1.0389181712999785e-08,1.3650689239243653e-08,6.485503717378028e-10,8.733835933137307e-14,8.605270379616616e-08,5.6990336791487854e-09,-1.0456505470093873,-3.1616345526669027,-999.999,CaUO2(CO3)3-2,(Hfo_wO)2UO2
8.0,12.8,7.196856730011529e-06,7.196856730011514e-05,0.2511886431509579,0.01,3.1622776601683795e-05,0.0012649110640673,8.0,12.602916921531095,7.194342684383632e-06,2.5128378809408318e-09,0.2593067681338071,99.96506744927387,11041.111551448575,4.043012797701148,7.194342684383632e-06,2.2433281606731424e-10,6.917766790309827e-06,2.1072735260317057e-22,1.388864550172522e-11,2.763376726122356e-07,2.6619205530507e-24,4.373103703709438e-14,2.4379622994882928e-11,2.862218870005389e-10,6.886260004832558e-11,6.581119310038289e-11,2.1481013014319624e-12,1.092668145188024e-14,1.3972619080597356e-09,4.2848885157666925e-10,-2.8298317297917315,-5.315455229711901,-999.999,CaUO2(CO3)3-2,(Hfo_sO)2UO2
8.0,12.8,7.196856730011529e-06,0.0001930697728883,0.0039810717055349,0.0001,0.001,0.04,8.0,12.601066930657549,7.196802785290113e-06,5.3243702103589366e-11,8.2,99.99925044052648,16483.806376711836,4.217057504541007,7.196802785290113e-06,1.3144979567093908e-10,7.10419669429244e-06,9.221878591741089e-22,4.645504029338147e-12,9.246999569797165e-08,3.79581694735365e-24,4.623542990136044e-16,2.599633297161411e-13,3.269051758937076e-12,3.294972832804632e-12,1.263524729289598e-11,1.7574710072829393e-12,2.5344528140185487e-18,2.918498663357649e-11,2.426628775428855e-13,-10.123907615501745,-6.661720676849093,-999.999,CaUO2(CO3)3-2,(Hfo_sO)2UO2
8.0,12.8,7.196856730011529e-06,0.0001930697728883,0.0630957344480193,1e-05,1e-06,4e-05,8.0,12.60150195343958,5.0024418715527725e-06,2.194413862076917e-06,0.0081999999999999,69.50870441386094,278.0031138690215,2.4440496604092985,5.0024418715527725e-06,3.1022315868119194e-10,4.855697779236693e-07,5.138568764807986e-23,2.9306791756200384e-10,4.51626880255286e-06,1.5113682937176677e-22,3.7676178624296896e-11,2.1141412135298875e-08,2.617714894553796e-07,2.1596261521790017e-07,6.843021367983899e-07,7.759583673024267e-08,2.776027191397224e-12,7.593157615509609e-08,3.670520174469505e-11,1.9645877321512408,-1.839342628318943,-999.999,UO2(CO3)2-2,(Hfo_wO)2UO2
8.0,12.8,7.196856730011529e-06,0.0001930697728883,1.0,0.001,0.001,0.04,8.0,12.608341676882509,7.196838327208817e-06,1.7088887038990308e-11,8.2,99.99974429388548,51358.71099345029,4.710614115227139,7.196838327208817e-06,1.3145045411505287e-10,7.104231765649621e-06,4.264480665526197e-22,4.6455276352357394e-12,9.247046557744507e-08,1.7553029096377904e-24,4.623566878303118e-16,2.513997504998665e-13,2.460747619616734e-12,1.2264241825739108e-12,2.701936890196775e-12,1.737897783636428e-13,3.946273475848217e-16,7.782864942463804e-12,1.4046537785971558e-13,-5.712448607844152,-6.996673827594048,-999.999,CaUO2(CO3)3-2,(Hfo_sO)2UO2
8.0,12.8,7.196856730011529e-06,0.0005179474679231,0.001,1e-05,0.0001778279410038,0.0071131176401556,8.0,12.601045799461373,7.195437579317657e-06,1.419018666204513e-09,1.4581891162319167,99.98028096505028,3477.4048002884238,3.5412552492966216,7.195437579317657e-06,1.405163438203949e-10,7.089410830396737e-06,2.5564643243714537e-21,5.319374949565815e-12,1.0588091320214766e-07,1.2073891545562203e-23,2.9772379769272627e-15,1.6741447426156937e-12,2.1069033970173188e-11,5.89814315202522e-11,6.278743395318743e-10,2.426064407741674e-10,4.242279931138025e-18,4.49652864621223e-10,4.175654616243246e-13,-9.679814908335082,-5.409156857780543,-999.999,UO2(CO3)2-2,(Hfo_sO)2UO2
8.0,12.8,7.196856730011529e-06,0.0005179474679231,0.0630957344480193,0.01,1e-06,4e-05,8.0,12.601539434779282,3.680149698964725e-07,6.828841757821625e-06,0.0081999999999999,5.1135514253301375,6.572106364335364,0.8177045835320619,3.680149698964725e-07,1.7912855544735485e-11,3.313091141519125e-07,8.347549069306372e-23,1.846413128997957e-12,3.668609647588613e-08,2.922988462873756e-24,1.8410529039386269e-13,1.0329004129441447e-10,1.2728958885319684e-09,2.501117620493435e-09,1.8954723918455832e-08,5.117325715943236e-09,1.3204966124097295e-14,4.687978401089044e-06,2.11188562309756e-06,-2.6763863141579343,-3.773608134194994,-999.999,CaUO2(CO3)3-2,(Hfo_sO)2UO2
8.0,12.8,7.196856730011529e-06,0.0005179474679231,1.0,0.0,1e-06,4e-05,8.0,12.608339058236718,4.63268912456115e-06,2.564166897360248e-06,0.0081999999999999,64.37100665409145,220.329686395504,2.343073016302666,4.63268912456115e-06,2.9008856627473526e-10,4.846189495478342e-07,7.76561406481384e-23,2.628781620185928e-10,4.147517208285022e-06,2.1016655619735172e-22,3.300888680307888e-11,1.7948320417737508e-08,1.757536229550158e-07,2.338265522941403e-07,1.3746169696130155e-06,2.3602451411660603e-07,2.8179626001609377e-11,0.0,0.0,3.9947897368137895,-1.7165937103388789,-999.999,UO2(CO3)2-2,(Hfo_wO)2UO2
8.0,12.8,7.196856730011529e-06,0.0013894954943731,0.001,0.0001,5.623413251903491e-06,0.0002249365300761,8.0,12.601049279301918,2.0619182107388456e-06,5.134938502054442e-06,0.0461119886656086,28.65026063587544,8.708078496957858,0.939922335233778,2.0619182107388456e-06,9.994612495202176e-11,1.858162937439176e-06,1.7615696180360853e-21,1.024922479107546e-11,2.03645077949925e-07,6.105059988062828e-23,1.8172644594088061e-13,1.0218581819678638e-10,1.285804936249798e-09,9.46337651402215e-09,2.648806106082086e-07,2.6907056259251415e-07,2.565138569352178e-16,4.550559460260722e-06,3.8554526044201234e-08,-6.116498041602839,-3.203765849010602,-999.999,CaUO2(CO3)3-2,(Hfo_sO)2UO2
8.0,12.8,7.196856730011529e-06,0.0013894954943731,0.0158489319246111,1e-05,0.001,0.04,8.0,12.601158482515329,7.195012629986596e-06,1.8440426216852275e-09,8.2,99.9743763132418,475.8244491283176,2.6774467534824944,7.195012629986596e-06,1.3141663939733856e-10,7.102430228744693e-06,6.201363331635796e-21,4.644315624224929e-12,9.244634028687556e-08,2.5525245283561946e-23,4.62235978421175e-16,2.597872502942195e-13,3.2562728139685e-12,2.209493915729855e-11,5.715104131070066e-10,5.346928155104076e-10,9.477883151138869e-18,7.091633801969973e-10,4.696097630536335e-13,-8.976654015109592,-5.834056053086311,-999.999,CaUO2(CO3)3-2,(Hfo_sO)2UO2
8.0,12.8,7.196856730011529e-06,0.0013894954943731,0.0158489319246111,0.001,1e-06,4e-05,8.0,12.601161976338943,2.3527872209203603e-07,6.96157800620722e-06,0.0081999999999999,3.269187242687532,4.12155506392534,0.6150611063874568,2.3527872209203603e-07,7.509429921109849e-12,2.2578418554594719e-07,1.9095525967298757e-22,4.768089092416488e-13,9.48655030725832e-09,2.5371516092210267e-24,4.747778203385169e-14,2.6683176062203203e-11,3.3430352722443643e-10,2.197277280942359e-09,5.507653795055756e-08,4.991197310615207e-08,9.66654136265951e-16,6.439180422211851e-06,4.145842381136038e-07,-4.958580835578168,-3.83627147225605,-999.999,CaUO2(CO3)3-2,(Hfo_sO)2UO2
8.0,12.8,7.196856730011529e-06,0.0013894954943731,0.0630957344480193,0.0,5.623413251903491e-06,0.0002249365300761,8.0,12.60150610699404,4.248325036731197e-06,2.948531660112748e-06,0.0461119886656086,59.03028497170585,31.24626337754946,1.4947980891508368,4.248325036731197e-06,3.459516562066045e-10,2.4485452593984023e-06,1.8743627881660068e-21,9.186460155373136e-11,1.7993419610750316e-06,4.3557126926290395e-22,1.6523144407662268e-12,9.271532749087115e-10,1.1478321191701208e-08,6.850246735918498e-08,1.5703039880849854e-06,1.288039706470914e-06,1.2166066524359104e-13,0.0,0.0,-0.7528201988352912,-2.337961783923678,-999.999,UO2(CO3)2-2,(Hfo_sO)2UO2
8.0,12.8,7.196856730011529e-06,0.0037275937203149,0.0039810717055349,0.001,1e-06,4e-05,8.0,12.601082976798812,2.6848085758819284e-08,7.170008644264764e-06,0.0081999999999999,0.3730529419442295,0.4566461440008142,-0.340420205258466,2.6848085758819284e-08,5.098935290977369e-13,2.6474203909936404e-08,6.386461283627945e-23,1.8756766827562022e-14,3.7335319858688837e-10,2.848113225611149e-25,1.866835692939265e-15,1.0495694819571841e-12,1.3187005915981228e-11,2.4704346953187456e-10,1.761898330648863e-08,4.554264169779288e-08,9.997938927254941e-18,6.624497028126386e-06,4.820782181030415e-07,-8.933690683135662,-4.786456530069893,-999.999,CaUO2(CO3)3-2,(Hfo_sO)2UO2
8.0,12.8,7.196856730011529e-06,0.0037275937203149,0.2511886431509579,0.001,5.623413251903491e-06,0.0002249365300761,8.0,12.602895998352206,6.692791580006185e-07,6.527577568683577e-06,0.0461119886656086,9.299603745197055,2.2235218787982425,0.3470414071353467,6.692791580006185e-07,1.5581379587959983e-11,6.551783011197284e-07,1.073449501165718e-21,7.076653210228663e-13,1.4084567835980106e-08,7.297357765194518e-24,1.2526285749914528e-14,6.983953997855168e-12,8.230486638502173e-11,1.0648526504931714e-09,5.4533897873983776e-08,9.573894852763293e-08,3.1547571153383067e-15,6.186890550982596e-06,1.891913610923152e-07,-3.913261626179573,-4.127755572442593,-999.999,CaUO2(CO3)3-2,(Hfo_sO)2UO2
8.0,12.8,7.196856730011529e-06,0.01,0.001,0.0,3.1622776601683795e-05,0.0012649110640673,8.0,12.601080695500546,2.697430141441244e-06,4.49942656509577e-06,0.2593067681338071,37.480670279189,2.3119539824756394,0.3639791855634597,2.697430141441244e-06,5.8043424726464335e-11,2.649024431937491e-06,1.7672328217017482e-20,2.428940578096728e-12,4.8345237138430515e-08,1.0199091777397128e-22,7.645221988211398e-15,4.298330063375781e-12,5.402685669537864e-11,2.7989696125553206e-09,5.518305123029686e-07,3.944695777451666e-06,1.0423816983234164e-17,0.0,0.0,-8.906829208028597,-3.732402094801458,-999.999,UO2(CO3)3-4,(Hfo_sO)2UO2
8.0,12.8,7.196856730011529e-06,0.01,0.0039810717055349,0.0,0.0001778279410038,0.0071131176401556,8.0,12.601102613456655,5.879522295566102e-06,1.3173343847607432e-06,1.4581891162319167,81.69569738755497,3.060780327583822,0.4858321613707377,5.879522295566102e-06,1.1308249124916643e-10,5.795521266784743e-06,3.7965678519371895e-20,4.214227565614619e-12,8.388373206250565e-08,1.7377064235159248e-22,2.358675732038372e-15,1.325971116429199e-12,1.6653540657024598e-11,8.473709930196904e-10,1.6415932699963477e-07,1.1522964531678128e-06,1.2570898582549494e-17,0.0,0.0,-8.7422167585244,-4.251033099168367,-999.999,UO2(CO3)3-4,(Hfo_sO)2UO2
8.0,12.8,7.196856730011529e-06,0.01,0.0039810717055349,0.0,0.001,0.04,8.0,12.60110262444144,6.947577467837432e-06,2.4927920335152184e-07,8.2,96.53627588368433,3.3988617320131973,0.5313334975500814,6.947577467837432e-06,1.2683602952288315e-10,6.858266234664494e-06,4.494260101790113e-20,4.480216443606408e-12,8.917991692692616e-08,1.8480381251877224e-22,4.459035649345437e-16,2.5067253199546263e-13,3.148326882155063e-12,1.602477993322395e-10,3.1054795277122214e-08,2.180582556493871e-07,2.3771659908560213e-18,0.0,0.0,-10.189051057582738,-4.974315192464236,-999.999,UO2(CO3)3-4,(Hfo_sO)2UO2
8.0,12.8,7.196856730011529e-06,0.01,0.0630957344480193,0.0,0.001,0.04,8.0,12.601536347564425,7.042512672545009e-06,1.543440116169553e-07,8.2,97.85539627567002,5.56447250430677,0.7454240007773018,7.042512672545009e-06,1.2859298228131582e-10,6.951947117116581e-06,3.834808741980512e-20,4.543139883350551e-12,9.043241930622554e-08,1.5774710525352268e-22,4.521661885732306e-16,2.536859652212721e-13,3.1374209182788408e-12,1.3496256472345242e-10,2.2313750977815374e-08,1.3188938129691954e-07,3.312176021522265e-17,0.0,0.0,-7.888823391580818,-5.043064666894878,-999.999,UO2(CO3)3-4,(Hfo_sO)2UO2
8.0,12.8,7.196856730011529e-06,0.01,0.0630957344480193,0.01,0.0001778279410038,0.0071131176401556,8.0,12.60157068778742,7.398149363106544e-08,7.122875236384561e-06,1.4581891162319167,1.0279695206736026,0.0071228517512316,-2.1473460945845417,7.398149363106544e-08,1.3336260213352094e-12,7.305451890939413e-08,3.701039824625546e-22,4.6499782230630976e-14,9.255945958673657e-10,1.4828508944648204e-24,2.6025018127801998e-17,1.459891961630962e-14,1.7975780872273452e-13,7.104034883289238e-12,1.0832891342790218e-09,5.880592155523453e-09,1.8606639406453493e-18,5.014599908032881e-06,2.1013040033709936e-06,-10.38466820067707,-6.319932286123192,-999.999,CaUO2(CO3)3-2,(Hfo_sO)2UO2
8.0,12.8,7.196856730011529e-06,0.01,1.0,1e-05,5.623413251903491e-06,0.0002249365300761,8.0,12.608363367333023,1.4880191898505588e-06,5.708837535866123e-06,0.0461119886656086,20.675959598381155,5.652583620869106,0.752246995752188,1.4880191898505588e-06,5.199209281295158e-11,1.4154498824161864e-06,4.4086099384492305e-21,3.645272419478448e-12,7.251367006913539e-08,7.142118718911212e-23,6.455800577760044e-14,3.5098974192329873e-11,3.4350612354666806e-10,8.884909880602273e-09,1.0156976876919705e-06,3.389781010348524e-06,5.5117478058756704e-14,1.2935681391790873e-06,1.9893111652971047e-10,-1.42562249499354,-3.136642714928429,-999.999,UO2(CO3)3-4,(Hfo_sO)2UO2
8.0,12.8,3.727593720314938e-05,1e-05,0.0630957344480193,0.0,0.0001778279410038,0.0071131176401556,8.0,12.601501251142572,3.72754063032865e-05,4.858685169854674e-10,1.4581891162319167,99.99857575717012,52612.601278736365,4.721089774769459,3.72754063032865e-05,1.1029055674131955e-09,3.599019824412764e-05,1.9941896062500165e-22,6.453058275250767e-11,1.2840406230086946e-06,2.249888382341619e-24,3.6129582925121846e-14,2.0273629151605523e-11,2.5103366969099647e-10,1.0843689776882012e-11,1.79898427494476e-12,1.0680942489652654e-14,2.6621870533753162e-15,0.0,0.0,-4.071569837783382,-6.138554842338227,-999.999,UO2(OH)2,(Hfo_sO)2UO2
8.0,12.8,3.727593720314938e-05,1e-05,0.2511886431509579,0.0,3.1622776601683795e-05,0.0012649110640673,8.0,12.602880627068656,3.722539117061236e-05,5.0501096182976296e-08,0.2593067681338071,99.86440037104484,2842.6579983034644,3.4537246126330814,3.722539117061236e-05,3.051591558927139e-09,1.4444690493449804e-05,6.41260792746427e-23,1.1869854979078215e-09,2.277646210010572e-05,3.1975158971141985e-23,3.8753871693164066e-12,2.160851366491143e-09,2.54863024888091e-08,8.933336313031796e-10,1.2387052861049654e-10,5.892430080010804e-13,9.774373801160669e-13,0.0,0.0,1.0706139720543568,-4.204358456006705,-999.999,UO2(OH)2,(Hfo_wO)2UO2
8.0,12.8,3.727593720314938e-05,2.6826957952797277e-05,0.001,1e-05,0.001,0.04,8.0,12.601043949650428,3.727585203497872e-05,4.0315330629600195e-11,8.2,99.99977151970668,112756.99697931204,5.052143500928895,3.727585203497872e-05,7.231635388906588e-10,3.673387045276731e-05,6.887535557612229e-22,2.719096339313069e-11,5.412312277091285e-07,3.2090760571070947e-24,2.7063058703718e-15,1.5218085944503558e-12,1.915314933939551e-11,2.787860593070692e-12,1.543018764057912e-12,3.1000476640745306e-14,3.830455712692818e-18,5.882093385944737e-14,5.592325851156286e-17,-9.758737678591649,-6.734625956513895,-999.999,UO2(OH)2,(Hfo_sO)2UO2
8.0,12.8,3.727593720314938e-05,2.6826957952797277e-05,0.001,0.001,5.623413251903491e-06,0.0002249365300761,8.0,12.601047606496111,3.429646545263667e-05,2.979430772241211e-06,0.0461119886656086,92.00698366274482,249.6331248816463,2.397302213217132,3.429646545263667e-05,2.097149610451265e-09,2.7435608035654738e-06,4.872631252192991e-23,2.202886860924626e-09,3.1548604612599824e-05,1.7718588088722045e-22,5.4189447159543785e-11,3.0471270291661795e-08,3.8332356847991753e-07,5.285216728119611e-08,2.7721238793358624e-08,5.275475259910207e-10,7.485491833603382e-14,9.144330573600695e-08,7.938553363224672e-09,-1.1762601611955077,-2.4566363228596355,-999.999,UO2(OH)2,(Hfo_wO)2UO2
8.0,12.8,3.727593720314938e-05,2.6826957952797277e-05,0.0158489319246111,1e-05,0.0001778279410038,0.0071131176401556,8.0,12.601153488274086,3.727536371609723e-05,5.28605184204883e-10,1.4581891162319167,99.99846150869656,48358.922909479385,4.684476619325233,3.727536371609723e-05,1.1029035424175936e-09,3.5990158970694206e-05,6.079714950165203e-22,6.45304162667471e-11,1.284037311444334e-06,6.859257334605605e-24,3.612948953396629e-14,2.030607103839391e-11,2.545688922473268e-10,3.341770602436232e-11,1.672094163634504e-11,3.0266359322377525e-13,7.419810883492874e-16,4.109992437212862e-13,2.7870015977427598e-16,-5.187488585421178,-5.654438721725057,-999.999,UO2(OH)2,(Hfo_sO)2UO2
8.0,12.8,3.727593720314938e-05,2.6826957952797277e-05,0.0158489319246111,1e-05,0.001,0.04,8.0,12.601153488271487,3.727585272504344e-05,3.9595531010696185e-11,8.2,99.9997733709404,114806.78708281586,5.059967563196853,3.727585272504344e-05,7.23163553350797e-10,3.673387113116854e-05,6.205362895142262e-22,2.7190963978354382e-11,5.412312393575738e-07,2.8912346639388795e-24,2.70630593077956e-15,1.5210411547893602e-12,1.9068669716146164e-11,2.503183754882234e-12,1.2525003679849233e-12,2.2671400476950652e-14,5.557863707291118e-17,3.0786421076118976e-14,2.087639077178178e-17,-7.438458457289784,-6.7799226242911,-999.999,UO2(OH)2,(Hfo_sO)2UO2
8.0,12.8,3.727593720314938e-05,2.6826957952797277e-05,0.0630957344480193,1e-05,3.1622776601683795e-05,0.0012649110640673,8.0,12.601501346630949,3.721998969463827e-05,5.590268201991069e-08,0.2593067681338071,99.84990985416088,2567.6140992517003,3.4095297518114305,3.721998969463827e-05,3.051197297584681e-09,1.4444529547341255e-05,2.146411506444873e-22,1.1867022257894423e-09,2.277122224777364e-05,1.0700299365969217e-22,3.874429003221503e-12,2.174082729028384e-09,2.691991095480968e-08,3.118505306580082e-09,1.3874804724549603e-09,2.2092072803378085e-11,2.8547327272044065e-13,2.181910306909383e-11,1.0645511071814752e-14,-0.010922073894104,-3.67978270668684,-999.999,UO2(OH)2,(Hfo_wO)2UO2
8.0,12.8,3.727593720314938e-05,7.196856730011514e-05,0.2511886431509579,0.0,0.0001778279410038,0.0071131176401556,8.0,12.6028808239437,3.727531498957754e-05,5.776684434083975e-10,1.4581891162319167,99.99833079026703,44251.58450046692,4.645928825937555,3.727531498957754e-05,1.1029012225377846e-09,3.599011404278413e-05,1.1500086164704494e-21,6.453022542136914e-11,1.2840335153454495e-06,1.2974607573985478e-23,3.6129382317849676e-14,2.0145123818423664e-11,2.376015128492629e-10,5.994435126376492e-11,5.98268696709051e-11,2.0483970952354425e-12,9.112349766473418e-15,0.0,0.0,-2.9903346578776286,-5.377621591724203,-999.999,UO2(OH)2,(Hfo_sO)2UO2
8.0,12.8,3.727593720314938e-05,0.0001930697728883,0.0039810717055349,0.001,3.1622776601683795e-05,0.0012649110640673,8.0,12.601070261661066,3.5177128005565734e-05,2.09878844044311e-06,0.2593067681338071,94.36953339054791,64.63650466919154,1.8104778631760885,3.5177128005565734e-05,2.8997272833190942e-09,1.4379739965711784e-05,1.7646160273566266e-21,1.0801261330896712e-09,2.079340818643754e-05,8.069095694045268e-22,3.515066318327003e-12,1.9763508828123275e-09,2.4842059401619647e-08,2.367149706609824e-08,8.584833901498789e-08,1.1288366044989191e-08,1.9076639283993383e-14,1.7890377235083708e-06,1.4190605526301637e-07,-2.3724976734016856,-2.8051672899468487,-999.999,CaUO2(CO3)3-2,(Hfo_wO)2UO2
8.0,12.8,3.727593720314938e-05,0.0001930697728883,0.2511886431509579,0.0001,0.0001778279410038,0.0071131176401556,8.0,12.602881574035504,3.727454689427997e-05,1.3486868053875864e-09,1.4581891162319167,99.9962702242419,18953.41237759396,4.277687411842005,3.727454689427997e-05,1.1028646965005714e-09,3.5989405722131825e-05,3.0835055015246678e-21,6.452722229492292e-11,1.2839737802293512e-06,3.478773934893249e-23,3.612769747698991e-14,2.0144114796117742e-11,2.375757655823841e-10,1.607149884711245e-10,4.301108399340716e-10,3.948666364002646e-11,9.110918001372063e-15,2.617419700990884e-10,8.215657755048563e-13,-2.9905083177646823,-4.949289664166454,-999.999,UO2(CO3)2-2,(Hfo_sO)2UO2
8.0,12.8,3.727593720314938e-05,0.0005179474679231,0.0039810717055349,0.0001,0.0001778279410038,0.0071131176401556,8.0,12.601068214856872,3.722146799979514e-05,5.446460600598169e-08,1.4581891162319167,99.85387569718934,468.6679755288291,2.670865278832182,3.722146799979514e-05,1.100345586227951e-09,3.594044430595939e-05,1.2496638412741724e-20,6.432035735993429e-11,1.2798590278921465e-06,1.407252077084285e-22,3.6011799846084365e-14,2.024787495699548e-11,2.546064620568984e-10,6.874006513221746e-10,7.060969765830481e-09,2.630716895556088e-09,1.9838498660337662e-16,4.325217122139972e-08,3.5603858191889346e-10,-6.342419425830613,-4.342345410214183,-999.999,CaUO2(CO3)3-2,(Hfo_sO)2UO2
8.0,12.8,3.727593720314938e-05,0.0013894954943731,0.001,0.001,5.623413251903491e-06,0.0002249365300761,8.0,12.601052198016427,2.060729127426678e-06,3.52152079882982e-05,0.0461119886656086,5.52830936535801,1.2690443489531655,0.1034767995329145,2.060729127426678e-06,9.982329962993099e-11,1.857387955871398e-06,1.5971895839193957e-21,1.0228353037724636e-11,2.0323111990261065e-07,5.526422124600298e-23,1.813557053438697e-13,1.0197597795579995e-10,1.282642616028771e-09,8.563004993288075e-09,2.1748980866907375e-07,2.0039771046377653e-07,2.515085099274541e-16,3.2196034621974946e-05,2.5903183750036285e-06,-6.132761829497351,-3.2470149330047136,-999.999,CaUO2(CO3)3-2,(Hfo_sO)2UO2
8.0,12.8,3.727593720314938e-05,0.0013894954943731,0.2511886431509579,0.0,5.623413251903491e-06,0.0002249365300761,8.0,12.602885002326651,1.8425422772398216e-05,1.8850512863963436e-05,0.0461119886656086,49.42980419776403,21.197294745728826,1.3262804386660454,1.8425422772398216e-05,1.2281693877536844e-09,2.6984116254069303e-06,1.6125768745136095e-21,9.183910051138305e-10,1.5724864586598414e-05,2.971660163815289e-21,1.8896368956185938e-11,1.053608844329756e-08,1.242495283452221e-07,5.862797337707484e-07,1.0944673655044547e-05,7.008338091825064e-06,4.765142650069948e-12,0.0,0.0,2.44586431328132,-1.3872094117534095,-999.999,UO2(CO3)2-2,(Hfo_wO)2UO2
8.0,12.8,3.727593720314938e-05,0.0037275937203149,0.0158489319246111,0.01,0.001,0.04,8.0,12.601202376099277,1.4457061568113875e-05,2.28188751365372e-05,8.2,38.78389828087924,0.0772630674494291,-1.1120280537641258,1.4457061568113875e-05,2.678495119297776e-10,1.4265585912331578e-05,2.862299088806515e-20,9.60545515672893e-12,1.9119820081518054e-07,1.2131351879118351e-22,9.560092959594545e-16,5.371906131601676e-13,6.7005991681535766e-12,1.0452169353668055e-10,6.241844034438005e-09,1.3419561081440237e-08,1.8546729791589202e-17,1.474629989067479e-05,8.052796716631362e-06,-8.389493374273073,-5.157112486021152,-999.999,CaUO2(CO3)3-2,(Hfo_sO)2UO2
8.0,12.8,3.727593720314938e-05,0.01,0.2511886431509579,1e-05,3.1622776601683795e-05,0.0012649110640673,8.0,12.60291241236014,1.027998831108572e-05,2.6995948626029605e-05,0.2593067681338071,27.578081417674404,1.4685210476899488,0.1668801754622205,1.027998831108572e-05,4.3648255946839584e-10,9.520535241727693e-06,4.1942426782789735e-20,3.817516474782414e-11,7.58978411633769e-07,1.0573569228595334e-21,1.2029357532438877e-13,6.706387759544972e-11,7.901726233968083e-10,2.7492973538614184e-08,3.786402805204436e-06,1.787388680816213e-05,3.02965668084414e-14,5.3059018563933e-06,7.452234505632638e-10,-1.951878434272146,-2.7157653768795957,-999.999,UO2(CO3)3-4,(Hfo_sO)2UO2
8.0,12.8,0.0001930697728883,2.6826957952797277e-05,0.0630957344480193,1e-05,1e-06,4e-05,8.0,12.60150156898388,1.0597342108788562e-05,0.0001824723656053,0.0081999999999999,5.488866511962105,7.08249048817683,0.8501859999330199,1.0597342108788562e-05,7.317315041497582e-10,4.934833216291585e-07,7.248248638863101e-24,1.0255370948995924e-09,1.0102101518560354e-05,4.692154803211026e-23,2.0625342968862222e-10,1.1573616647884021e-07,1.4330563307929936e-06,1.640922375244879e-07,7.216429707306505e-08,1.1357506368982947e-09,1.519764255263191e-11,1.121462992104375e-09,5.470325373559874e-13,3.4414330791603973,-1.9586382176876944,-999.999,UO2(OH)2,(Hfo_wO)2UO2
8.0,12.8,0.0001930697728883,0.0001930697728883,0.001,0.0001,3.1622776601683795e-05,0.0012649110640673,8.0,12.6010447561989,0.0001857978670054,7.270811091897137e-06,0.2593067681338071,96.23353476100355,98.54713672885627,1.993644010442731,0.0001857978670054,1.1375152682217202e-08,1.541479004453222e-05,1.9312473626402868e-21,1.1713919189950461e-08,0.000170359987889,6.749442321726124e-21,5.046024123963358e-11,2.8374672801805814e-08,3.570958700045023e-07,3.473137983832777e-07,1.2845467129400475e-06,1.7244483536014974e-07,6.917626313732918e-14,3.1132973241367445e-06,2.8161995849679925e-08,-1.2211299101685285,-1.6391503877006377,-999.999,CaUO2(CO3)3-2,(Hfo_wO)2UO2
8.0,12.8,0.0001930697728883,0.0005179474679231,0.0039810717055349,0.001,5.623413251903491e-06,0.0002249365300761,8.0,12.601070333157958,5.083997088942801e-05,0.0001422295158303,0.0461119886656086,26.332434191464436,7.751784828107595,0.889401709184289,5.083997088942801e-05,3.2661511621702036e-09,2.7666269952862943e-06,3.9067317237606183e-22,4.217055656691746e-09,4.806586068732285e-05,2.146345846319298e-21,1.3034446657465692e-10,7.32863318746315e-08,9.211845325602856e-07,1.010063887945618e-06,4.215203603966078e-06,6.377956249058679e-07,7.037439834636605e-13,9.075847893138022e-05,6.4637737724126135e-06,0.7658068768470905,-1.1750444220153202,-999.999,CaUO2(CO3)3-2,(Hfo_wO)2UO2
8.0,12.8,0.0001930697728883,0.0005179474679231,0.0039810717055349,0.001,3.1622776601683795e-05,0.0012649110640673,8.0,12.601070751866873,0.0001254437827394,6.76254552623337e-05,0.2593067681338071,64.97328963660357,7.153607163145972,0.854525087397756,0.0001254437827394,8.052671104018e-09,1.5260761683518632e-05,3.196662874070615e-21,6.702087747259011e-09,0.000110168266297,7.297551052273786e-21,2.5543177436868828e-11,1.4361654302597624e-08,1.8051847828612306e-07,2.936183500537267e-07,1.817674748504822e-06,4.079780527889914e-07,1.3873240995190388e-13,6.013744715632278e-05,4.436503439505375e-06,-0.6502356839590036,-1.7116044529051209,-999.999,CaUO2(CO3)3-2,(Hfo_wO)2UO2
8.0,12.8,0.0001930697728883,0.0005179474679231,0.0630957344480193,0.0001,3.1622776601683795e-05,0.0012649110640673,8.0,12.601503215713816,0.000172964321894,2.010455337160472e-05,0.2593067681338071,89.58643256603828,33.17785055477653,1.5208482465937834,0.000172964321894,1.0635270829575566e-08,1.5388694446321447e-05,3.9914894063130416e-21,1.0541271507645374e-08,0.0001575544509053,1.2923015967622776e-20,4.418423647120818e-11,2.4793165263400898e-08,3.069633360426874e-07,6.207124681104965e-07,4.820962612437823e-06,1.3398832805767744e-06,3.253234390548192e-12,1.1622989062320824e-05,4.980335504679801e-08,2.102445923053839,-1.3807994410047373,-999.999,CaUO2(CO3)3-2,(Hfo_wO)2UO2
8.0,12.8,0.0001930697728883,0.0005179474679231,0.0630957344480193,0.001,1e-06,4e-05,8.0,12.601505928030878,9.954298951569729e-06,0.0001831154164114,0.0081999999999999,5.155803936915321,6.629364803480623,0.8214719182149052,9.954298951569729e-06,6.645435749358781e-10,4.92903044860771e-07,7.044705998930721e-23,9.018085828373905e-10,9.459829554551185e-06,4.275478074263251e-22,1.7031604345612555e-10,9.556849695530816e-08,1.1827560726031716e-06,1.3178869771166585e-06,5.642327675052602e-06,8.640913867819083e-07,1.25118192581294e-11,7.736943680464382e-05,3.420585335838042e-06,3.272814602319734,-1.0536430682055,-999.999,CaUO2(CO3)3-2,(Hfo_wO)2UO2
8.0,12.8,0.0001930697728883,0.0013894954943731,0.0630957344480193,0.01,5.623413251903491e-06,0.0002249365300761,8.0,12.601540320637133,3.669004021288928e-06,0.0001894007682511,0.0461119886656086,1.9003513426263496,0.4200999202580475,-0.3766474008983166,3.669004021288928e-06,2.870282022196429e-10,2.3853493817649937e-06,9.945278243442573e-22,6.521433494132697e-11,1.283302396986772e-06,1.6919750104229693e-22,1.1675275794516445e-12,6.550245224929697e-10,8.072371422124074e-09,2.624733736718809e-08,3.291524001674223e-07,1.4704896270157918e-07,8.37601306710944e-14,0.0001312628455038,5.762020911408371e-05,-1.0721133596720378,-2.752667912697202,-999.999,CaUO2(CO3)3-2,(Hfo_sO)2UO2
8.0,12.8,0.0001930697728883,0.0013894954943731,0.2511886431509579,0.0,0.001,0.04,8.0,12.60288509291399,0.0001930369574032,3.2287204526315094e-08,8.2,99.98300330261588,729.1152241770504,2.8627961665484096,0.0001930369574032,5.448753380632135e-09,0.0001869987580415,1.1535806287284026e-19,3.0314789722795113e-10,6.0324474604136975e-06,1.1768003274912048e-21,3.0180523836531427e-14,1.6827811548894444e-11,1.9844890584241703e-10,9.666209610557743e-10,1.8627099669818958e-08,1.2312733252530112e-08,7.611102610150138e-15,0.0,0.0,-3.147448141135463,-4.170063994075374,-999.999,UO2(CO3)2-2,(Hfo_sO)2UO2
8.0,12.8,0.0001930697728883,0.0037275937203149,0.0039810717055349,0.0001,0.001,0.04,8.0,12.601080363174637,0.0001825765752622,1.0493158818493334e-05,8.2,94.5650748591466,2.121900220203269,0.3267249578716508,0.0001825765752622,5.0063449393448775e-09,0.0001771966183318,4.35259277985474e-19,2.7008432317276976e-10,5.374680501080665e-06,4.174892146853015e-21,2.688785769560668e-14,1.5117031804425714e-11,1.9000676937593646e-10,3.6244409627460036e-09,2.631124609697669e-07,6.925227175222938e-07,1.511740890737849e-16,9.468747672292474e-06,6.479526695901993e-08,-6.608921924239155,-3.620151191171688,-999.999,CaUO2(CO3)3-2,(Hfo_sO)2UO2
8.0,12.8,0.0001930697728883,0.0037275937203149,0.2511886431509579,0.0,3.1622776601683795e-05,0.0012649110640673,8.0,12.602892127400011,7.59295385712041e-05,0.0001171402233304,0.2593067681338071,39.32751224352614,2.499717096856036,0.3978908605814205,7.59295385712041e-05,5.426594545792105e-09,1.5010901049495682e-05,2.280778757822679e-20,3.3860835030142716e-09,6.090982484365956e-05,2.926602558783705e-20,1.1792829372352699e-11,6.5751370909606315e-09,7.751192791043155e-08,9.299751451463284e-07,4.415407689015677e-05,7.188647809992197e-05,2.9726125387139506e-12,0.0,0.0,2.034848588676933,-1.1867055877627264,-999.999,UO2(CO3)3-4,(Hfo_wO)2UO2
8.0,12.8,0.0001930697728883,0.01,0.2511886431509579,0.01,5.623413251903491e-06,0.0002249365300761,8.0,12.602945508851036,1.754533533568789e-07,0.0001928943195206,0.0461119886656086,0.090875620109816,0.0197255164326705,-1.704971617729538,1.754533533568789e-07,3.3617391207486504e-12,1.7296588520575152e-07,6.917864232049347e-22,1.2479235077205245e-13,2.483981619655124e-09,3.1416656131679394e-24,2.2087042492915708e-15,1.2311688000228858e-12,1.4443677714518783e-11,4.563828341323306e-10,5.73008056102529e-08,2.455683026840091e-07,5.514227233717052e-16,0.0001496318124539,4.2959153800945503e-05,-5.428527928527611,-4.493850852698259,-999.999,CaUO2(CO3)3-2,(Hfo_sO)2UO2
8.0,12.8,0.001,1e-05,0.0039810717055349,0.01,0.001,0.04,8.0,12.60110189830858,0.0009999266549563,4.1515856409041494e-08,8.2,99.9926654956326,2937.245802982324,3.467940291913341,0.0009999266549563,8.29562726401895e-08,0.0004504250223498,2.529628574494365e-21,2.837974336335705e-08,0.0005493902965905,9.756975943042273e-22,2.9044224134908202e-12,1.6327776053750644e-09,2.0436659449254255e-08,8.914759810781124e-10,1.4856902688461934e-10,8.940514839830759e-13,1.3746317598849451e-14,1.123694049024856e-09,7.039620555759437e-10,-2.595500655278148,-4.227505970835676,-999.999,UO2(OH)2,(Hfo_wO)2UO2
8.0,12.8,0.001,1e-05,0.0630957344480193,1e-05,0.0001778279410038,0.0071131176401556,8.0,12.601500449233122,0.0009980992145328,1.8690182674780907e-06,1.4581891162319167,99.80992145328884,366.2235897552632,2.5637463153086,0.0009980992145328,6.125860918128733e-08,8.658818367909176e-05,4.788857912844656e-22,6.156296327506764e-08,0.0009113882092813,1.5939574634954019e-21,4.6329694430908846e-11,2.5997380435147152e-08,3.219148246260472e-07,1.3879505439211281e-08,2.2982966257171598e-09,1.3620071932893852e-11,3.4019218588928984e-12,1.3460440103011863e-11,6.571739685631404e-15,2.144520251590091,-3.03136724237433,-999.999,UO2(OH)2,(Hfo_wO)2UO2
8.0,12.8,0.001,2.6826957952797277e-05,0.001,1e-05,0.001,0.04,8.0,12.601043118559128,0.0009999246415266,4.353624960932792e-08,8.2,99.99246415266028,2800.9309609511447,3.447302404201121,0.0009999246415266,8.295611101078958e-08,0.0004504249383264,8.459281993701446e-21,2.837964088955464e-08,0.0005493883674482,3.262800606947081e-21,2.9044116172978946e-12,1.6332135720610646e-09,2.0555879394692588e-08,2.9969362555778243e-09,1.6614233693064103e-09,3.343423492702249e-11,3.184526254933276e-15,6.391998703298287e-11,6.123366195224927e-14,-3.6956803442907287,-3.7032307599495766,-999.999,UO2(OH)2,(Hfo_wO)2UO2
8.0,12.8,0.001,2.6826957952797277e-05,0.0039810717055349,0.01,5.623413251903491e-06,0.0002249365300761,8.0,12.601103711319986,6.787594339109926e-05,0.0009321219014978,0.0461119886656086,6.787594339109926,1.5791715598807412,0.1984293139615295,6.787594339109926e-05,5.179437586788532e-09,2.781568169426991e-06,3.263014895914901e-23,7.760617995829904e-09,6.508143516608965e-05,2.414273513465321e-22,3.2602164965372285e-10,1.832778873695876e-07,2.2938518427197944e-06,2.0901018675189005e-07,7.276208537903388e-08,9.14606926454338e-10,1.631041026249121e-12,1.1466553635791371e-06,7.165112140194523e-07,1.504331886445467,-1.8574242109232744,-999.999,UO2(OH)2,(Hfo_wO)2UO2
8.0,12.8,0.001,2.6826957952797277e-05,0.0630957344480193,0.01,1e-06,4e-05,8.0,12.601538915174562,1.2131622747603493e-05,0.0009878679921161,0.0081999999999999,1.213162274760349,1.4976355146024427,0.1754061302809077,1.2131622747603493e-05,9.302948304669147e-10,4.946850367887557e-07,5.7291730264833285e-24,1.3975331847664287e-09,1.16346098827995e-05,4.261033907635989e-23,3.325696495902696e-10,1.8658461668206066e-07,2.2993843292476413e-06,2.0767694574388458e-07,7.234507011200542e-08,8.977845066624825e-10,2.3852172483483782e-11,8.25733839972291e-07,3.7346557033528427e-07,3.837564467624112,-1.8543542226454492,-999.999,UO2(OH)2,(Hfo_wO)2UO2
8.0,12.8,0.001,0.0001930697728883,0.0630957344480193,0.0001,0.001,0.04,8.0,12.60150143641737,0.0009997930375607,1.7547319263894e-07,8.2,99.97930375607592,694.841065787273,2.841885477762647,0.0009997930375607,8.294554565060788e-08,0.0004504193956073,4.805633414730035e-20,2.8372945721117156e-08,0.0005492623234619,1.8531619091548118e-20,2.9037066125791008e-12,1.6293744913268302e-09,2.0174559229343672e-08,1.6780359143730252e-08,5.36067951555343e-08,6.128488834905694e-09,2.1315266296229769e-13,6.037828931032859e-08,2.938482926844319e-10,-0.2617106571297043,-2.948913711197516,-999.999,CaUO2(CO3)3-2,(Hfo_wO)2UO2
8.0,12.8,0.001,0.0005179474679231,0.0039810717055349,1e-05,1e-06,4e-05,8.0,12.601068476770449,1.2069586123242612e-05,0.0009879300341939,0.0081999999999999,1.206958612324261,1.4898835907320611,0.1731523369507289,1.2069586123242612e-05,9.209494419142101e-10,4.946409370616074e-07,1.2991906640228744e-22,1.379866465623515e-09,1.1572644370273464e-05,9.612037184296425e-22,3.2595052965931965e-10,1.8326764100994522e-07,2.3044758692013865e-06,4.699880357345816e-06,3.646845467402585e-05,1.0263611285459867e-05,1.7816130250771233e-12,6.280074021977609e-06,1.923896064826974e-09,1.57093208994133,-0.5074654740691447,-999.999,UO2(CO3)2-2,(Hfo_wO)2UO2
8.0,12.8,0.001,0.0005179474679231,0.0039810717055349,1e-05,5.623413251903491e-06,0.0002249365300761,8.0,12.60106837478518,6.757744691761524e-05,0.0009324204273538,0.0461119886656086,6.757744691761524,1.5717235057197012,0.1963761482544724,6.757744691761524e-05,5.135044413381202e-09,2.7813544718228225e-06,7.327497681998325e-22,7.676751768346349e-09,6.47832806496107e-05,5.3971226234090366e-21,3.204815220553003e-10,1.801927432996582e-07,2.265819822155147e-06,4.6350680535005126e-06,3.6074613867784927e-05,1.0183593133692278e-05,1.7462152567478273e-12,6.262685708967804e-06,1.928297184463872e-09,1.5563290630322657,-0.5134976571165755,-999.999,UO2(CO3)2-2,(Hfo_wO)2UO2
8.0,12.8,0.001,0.0005179474679231,0.0630957344480193,0.0,0.001,0.04,8.0,12.60150223907664,0.000999382183252,5.872973602513099e-07,8.2,99.93821832520888,207.5198770758998,2.3170597014863703,0.000999382183252,8.29125559280664e-08,0.0004504020520143,1.2895052114171997e-19,2.8352046809276705e-08,0.0005488688666349,4.9692556279610704e-20,2.901506213799452e-12,1.6281337500063654e-09,2.0159329950684463e-08,4.49951481599327e-08,3.857171838646909e-07,1.1832914553897189e-07,2.130373261440303e-13,0.0,0.0,-0.2625656987413549,-2.520553753861214,-999.999,UO2(CO3)2-2,(Hfo_wO)2UO2
8.0,12.8,0.001,0.0013894954943731,0.0158489319246111,0.01,3.1622776601683795e-05,0.0012649110640673,8.0,12.601190171818663,0.0003435796101691,0.0006564095878676,0.2593067681338071,34.35796101691969,2.018545829833368,0.3050386142456081,0.0003435796101691,2.409996062459112e-08,1.5612337401622638e-05,1.3385332236709089e-21,3.421283054733333e-08,0.0003279089599764,8.890260989843619e-21,2.2363482464758975e-10,1.2566957368459516e-07,1.5681906301778337e-06,1.0451500953090843e-06,2.666010693773961e-06,2.449193589349633e-07,4.328563317720607e-12,0.0002656397673971,0.0001432323353073,2.353993037042848,-1.1572993398142506,-999.999,CaUO2(CO3)3-2,(Hfo_wO)2UO2
8.0,12.8,0.001,0.0037275937203149,0.001,0.001,3.1622776601683795e-05,0.0012649110640673,8.0,12.60105229702284,0.0001376228333098,0.0008623762572743,0.2593067681338071,13.76228333098138,0.6154316840774778,-0.2108201488656156,0.0001376228333098,8.69767994711647e-09,1.529970818199423e-05,1.2162501078388472e-20,7.617582456316251e-09,0.0001223068098654,3.074612460872859e-20,2.972309963069619e-11,1.6713236371546722e-08,2.1020529640823175e-07,1.2973300644686422e-06,3.0463064216193767e-05,2.594856408754644e-05,4.4081959447962504e-14,0.0007918606064244,1.2100429535632815e-05,-1.7052781495262934,-1.0665661583998531,-999.999,CaUO2(CO3)3-2,(Hfo_wO)2UO2
8.0,12.8,0.001,0.01,0.001,0.001,0.001,0.04,8.0,12.601077307527378,0.0002751951938246,0.0007248045019582,8.2,27.51951938246482,0.0463026780326803,-1.334393889734084,0.0002751951938246,9.943238300281741e-09,0.0002607920323281,1.350679295541851e-18,7.235669525328767e-10,1.4392494691232043e-05,2.357186807503779e-20,7.206618187912575e-14,4.0517995375479e-11,5.091654624755126e-10,2.0477832518148e-08,3.1350708586174856e-06,1.739823870271363e-05,1.232864411150041e-16,0.0006905358354075,1.3713923005725252e-05,-6.96122251811444,-2.868010562707644,-999.999,CaUO2(CO3)3-2,(Hfo_sO)2UO2
8.0,12.8,0.001,0.01,0.2511886431509579,1e-05,0.0001778279410038,0.0071131176401556,8.0,12.60290973573488,0.000299983167488,0.0007000166280907,1.4581891162319167,29.998316748801034,0.2938831443087537,-0.5318253222078301,0.000299983167488,2.318384856812113e-08,8.308986736635535e-05,2.9649293275404404e-19,1.1601916442240926e-08,0.0002168585143566,2.4470495217789573e-19,6.915014422314159e-12,3.855180094809044e-09,4.538272142045551e-08,1.2789502584952362e-06,0.0001427991593022,0.0005459991050357,1.7401395319230445e-12,9.719604843741311e-06,8.178987987311209e-11,1.5671277784276256,-1.0477406295646912,-999.999,UO2(CO3)3-4,(Hfo_wO)2UO2
8.0,12.8,0.001,0.01,0.2511886431509579,0.001,3.1622776601683795e-05,0.0012649110640673,8.0,12.602907508721342,2.435038224161797e-05,0.0009756496007049,0.2593067681338071,2.4350382241617976,0.0962494063287301,-1.0166019405618174,2.435038224161797e-05,1.989651338359234e-09,1.3808787377867415e-05,4.348400732060741e-20,5.38431278533346e-10,1.0539066781133615e-05,1.0494848509989514e-20,1.7233299109909704e-12,9.60781120764828e-10,1.1316458799835028e-08,2.814313634849413e-07,2.7715100715328047e-05,9.351698114126948e-05,4.3374513698044244e-13,0.0008504553777016,3.657991027160645e-06,0.3614248218413181,-1.705457556474692,-999.999,CaUO2(CO3)3-2,(Hfo_sO)2UO2
8.0,12.8,0.001,0.01,1.0,0.01,1e-06,4e-05,8.0,12.608389859093128,3.320231971992531e-07,0.0009996679766752,0.0081999999999999,0.0332023197199253,0.0405040821047926,-1.3925012052730463,3.320231971992531e-07,1.441831042096659e-11,3.062674397497647e-07,6.5633357513044055e-22,1.2947877997296736e-12,2.57400443512671e-08,1.7443478096498794e-23,1.2903214570524038e-13,7.014379409929487e-11,6.83739143200266e-10,1.2171148711119296e-08,9.610489444247083e-07,2.206832135228485e-06,1.099460532317473e-13,0.000861485625937,0.0001350008888276,-0.8234530918129934,-2.9982782873231306,-999.999,CaUO2(CO3)3-2,(Hfo_sO)2UO2
9.0,11.8,1e-08,1e-05,0.0039810717055349,0.0,0.001,0.04,9.0,11.601065917026872,9.99996036695964e-09,3.962789320877892e-14,8.2,99.9996036695964,30773.964071200848,4.488183442408118,9.99996036695964e-09,1.801261814895344e-14,9.875026491563864e-09,6.450673388673951e-25,6.275457728549607e-16,1.2491523523185502e-10,2.580371247262213e-27,6.245761842826854e-21,3.5117584673691145e-17,4.416363995318638e-15,2.240026768378209e-17,4.322340615055175e-17,3.0254206830524433e-18,3.4294087825879016e-23,0.0,0.0,-13.86060216139817,-11.82934779605286,-999.999,UO2(OH)2,(Hfo_sO)2UO2
9.0,11.8,1e-08,2.6826957952797277e-05,1.0,0.0001,0.0001778279410038,0.0071131176401556,9.0,11.60833819387322,9.999802119250696e-09,1.978756559766709e-13,1.4581891162319167,99.99802119250695,34656.53873379262,4.539785186079079,9.999802119250696e-09,1.801393691369089e-14,9.874847695979421e-09,6.14263071686145e-25,6.276490116992234e-16,1.2493578168534858e-10,2.4575979694006047e-27,3.512827900447159e-20,1.91007991504814e-16,1.8703584236568585e-14,9.65960821598644e-17,2.2044734653203567e-16,1.4693622459701798e-17,2.9988190084248583e-20,6.583253795625279e-17,1.1891344394344993e-19,-7.951007747987163,-11.100519125413287,-999.999,UO2(OH)2,(Hfo_sO)2UO2
9.0,11.8,1e-08,7.196856730011514e-05,0.001,0.0,5.623413251903491e-06,0.0002249365300761,9.0,11.601044141617814,9.992225485798118e-09,7.77451139856308e-12,0.0461119886656086,99.92225485798116,27872.457941725403,4.445175268801542,9.992225485798118e-09,1.8060127933454856e-14,9.866523803634991e-09,4.83528685047304e-24,6.314035032720844e-16,1.2568299063168667e-10,1.947756138178748e-26,1.117499870297534e-18,6.283914254163117e-15,7.908759922271058e-13,3.008852719197719e-14,4.352749079089014e-13,2.2857130495237137e-13,1.5931791684832957e-21,0.0,0.0,-10.527319107470504,-8.701494443148228,-999.999,UO2(OH)2,(Hfo_sO)2UO2
9.0,11.8,1e-08,0.0001930697728883,1.0,0.01,0.0001778279410038,0.0071131176401556,9.0,11.608372695242943,9.997417806881904e-09,2.5821927680750894e-12,1.4581891162319167,99.97417806881904,2655.1271856393582,3.4240853294470077,9.997417806881904e-09,1.8009641278390252e-14,9.872493183769609e-09,4.1405434418056284e-24,6.274993247909731e-16,1.2490598597168543e-10,1.6565851155674446e-26,3.511990130581261e-20,1.9093209965592256e-16,1.861654541707828e-14,6.484526565451337e-16,1.0018767371832293e-14,4.5024074639316135e-15,2.991809412343642e-20,2.009616175527644e-12,3.601437843597197e-13,-7.951604919356328,-10.271816210243491,-999.999,CaUO2(CO3)3-2,(Hfo_sO)2UO2
9.0,11.8,1e-08,0.0005179474679231,1.0,0.0,3.1622776601683795e-05,0.0012649110640673,9.0,11.608338941816662,9.997818357150524e-09,2.1816402360589667e-12,0.2593067681338071,99.97818357150526,17672.917700043552,4.247308255020293,9.997818357150524e-09,1.80193833786709e-14,9.872761999564826e-09,1.186630850347688e-23,6.281611787477125e-16,1.2503771004113086e-10,4.752454621255487e-26,1.9770205679487745e-19,1.0749898311320382e-15,1.05263716595285e-13,1.0504353537474616e-14,4.631963433290487e-13,5.96543461028063e-13,1.6877788579812628e-19,0.0,0.0,-6.450493496838973,-9.064111845125648,-999.999,UO2(CO3)3-4,(Hfo_sO)2UO2
9.0,11.8,1e-08,0.0013894954943731,0.001,1e-05,5.623413251903491e-06,0.0002249365300761,9.0,11.601049030223416,6.982885152276613e-09,3.017114847764727e-09,0.0461119886656086,69.82885152276613,50.19138787006218,1.7006292047670564,6.982885152276613e-09,1.2607957701958312e-14,6.895224428418296e-09,6.438263427632313e-23,4.4032235722503375e-16,8.764767557819245e-11,2.5879789467725653e-25,7.793114987426529e-19,4.382118082026486e-15,5.514104801080994e-13,3.997140081420985e-13,1.1019242894418698e-10,1.1024834840735019e-09,1.098678602535111e-21,1.7976334415767876e-09,1.4684127053547013e-12,-10.851934812467531,-7.578068579741263,-999.999,CaUO2(CO3)3-2,(Hfo_sO)2UO2
9.0,11.8,1e-08,0.0013894954943731,0.0039810717055349,0.001,0.0001778279410038,0.0071131176401556,9.0,11.601074362848031,6.414710458091022e-09,3.585289541958652e-09,1.4581891162319167,64.14710458091022,1.2269842037348837,0.0888389716308884,6.414710458091022e-09,1.1555198965314701e-14,6.3345605286654e-09,5.302874124674839e-23,4.025949762518398e-16,8.013797163162769e-11,2.121451823956592e-25,2.25324475980111e-20,1.2668660450776668e-16,1.5921911844212435e-14,1.0350120118820915e-14,2.5609318752763057e-12,2.2971685071041447e-11,1.214640517675628e-22,3.319550469031719e-09,2.400534159425553e-10,-12.76308405564751,-9.164396802272238,-999.999,CaUO2(CO3)3-2,(Hfo_sO)2UO2
9.0,11.8,1e-08,0.0037275937203149,0.001,0.0001,0.001,0.04,9.0,11.60105790195374,8.123901207123182e-09,1.8760987934749936e-09,8.2,81.23901207123181,0.5280743545334364,-0.2773049231289184,8.123901207123182e-09,1.4633278162067894e-14,8.022406501208024e-09,1.9645796110478781e-22,5.098102764657003e-16,1.0147956282652232e-10,7.858570541241928e-25,5.073978192782725e-21,2.853013617895669e-17,3.588631266381539e-15,6.823124697716655e-15,4.9349020032883615e-12,1.2949216775434958e-10,7.042296072152599e-24,1.730057063551535e-09,1.1575695617611784e-11,-15.241273952425551,-9.345686435361426,-999.999,CaUO2(CO3)3-2,(Hfo_sO)2UO2
9.0,11.8,1e-08,0.0037275937203149,0.001,0.001,3.1622776601683795e-05,0.0012649110640673,9.0,11.601060551008578,1.671806521857065e-10,9.832819347890415e-09,0.2593067681338071,1.671806521857065,0.06556832698326,-1.1833058974865702,1.671806521857065e-10,3.011345852523677e-16,1.6509202961587587e-10,3.7967952595514455e-24,1.04911998848635e-17,2.088310944041673e-12,1.5187498092109374e-26,3.301909544694846e-21,1.856586216219845e-17,2.334533473951129e-15,4.168610106467685e-15,2.832352585290875e-12,6.979726215165839e-11,4.531323737117874e-24,9.158511204267048e-09,6.016534455902244e-10,-15.623287395911513,-9.559543756413987,-999.999,CaUO2(CO3)3-2,(Hfo_sO)2UO2
9.0,11.8,1e-08,0.0037275937203149,0.0039810717055349,0.0,0.0001778279410038,0.0071131176401556,9.0,11.601079553073784,9.198973592822905e-09,8.010264180604488e-10,1.4581891162319167,91.98973592822902,7.875509873189647,0.8962786802958662,9.198973592822905e-09,1.6571157189832494e-14,9.084028092834637e-09,2.174944098222745e-22,5.773739518983221e-16,1.1492835145690664e-10,8.701553755800143e-25,3.2314482818362676e-20,1.8168085106018808e-16,2.2835325112239915e-14,4.24573552262552e-14,3.0042527693476203e-11,7.707368087795273e-10,1.7473090637482772e-22,0.0,0.0,-12.451165838674775,-8.551433160115554,-999.999,UO2(CO3)3-4,(Hfo_sO)2UO2
9.0,11.8,1e-08,0.0037275937203149,1.0,0.01,0.0001778279410038,0.0071131176401556,9.0,11.608380161704126,3.736941402356173e-09,6.263058597701472e-09,1.4581891162319167,37.36941402356173,0.4091814721268104,-0.3880840395132992,3.736941402356173e-09,6.731379307516302e-15,3.6902521549895832e-09,2.99415207228184e-23,2.345211818913264e-16,4.668228146607047e-11,1.1977602182835409e-25,1.3125688355762139e-20,7.135638126586248e-17,6.956185828226772e-15,4.687783321163991e-15,1.4013857984741676e-12,1.2183596959109823e-11,1.1182380828798811e-20,5.317658841163692e-09,9.317363694193896e-10,-8.807797369798287,-9.41266009968417,-999.999,CaUO2(CO3)3-2,(Hfo_sO)2UO2
9.0,11.8,1e-08,0.01,0.001,1e-05,0.0001778279410038,0.0071131176401556,9.0,11.601080758446466,2.413394746140771e-09,7.586605253984552e-09,1.4581891162319167,24.133947461407708,0.2181559302374211,-0.6612329768812273,2.413394746140771e-09,4.347202928941642e-15,2.383242730885026e-09,1.530306854680091e-22,1.5145427705820951e-16,3.014751659838556e-11,6.121555474182922e-25,8.476597361167035e-21,4.765748171485484e-17,5.989017934856413e-15,2.986391835513412e-14,5.668159304870151e-11,3.8998894315258695e-09,1.1467656091206101e-23,3.6282615736321205e-09,1.6891175441142537e-12,-14.825690669365848,-8.704168198837461,-999.999,UO2(CO3)3-4,(Hfo_sO)2UO2
9.0,11.8,1e-08,0.01,0.0039810717055349,0.01,0.001,0.04,9.0,11.601129468547668,8.329562776819881e-11,9.91670437235368e-09,8.2,0.8329562776819881,0.0010243325811632,-2.9895590133667462,8.329562776819881e-11,1.5003496311180856e-16,8.225501932383176e-11,3.56742394669595e-24,5.227000463254472e-18,1.0404531823999037e-12,1.4269700480320986e-26,5.202265912485539e-23,2.9241837701568696e-19,3.660306356207987e-17,1.2333476775666423e-16,1.5870009118691786e-13,7.375126788054825e-12,2.623137532783859e-25,6.791378661088826e-09,3.117791431989836e-09,-18.096802229012106,-11.086615138213716,-999.999,CaUO2(CO3)3-2,(Hfo_sO)2UO2
9.0,11.8,5.179474679231213e-08,2.6826957952797277e-05,0.0039810717055349,1e-05,1e-06,4e-05,9.0,11.601066015662566,5.153960956920545e-08,2.5513710364175536e-10,0.0081999999999999,99.50740714279436,24635.061503921377,4.391553650872358,5.153960956920545e-08,1.0301385460289648e-13,5.07445014071242e-08,8.883623975529434e-24,3.994063989024108e-15,7.950011541626417e-10,4.401178036461809e-26,3.975321814365102e-17,2.2351738750448174e-13,2.8109192997097417e-11,3.820951397772701e-13,1.9759440701803616e-12,3.706600887634889e-13,2.182248460073544e-19,6.205043053549138e-13,5.201298959189892e-16,-6.253254294509674,-7.597426530283403,-999.999,UO2(OH)2,(Hfo_sO)2UO2
9.0,11.8,5.179474679231213e-08,7.196856730011514e-05,0.001,0.0001,0.0001778279410038,0.0071131176401556,9.0,11.601044508588163,5.1792807821214735e-08,1.938899439234192e-12,1.4581891162319167,99.99625643290588,18318.939082300505,4.262900318456052,5.1792807821214735e-08,9.334333174312011e-14,5.1145027442123026e-08,2.4763330450166955e-23,3.253816800096588e-15,6.476837819431411e-10,9.916733894015732e-26,1.8210974474095868e-19,1.024035990777862e-15,1.288762186320436e-13,4.844113965190784e-15,6.923799129764447e-14,3.5921138830226414e-14,2.5879487646540073e-22,6.688053418994751e-13,6.2391424138186605e-15,-12.105870797267606,-9.494661177272832,-999.999,CaUO2(CO3)3-2,(Hfo_sO)2UO2
9.0,11.8,5.179474679231213e-08,0.0001930697728883,0.001,1e-05,1e-06,4e-05,9.0,11.601044624307557,5.0994552762083375e-08,8.001939878165965e-10,0.0081999999999999,98.4550672031714,7771.675359350986,3.8905146508331545,5.0994552762083375e-08,1.0180697314954868e-13,5.0209693260800567e-08,6.584579208619236e-23,3.942579300178719e-15,7.847537517302921e-10,3.2544219376423857e-25,3.92407670001094e-17,2.2065780365939978e-13,2.7770747918535182e-11,2.8272513967588908e-12,1.0945066479470391e-10,1.5380089471448127e-10,5.586321697866675e-20,2.8521939256101445e-10,2.650243151793264e-13,-7.437783868236643,-6.728522054353043,-999.999,CaUO2(CO3)3-2,(Hfo_sO)2UO2
9.0,11.8,5.179474679231213e-08,0.0001930697728883,0.0158489319246111,1e-05,3.1622776601683795e-05,0.0012649110640673,9.0,11.601154152748665,5.1779424966944734e-08,1.5321766160879527e-11,0.2593067681338071,99.97041818656082,13032.704275483076,4.115034540813315,5.1779424966944734e-08,9.356185188188265e-14,5.112839775472809e-08,5.921055958553785e-23,3.2701297456020557e-15,6.509303802349556e-10,2.3838093769125403e-25,1.0292134196078377e-18,5.784531453312916e-15,7.251630278089665e-13,6.526001099814164e-14,2.2386149766902268e-12,2.7778985897645868e-12,2.1138694120929744e-20,3.728330484125493e-12,2.498717373338843e-15,-8.278740318266024,-8.36375757742746,-999.999,CaUO2(CO3)3-2,(Hfo_sO)2UO2
9.0,11.8,5.179474679231213e-08,0.0001930697728883,0.0158489319246111,1e-05,0.0001778279410038,0.0071131176401556,9.0,11.60115415274873,5.1792035758294625e-08,2.71100423557357e-12,1.4581891162319167,99.99476581277948,13101.437017707014,4.117318933414011,5.1792035758294625e-08,9.334193951568628e-14,5.11442650464816e-08,5.922894118122067e-23,3.2537682411045484e-15,6.476741161051966e-10,2.3718846688433903e-25,1.8210702690533384e-19,1.0235037796186657e-15,1.2830894010929684e-13,1.1546980995479912e-14,3.960962746623841e-13,4.915161414550669e-13,3.740239553724617e-21,6.59683971785404e-13,4.4211861397798245e-16,-9.783097790492164,-9.115936269036776,-999.999,CaUO2(CO3)3-2,(Hfo_sO)2UO2
9.0,11.8,5.179474679231213e-08,0.0001930697728883,1.0,0.001,0.001,0.04,9.0,11.608341665011862,5.179432327305453e-08,4.2346061883957264e-13,8.2,99.9991823123312,14916.099882598106,4.173655282862772,5.179432327305453e-08,9.330301590424448e-14,5.114712868911432e-08,2.2758162350881253e-23,3.2508736282636336e-15,6.470980300506656e-10,9.10512706212632e-26,3.235490363375746e-20,1.759251106283528e-16,1.7219770189527182e-14,6.36162170193151e-16,1.0388957670362318e-14,4.953223329807943e-15,2.7615315921078803e-20,2.216142945703646e-13,3.995944301770354e-15,-8.022538756880472,-10.281743956300517,-999.999,CaUO2(CO3)3-2,(Hfo_sO)2UO2
9.0,11.8,5.179474679231213e-08,0.0005179474679231,0.0158489319246111,0.0001,5.623413251903491e-06,0.0002249365300761,9.0,11.601155645650804,4.769079888706995e-08,4.1039479041921115e-09,0.0461119886656086,92.07651709989376,252.0106566540721,2.4014189059728297,4.769079888706995e-08,8.732755071096796e-14,4.7074809849354345e-08,1.453509803073106e-22,3.094151697730857e-15,6.158986160130549e-10,6.013656518769595e-25,5.476259115907277e-18,3.077823774359205e-14,3.858089918922197e-12,9.257254731421137e-13,8.467257562312929e-11,2.8013808876245467e-10,1.123294943066617e-19,3.6794481724008562e-09,2.413026287048815e-11,-6.828235378696675,-7.211886620132068,-999.999,CaUO2(CO3)3-2,(Hfo_sO)2UO2
9.0,11.8,5.179474679231213e-08,0.0013894954943731,0.0630957344480193,1e-05,1e-06,4e-05,9.0,11.601506078189445,2.7365998664140926e-08,2.442874812814196e-08,0.0081999999999999,52.835471469478925,136.61432394140957,2.135496237285321,2.7365998664140926e-08,5.2028375969318185e-14,2.698457305227288e-08,1.9090386359554108e-22,1.915961168822245e-15,3.813716675307167e-10,8.53193606963544e-25,1.9069310620971665e-17,1.0700249118178004e-13,1.3246634298331469e-11,7.306122036639942e-12,1.5478658787401824e-09,1.1733632815508844e-08,1.4037476937421398e-18,1.1014942680535838e-08,5.107222182948815e-12,-4.628925797855452,-6.309965840109841,-999.999,UO2(CO3)3-4,(Hfo_sO)2UO2
9.0,11.8,5.179474679231213e-08,0.0013894954943731,0.0630957344480193,0.001,5.623413251903491e-06,0.0002249365300761,9.0,11.601509550011816,7.263359761179457e-09,4.4531387031610884e-08,0.0461119886656086,14.023352194971162,3.537182607481739,0.54865748089888,7.263359761179457e-09,1.31156314938643e-14,7.17216028067998e-09,4.9030959764623017e-23,4.580976553351412e-16,9.118590677027912e-11,1.9712791535111585e-25,8.107714171734794e-19,4.549360807590967e-15,5.629506380095989e-13,3.000452939134528e-13,6.145245618666888e-11,4.5015248701918515e-10,5.951971368733041e-20,4.2072985190774684e-08,1.941399809517379e-09,-7.373674167409128,-7.696281162214676,-999.999,CaUO2(CO3)3-2,(Hfo_sO)2UO2
9.0,11.8,5.179474679231213e-08,0.0037275937203149,0.0039810717055349,0.001,3.1622776601683795e-05,0.0012649110640673,9.0,11.601082542779642,9.74891057303304e-10,5.0819855735389225e-08,0.2593067681338071,1.8822199502440795,0.0739790595959811,-1.1308911936325732,9.74891057303304e-10,1.7561114332837416e-15,9.627103279884846e-10,2.1653396146731678e-23,6.118408888173177e-17,1.2178912019275458e-11,8.662412953190804e-26,1.9256551443345398e-20,1.082641027044287e-16,1.3602668875503396e-14,2.3759789214641285e-14,1.5799352724754146e-11,3.8077610342997984e-10,1.0315557326589052e-22,4.746322478373944e-08,2.959909807523299e-09,-12.907944638027452,-8.803391095435444,-999.999,CaUO2(CO3)3-2,(Hfo_sO)2UO2
9.0,11.8,5.179474679231213e-08,0.01,0.0630957344480193,0.001,3.1622776601683795e-05,0.0012649110640673,9.0,11.601538406839346,1.6462211811830186e-10,5.163012467477857e-08,0.2593067681338071,0.3178355495749554,0.0122962068142713,-1.910228840893683,1.6462211811830186e-10,2.9652597289831e-16,1.6256546049417386e-10,8.018368661681556e-24,1.0330639216243581e-17,2.056350767507877e-12,3.207413397851301e-26,3.2513760678864188e-21,1.8241537621676164e-17,2.254726235859604e-15,8.672874913136105e-15,1.282870113126896e-11,6.780167593131032e-10,2.3736365382894104e-22,4.917982167464957e-08,1.759428436594856e-09,-12.18037950192032,-9.234875053859597,-999.999,CaUO2(CO3)3-2,(Hfo_sO)2UO2
9.0,11.8,5.179474679231213e-08,0.01,0.2511886431509579,1e-05,5.623413251903491e-06,0.0002249365300761,9.0,11.60291060128715,2.9365352601446183e-09,4.885821153266759e-08,0.0461119886656086,5.669561957546797,1.3034182637024758,0.1150838021050564,2.9365352601446183e-09,5.294712040410385e-15,2.8997744626450707e-09,1.0973421911301708e-22,1.8465043017317464e-16,3.6755318136967e-11,4.398433626918802e-25,3.268063408639774e-19,1.821966233548933e-15,2.1462477426069042e-13,6.41442909506671e-13,7.590077102128644e-10,3.0776841237545523e-08,8.227542191202914e-20,1.731510588718885e-08,4.608036782619109e-12,-7.085987560966551,-7.347731669025618,-999.999,UO2(CO3)3-4,(Hfo_sO)2UO2
9.0,11.8,2.682695795279728e-07,1e-05,0.001,0.0001,5.623413251903491e-06,0.0002249365300761,9.0,11.601044282867615,2.680396868932537e-07,2.2988891334075042e-10,0.0461119886656086,99.91430536584744,25285.24826530837,4.402867222145908,2.680396868932537e-07,5.313796211238842e-13,2.639726474538948e-07,1.776846566224729e-23,2.042984888176828e-14,4.066487629888909e-09,8.655864608812916e-26,3.615937138908424e-17,2.0333088846759085e-13,2.558967562569665e-11,1.3371828785076606e-13,2.657069231685225e-13,1.9164340107435505e-14,5.142295816411811e-20,3.594129072595838e-13,3.377321504699191e-15,-7.509548151600875,-8.053688128858806,-999.999,UO2(OH)2,(Hfo_sO)2UO2
9.0,11.8,2.682695795279728e-07,1e-05,0.001,0.0001,0.001,0.04,9.0,11.601044282867525,2.682685094734104e-07,1.066330005348372e-12,8.2,99.99960112713327,30680.625812750157,4.486864213955306,2.682685094734104e-07,4.834641853191332e-13,2.649135360109528e-07,1.7831801748317e-23,1.6852113987901846e-14,3.3544731461582792e-09,7.140282539257785e-26,1.6772371589913886e-19,9.43141732302543e-16,1.186966288328398e-13,6.202467383221903e-16,1.232470777140826e-15,8.88930296605669e-17,2.3852326626397645e-22,1.6671224865789429e-15,1.5665571631462393e-17,-12.17680094427292,-10.387314446907062,-999.999,UO2(OH)2,(Hfo_sO)2UO2
9.0,11.8,2.682695795279728e-07,1e-05,0.0039810717055349,0.0,5.623413251903491e-06,0.0002249365300761,9.0,11.601065917866272,2.680401525977257e-07,2.2942320266682144e-10,0.0461119886656086,99.914478961554,25336.6193092828,4.403748666061556,2.680401525977257e-07,5.31380636834658e-13,2.639731046552356e-07,1.7243522437582537e-23,2.042989159733977e-14,4.066496131961684e-09,8.400142813899629e-26,3.615944699616019e-17,2.0331105615101878e-13,2.5568261872782123e-11,1.2968480073255926e-13,2.502386522593992e-13,1.751542576210409e-14,1.9855462635455477e-19,0.0,0.0,-6.335330257562553,-8.066711913833519,-999.999,UO2(OH)2,(Hfo_sO)2UO2
9.0,11.8,2.682695795279728e-07,1e-05,0.0158489319246111,0.001,5.623413251903491e-06,0.0002249365300761,9.0,11.601157132021164,2.680389903317347e-07,2.3058549276767157e-10,0.0461119886656086,99.91404571601304,25208.79814088572,4.401552140669556,2.680389903317347e-07,5.313781019082123e-13,2.63971963610659e-07,1.4928397118848918e-23,2.042978499133465e-14,4.066474913188693e-09,7.272328258582595e-26,3.6159258301083445e-17,2.03224611396391e-13,2.5465448638799388e-11,1.1191624542308649e-13,1.8755569966562986e-13,1.1365424020543591e-14,7.376985353526327e-19,1.5088419676138725e-12,9.99816061865923e-14,-5.192249305717425,-8.129325109905983,-999.999,UO2(OH)2,(Hfo_sO)2UO2
9.0,11.8,2.682695795279728e-07,2.6826957952797277e-05,0.001,0.0001,3.1622776601683795e-05,0.0012649110640673,9.0,11.601044344341034,2.682334133151793e-07,3.61626251212509e-11,0.2593067681338071,99.98651870523037,28604.810460916648,4.456439074421186,2.682334133151793e-07,4.911688955902368e-13,2.6476880700875945e-07,4.780428059592654e-23,1.7402935513810473e-14,3.4640977345887403e-09,1.9778352134676007e-25,5.477279513124788e-18,3.079975540840555e-14,3.876213055228779e-12,5.4330397345997364e-14,2.8957751756010376e-13,5.6022799759511946e-14,7.788201102295664e-21,1.0485882853933124e-12,9.833841471693107e-15,-9.149009684747623,-8.444835127555777,-999.999,UO2(OH)2,(Hfo_sO)2UO2
9.0,11.8,2.682695795279728e-07,2.6826957952797277e-05,0.001,0.01,3.1622776601683795e-05,0.0012649110640673,9.0,11.601080850116386,2.682109828096293e-07,5.859448788954698e-11,0.2593067681338071,99.9781575240672,17652.48870336404,4.246805942241977,2.682109828096293e-07,4.911271414098997e-13,2.647466759566373e-07,2.796380292837512e-23,1.740143132864857e-14,3.4637983244192074e-09,1.1569599212320756e-25,5.4768060663479486e-18,3.0791916102018537e-14,3.85697670782751e-12,3.1636907821188254e-14,9.909660966861849e-14,1.1215651684993394e-14,6.974928361925474e-21,1.4471894011488003e-11,9.313805890774398e-12,-9.23758997452736,-8.677706920336668,-999.999,CaUO2(CO3)3-2,(Hfo_sO)2UO2
9.0,11.8,2.682695795279728e-07,2.6826957952797277e-05,0.0039810717055349,0.0001,0.001,0.04,9.0,11.601066347523082,2.682684766499646e-07,1.0992650915330657e-12,8.2,99.99958889188623,29761.399808044345,4.473653354112161,2.682684766499646e-07,4.834641261352453e-13,2.6491350359842805e-07,4.599942629048503e-23,1.6852111923834455e-14,3.354472735298428e-09,1.8419277252573263e-25,1.6772369528633078e-19,9.43045787233e-16,1.1859086658066722e-13,1.598905686476214e-15,8.201457895584832e-15,1.5259467493510521e-15,9.194105278581714e-22,2.5414644964545343e-14,2.1193799524637954e-16,-11.004007829944255,-9.975757259062457,-999.999,UO2(OH)2,(Hfo_sO)2UO2
9.0,11.8,2.682695795279728e-07,2.6826957952797277e-05,0.0158489319246111,0.01,1e-06,4e-05,9.0,11.601190280753954,2.619933938792868e-07,6.2761833081243214e-09,0.0081999999999999,97.66049297884275,5090.7394381485165,3.706780868895476,2.619933938792868e-07,9.079592679963724e-13,2.494432287613905e-07,2.6271153545127655e-23,6.308388334005057e-14,1.2549194074744984e-08,4.179489698764033e-25,6.282478642917477e-16,3.530380466946785e-12,4.404924114812677e-10,3.60632508805347e-12,1.1301754460596628e-11,1.2754202001308189e-12,1.2204037157174612e-17,1.4599313326650286e-09,8.306881143507045e-10,-2.74957683886576,-6.619361555711986,-999.999,CaUO2(CO3)3-2,(Hfo_sO)2UO2
9.0,11.8,2.682695795279728e-07,2.6826957952797277e-05,0.0630957344480193,0.0,5.623413251903491e-06,0.0002249365300761,9.0,11.60150137878444,2.6804068779075694e-07,2.2888802665813135e-10,0.0461119886656086,99.91467845977223,25395.910996002985,4.404763796351105,2.6804068779075694e-07,5.313818040970152e-13,2.6397363007643613e-07,3.610240750687922e-23,2.0429940686236102e-14,4.066505902575947e-09,1.758721311785276e-25,3.615953388084271e-17,2.0290423800297506e-13,2.5124033180192955e-11,2.6787265881034383e-13,1.0969177447139817e-12,1.607495187282394e-13,2.664648164930149e-18,0.0,0.0,-4.070893053138036,-7.745801557208885,-999.999,UO2(OH)2,(Hfo_sO)2UO2
9.0,11.8,2.682695795279728e-07,7.196856730011514e-05,0.2511886431509579,0.0,1e-06,4e-05,9.0,11.602880887959236,2.6420973162304725e-07,4.059844317193993e-09,0.0081999999999999,98.4866536444166,7936.43708010215,3.899625577524328,2.6420973162304725e-07,9.220391834277948e-13,2.513667336272681e-07,6.846199569907095e-23,6.455680043997683e-14,1.2842011399795212e-08,1.1060501123768908e-24,6.429259618412206e-16,3.584843819138094e-12,4.228122436103389e-10,9.092237165995305e-12,7.734717734646878e-11,2.2572841006354868e-11,1.6215920819119167e-16,0.0,0.0,-0.4897534875928748,-6.196697283627415,-999.999,UO2(OH)2,(Hfo_sO)2UO2
9.0,11.8,2.682695795279728e-07,0.0001930697728883,0.2511886431509579,0.0001,3.1622776601683795e-05,0.0012649110640673,9.0,11.602881608521638,2.6820280698703325e-07,6.677067215763844e-11,0.2593067681338071,99.97510990957043,15490.43872989258,4.190063718293299,2.6820280698703325e-07,4.911119222247503e-13,2.64738609283041e-07,1.9309015497176448e-22,1.7400883062071488e-14,3.4636891911867444e-09,7.9888039297919755e-25,5.476633500593504e-18,3.053665860708692e-14,3.601408481438899e-12,2.073956106854937e-13,4.724973473382455e-12,3.692684663261637e-12,1.3811546833520161e-18,2.4415393496424717e-11,7.644133578559706e-14,-4.629207439436335,-7.838543473332336,-999.999,CaUO2(CO3)3-2,(Hfo_sO)2UO2
9.0,11.8,2.682695795279728e-07,0.0001930697728883,1.0,0.01,1e-06,4e-05,9.0,11.608372695116508,2.339079868497211e-07,3.4361592424107745e-08,0.0081999999999999,87.19139429125293,830.152569703169,2.919157916582099,2.339079868497211e-07,7.435204177624794e-13,2.2455627504058657e-07,9.413300766367844e-23,4.6998878816184543e-14,9.350921289837823e-09,1.2395702398787068e-24,4.679835714877522e-16,2.5442294151855146e-12,2.4807123987135247e-10,8.636580651493419e-12,1.3337182276630323e-10,5.99074489309766e-11,3.9866788693682176e-16,2.6739164501906777e-08,4.7919174276392626e-09,0.297749755405885,-6.14735265294475,-999.999,CaUO2(CO3)3-2,(Hfo_sO)2UO2
9.0,11.8,2.682695795279728e-07,0.0005179474679231,0.0039810717055349,1e-05,0.0001778279410038,0.0071131176401556,9.0,11.60106781600024,2.680816350393453e-07,1.8794436159795806e-10,1.4581891162319167,99.92994193044244,978.1915569513432,2.99042390998264,2.680816350393453e-07,4.842835628676413e-13,2.647127327093155e-07,8.925572036556081e-22,1.6922098187246782e-14,3.3684011243677966e-09,3.591575759120346e-24,9.470973704604191e-19,5.3251279955478175e-15,6.696306946037501e-13,1.7531769026202521e-13,1.7462928944697568e-11,6.309258404846542e-11,5.187676926129293e-21,1.0113386162579166e-10,8.116798174376411e-14,-9.501808725645212,-7.935744141136324,-999.999,CaUO2(CO3)3-2,(Hfo_sO)2UO2
9.0,11.8,2.682695795279728e-07,0.0005179474679231,0.0158489319246111,0.001,0.001,0.04,9.0,11.601158873139342,2.672542459808046e-07,1.0153335381616183e-09,8.2,99.62152490455507,32.09977804553067,1.506502029478563,2.672542459808046e-07,4.816353737386045e-13,2.639119701503968e-07,7.735507807013044e-22,1.6788333455179543e-14,3.3417774066997692e-09,3.0974710675892723e-24,1.6708892617828174e-19,9.39076502641618e-16,1.1766563821933217e-13,2.6802344372382274e-14,2.3281295754148115e-12,7.312011873018325e-12,3.406285349829454e-21,9.438069980336227e-10,6.080298119663665e-11,-9.864035277120225,-8.750022592045319,-999.999,CaUO2(CO3)3-2,(Hfo_sO)2UO2
9.0,11.8,2.682695795279728e-07,0.0037275937203149,0.2511886431509579,0.001,5.623413251903491e-06,0.0002249365300761,9.0,11.602895236603674,7.7288126879748e-09,2.605407668437676e-07,0.0461119886656086,2.880987364118528,0.6433143553024788,-0.1915767573838807,7.7288126879748e-09,1.3958341480234508e-14,7.631737532406965e-09,1.05870064279618e-22,4.876113798408201e-16,9.706070961486792e-11,4.2578779949461235e-25,8.630067967157007e-19,4.811658485024673e-15,5.670079535179858e-13,6.211231894718761e-13,2.69347976889053e-10,4.003717891032794e-09,2.1732487854800523e-19,2.489380394406131e-07,7.323738647849828e-09,-6.237651110108764,-7.361836033042735,-999.999,CaUO2(CO3)3-2,(Hfo_sO)2UO2
9.0,11.8,1.389495494373136e-06,1e-05,0.0158489319246111,0.0001,3.1622776601683795e-05,0.0012649110640673,9.0,11.601153827763383,1.389287458718431e-06,2.0793764563798782e-10,0.2593067681338071,99.98502797198354,25765.889534781654,4.411045140524183,1.389287458718431e-06,2.732778287970389e-12,1.3685391613829395e-06,8.165669689434616e-23,1.0422389935744585e-13,2.0745460333304132e-08,3.914331969701108e-25,3.280360717684841e-17,1.8436776850089477e-13,2.3112431024374883e-11,1.0716510987386799e-13,1.8940470370464305e-13,1.2109475668464026e-14,6.73591091413644e-19,1.64032841372721e-13,1.1095158453105993e-15,-5.271881245446153,-8.148343818642783,-999.999,UO2(OH)2,(Hfo_sO)2UO2
9.0,11.8,1.389495494373136e-06,2.6826957952797277e-05,1.0,0.01,1e-06,4e-05,9.0,11.608372348454902,1.1669243892870792e-06,2.225710249395085e-07,0.0081999999999999,83.9818764445531,639.381754164811,2.805760238788027,1.1669243892870792e-06,9.576015234845107e-12,4.565169347744101e-07,2.658021393219071e-23,3.700292662657471e-12,7.103941782047717e-07,1.3079796078607284e-23,3.8184120638635477e-14,2.0759130006525507e-10,2.02410498598344e-08,9.787728265446111e-11,2.0993553316951177e-10,1.309747360470962e-11,3.25283697211896e-14,5.8521736924060634e-09,1.0498914858189174e-09,4.121116456917623,-5.093015627059138,-999.999,UO2(OH)2,(Hfo_wO)2UO2
9.0,11.8,1.389495494373136e-06,7.196856730011514e-05,0.0630957344480193,0.001,0.001,0.04,9.0,11.601505181926251,1.3894828163842774e-06,1.2631507009144112e-11,8.2,99.9990875833056,13414.798711399651,4.127584160482855,1.3894828163842774e-06,2.50949805283098e-12,1.3720296551379135e-06,4.854887946433078e-22,8.766774676508769e-14,1.7450564080563443e-08,1.9526534906469027e-24,8.725297558331932e-19,4.895994653971195e-15,6.059437148252006e-13,1.6715779001124663e-14,1.7717876538564822e-13,6.717804846792819e-14,6.410769510371824e-20,6.567682101617499e-12,3.170498302741997e-13,-7.307918345550519,-8.95040404114048,-999.999,CaUO2(CO3)3-2,(Hfo_sO)2UO2
9.0,11.8,1.389495494373136e-06,0.0005179474679231,0.0158489319246111,0.01,0.001,0.04,9.0,11.601191516473618,1.3670729337043843e-06,2.2422560525737512e-08,8.2,98.38628043347003,7.435199527547286,0.8712926275385465,1.3670729337043843e-06,2.468917510829329e-12,1.349902765038941e-06,2.7578709802148444e-21,8.624626486477998e-14,1.716761350166517e-08,1.1091272752312945e-23,8.583821488120057e-19,4.823571234298079e-15,6.018551327461726e-13,9.558448140992642e-14,5.8106349697249476e-12,1.2720232561889431e-11,1.6678141799063203e-20,1.435062473012806e-08,8.047886017950377e-09,-8.478749746229873,-8.196047864610218,-999.999,CaUO2(CO3)3-2,(Hfo_sO)2UO2
9.0,11.8,1.389495494373136e-06,0.0005179474679231,0.2511886431509579,0.0001,0.001,0.04,9.0,11.602882577839797,1.3893983592376877e-06,9.71293197212082e-11,8.2,99.99300932346728,1744.4662928106766,3.2416625822749574,1.3893983592376877e-06,2.50934510830533e-12,1.3719462646140729e-06,2.684463541837343e-21,8.766238908057889e-14,1.7449497616114722e-08,1.079700584183849e-23,8.724764068881573e-19,4.864739487936294e-15,5.73710894083703e-13,8.863427818052646e-14,5.417444974768033e-12,1.1358341378534355e-11,2.200174786625286e-19,7.467119741796728e-11,2.324443133729897e-13,-6.225005827325482,-8.207725899669565,-999.999,CaUO2(CO3)3-2,(Hfo_sO)2UO2
9.0,11.8,1.389495494373136e-06,0.0013894954943731,0.0158489319246111,0.001,1e-06,4e-05,9.0,11.60116185773328,1.843852939279992e-08,1.371056964985871e-06,0.0081999999999999,1.3269945435208748,1.6400493946555876,0.2148569282326449,1.843852939279992e-08,3.4432953479705953e-14,1.819070110382415e-08,1.42762476917392e-22,1.2448692190751773e-15,2.4779261115292467e-10,6.149686666714687e-25,1.2389937569964559e-17,6.963321621015238e-14,8.724073258096989e-12,5.320951088435533e-12,1.2376515523500975e-09,1.0407897998214617e-08,2.5225425530038323e-19,1.2806820248607903e-06,7.864572366319252e-08,-6.125922694211717,-6.452166245517093,-999.999,CaUO2(CO3)3-2,(Hfo_sO)2UO2
9.0,11.8,1.389495494373136e-06,0.0013894954943731,0.2511886431509579,0.01,1e-06,4e-05,9.0,11.602920325573942,1.5954731074553047e-08,1.373540763306077e-06,0.0081999999999999,1.1482391370942118,1.4165570935423952,0.1512340832057149,1.5954731074553047e-08,2.9647978425567584e-14,1.5742420177416227e-08,7.045749559498414e-23,1.066458740634163e-15,2.12280182699584e-10,3.0044512046804517e-25,1.0614234453455084e-17,5.917238542072847e-14,6.946544738312756e-12,2.4556345623371968e-12,3.4482606081380517e-10,1.6536964085994462e-09,2.6519993377263923e-18,1.0544853011395817e-06,3.169893242936133e-07,-4.060503019786573,-6.763255621357223,-999.999,CaUO2(CO3)3-2,(Hfo_sO)2UO2
9.0,11.8,1.389495494373136e-06,0.01,0.001,0.001,0.0001778279410038,0.0071131176401556,9.0,11.601082976297077,9.915386512984569e-09,1.3795801078762107e-06,1.4581891162319167,0.7135961615663853,0.0049288871193073,-2.307251127883678,9.915386512984569e-09,1.7861851834251505e-14,9.791487150280678e-09,6.003341090254497e-22,6.2234941734302245e-16,1.2388087850203514e-10,2.40186524213828e-24,3.483167111738373e-20,1.958300842067517e-16,2.4603565535928792e-14,1.171472805006926e-13,2.1235526494515374e-10,1.3951066019889626e-08,4.6839848077081227e-23,1.3044023756338102e-06,6.101397326633617e-08,-13.60229415576172,-8.11048132797528,-999.999,CaUO2(CO3)3-2,(Hfo_sO)2UO2
9.0,11.8,1.389495494373136e-06,0.01,0.0158489319246111,0.01,0.001,0.04,9.0,11.601217318440172,1.3393278589386251e-08,1.3761022157982264e-06,8.2,0.9638950715294377,0.001186922481841,-2.925577643983913,1.3393278589386251e-08,2.4125054560835556e-14,1.322594829237042e-08,5.625865615528431e-22,8.405039910417178e-16,1.6730533145671378e-10,2.2504652652446483e-24,8.365266712710445e-21,4.7001985867194435e-17,5.864385472428969e-15,1.9396001640275664e-14,2.4547363817411805e-11,1.118838475673503e-09,1.6275712820008283e-22,9.629482000367007e-07,4.12010557691284e-07,-12.509256434392576,-8.888757674184399,-999.999,CaUO2(CO3)3-2,(Hfo_sO)2UO2
9.0,11.8,1.389495494373136e-06,0.01,1.0,0.0,0.001,0.04,9.0,11.60836008175394,1.369953796536114e-06,1.954169775835544e-08,8.2,98.59361200405776,8.549284623517817,0.931929775891114,1.369953796536114e-06,2.4741340739590986e-12,1.3527472510334942e-06,3.1448310756876776e-20,8.642898702132223e-14,1.7203984939527077e-08,1.2647646422409488e-22,8.602007269161867e-19,4.6768204161697625e-15,4.575972179006059e-13,8.83409896740267e-13,7.539822634830772e-10,1.878199808798812e-08,7.3440412611089375e-19,0.0,0.0,-5.177134027623566,-7.139019532519901,-999.999,UO2(CO3)3-4,(Hfo_sO)2UO2
9.0,11.8,7.196856730011529e-06,1e-05,0.0039810717055349,0.001,0.0001778279410038,0.0071131176401556,9.0,11.601069617248408,7.196663513350921e-06,1.9081268100345555e-10,1.4581891162319167,99.99731526320647,25864.858767377387,4.412710111327505,7.196663513350921e-06,1.405449703388816e-11,7.090744796791668e-06,4.2623425577690095e-22,5.320541375088992e-13,1.0590413000808037e-07,2.013118742771589e-24,2.9778917792771616e-17,1.6743287265455777e-13,2.1046205208370423e-11,9.82350930060717e-14,1.7451063613334349e-13,1.1240312797410075e-14,1.6128814674251593e-19,1.7917673245552824e-12,1.4295063276784456e-13,-6.515931468161256,-8.187134593766402,-999.999,UO2(OH)2,(Hfo_sO)2UO2
9.0,11.8,7.196856730011529e-06,1e-05,0.0630957344480193,1e-05,0.0001778279410038,0.0071131176401556,9.0,11.601501372299332,7.196666850633436e-06,1.8746400811503366e-10,1.4581891162319167,99.99736163459666,26326.89540489904,4.420399648015399,7.196666850633436e-06,1.405450409998167e-11,7.090748076565932e-06,3.6135839991756963e-22,5.320544263975673e-13,1.0590418750897597e-07,1.7067080281955018e-24,2.9778934009400806e-17,1.6710038669420361e-13,2.069066595123164e-11,8.220229687724402e-14,1.254299776009371e-13,6.8493197869997165e-15,2.194547961560064e-18,6.763075817512864e-15,3.2989047440484383e-18,-4.239516473177432,-8.258844753972348,-999.999,UO2(OH)2,(Hfo_sO)2UO2
9.0,11.8,7.196856730011529e-06,2.6826957952797277e-05,0.0158489319246111,0.0,0.001,0.04,9.0,11.60115353232253,7.196824812503593e-06,2.951098892754241e-11,8.2,99.99955650766532,29740.16101782758,4.473343315529738,7.196824812503593e-06,1.3145245737620166e-11,7.104339318612616e-06,1.1442999583234162e-21,4.645598898027559e-13,9.247188408534881e-08,4.7100540658445516e-24,4.623638506007904e-18,2.5986504134071593e-14,3.257825747144615e-12,4.0777074273925525e-14,1.9454328453821757e-13,3.35762685620346e-14,9.502708936227922e-20,0.0,0.0,-6.973238188151953,-8.567999942074813,-999.999,UO2(OH)2,(Hfo_sO)2UO2
9.0,11.8,7.196856730011529e-06,2.6826957952797277e-05,0.0158489319246111,0.01,0.001,0.04,9.0,11.60119029383979,7.196808498733078e-06,4.6202632425729615e-11,8.2,99.99932982855904,18995.878090432623,4.278659373753617,7.196808498733078e-06,1.3145215511983088e-11,7.104323220587477e-06,7.484131396784084e-22,4.645588060941452e-13,9.247166837128159e-08,3.080543777286224e-24,4.623627477737108e-18,2.5982043199730924e-14,3.241828372113601e-12,2.6547753806373493e-14,8.321856436675594e-14,9.393748119923912e-15,8.983620068607557e-20,1.0752579312992202e-11,6.1180447905146064e-12,-7.015876757472888,-8.752398472306472,-999.999,CaUO2(CO3)3-2,(Hfo_sO)2UO2
9.0,11.8,7.196856730011529e-06,2.6826957952797277e-05,1.0,0.0001,0.001,0.04,9.0,11.60833820675096,7.196828273012852e-06,2.604470789769357e-11,8.2,99.99960459128556,33698.28480938676,4.527607796515983,7.196828273012852e-06,1.3145252147236668e-11,7.1043427333846925e-06,4.41924272469216e-22,4.645601195447459e-13,9.247192981589229e-08,1.819004912198336e-24,4.623640796286067e-18,2.514077872847908e-14,2.461794754041569e-12,1.271412612418232e-14,2.9015628929392125e-14,1.9339976379771878e-15,3.94710908311976e-18,8.664972721379391e-15,1.5651535039948508e-17,-3.712353892961822,-8.981191962197068,-999.999,UO2(OH)2,(Hfo_sO)2UO2
9.0,11.8,7.196856730011529e-06,7.196856730011514e-05,0.001,0.0,1e-06,4e-05,9.0,11.601044156807909,4.457401261725245e-06,2.7394540667415805e-06,0.0081999999999999,61.93538969780359,198.42841182190503,2.29760385639704,4.457401261725245e-06,2.8072531012856694e-11,4.842536030757007e-07,2.3587965514636063e-22,2.4908042193906172e-11,3.973094678076336e-06,6.119931170286686e-22,3.093573000523117e-13,1.7395747982715806e-09,2.1893790758646402e-07,8.278909009949846e-09,1.1904073934670565e-07,6.21317003378776e-08,4.419911738403014e-16,0.0,0.0,0.3570700044073547,-3.2619220078555555,-999.999,UO2(OH)2,(Hfo_wO)2UO2
9.0,11.8,7.196856730011529e-06,7.196856730011514e-05,0.0039810717055349,1e-05,3.1622776601683795e-05,0.0012649110640673,9.0,11.601066196466563,7.193707612510242e-06,3.14684440616261e-09,0.2593067681338071,99.9562431542071,8815.839189793149,3.9452636595904647,7.193707612510242e-06,2.2430861288474876e-11,6.917390678989104e-06,3.2479002221827777e-21,1.3886404885542172e-12,2.7629311401935705e-07,4.1023285152899744e-23,4.3723984992845644e-16,2.4584331070231146e-12,3.0916641149839514e-10,1.1271335088182707e-11,1.5632933688574443e-10,7.865038634176798e-11,2.402195143601503e-18,1.3111822463506548e-10,1.0945119564120579e-13,-4.170816373245316,-6.127619888860245,-999.999,UO2(OH)2,(Hfo_sO)2UO2
9.0,11.8,7.196856730011529e-06,7.196856730011514e-05,0.0158489319246111,0.01,1e-06,4e-05,9.0,11.601190360559972,2.25619666067942e-06,4.940659836168651e-06,0.0081999999999999,31.34975094433769,55.69011900292368,1.7457781459245565,2.25619666067942e-06,1.6359464795538434e-11,4.7359001069850834e-07,1.1027612326230313e-22,9.831559031244365e-12,1.782580458957085e-06,1.3125869985898852e-22,1.0742507561545664e-13,6.036650035541022e-10,7.532062534261783e-08,1.363365223036392e-09,9.446340188334444e-09,2.356907500287508e-09,2.086897646321368e-15,2.6938307516984424e-06,1.5304729604841958e-06,1.716363944148959,-4.041815375151899,-999.999,CaUO2(CO3)3-2,(Hfo_wO)2UO2
9.0,11.8,7.196856730011529e-06,7.196856730011514e-05,0.0630957344480193,0.0,0.001,0.04,9.0,11.60150154759465,7.196823799722367e-06,3.057030527200904e-11,8.2,99.9995424351158,28709.606632359744,4.458027242006576,7.196823799722367e-06,1.314524386057899e-11,7.104338319233597e-06,2.606493369816768e-21,4.645598224822333e-13,9.24718706850844e-08,1.0728589608650037e-23,4.62363780608522e-18,2.5944885783518836e-14,3.2125284355250297e-12,9.188488075396884e-14,1.0093685881148038e-12,3.9681015211048473e-13,3.4073100752192853e-19,0.0,0.0,-5.857448171802233,-8.210483204305483,-999.999,UO2(OH)2,(Hfo_sO)2UO2
9.0,11.8,7.196856730011529e-06,7.196856730011514e-05,0.2511886431509579,0.001,3.1622776601683795e-05,0.0012649110640673,9.0,11.60288450341147,7.193104399150071e-06,3.750271755236962e-09,0.2593067681338071,99.94786153174609,7396.730102951164,3.869039772150945,7.193104399150071e-06,2.2427705479662463e-11,6.91684329951791e-06,1.8508422576104858e-21,1.38835976382838e-12,2.762372835669152e-07,2.337457721248077e-23,4.3715140680298894e-16,2.437439953817649e-12,2.8734994369322127e-10,6.071115502143687e-12,5.076388127020219e-11,1.4555136724291128e-11,1.1015333417436807e-16,9.626715794224242e-10,3.0138050549698344e-11,-0.8253670258077364,-6.371906649990539,-999.999,CaUO2(CO3)3-2,(Hfo_sO)2UO2
9.0,11.8,7.196856730011529e-06,7.196856730011514e-05,1.0,0.01,3.1622776601683795e-05,0.0012649110640673,9.0,11.608372450793691,7.192847950673404e-06,4.0068669176321824e-09,0.2593067681338071,99.94429819171738,6922.8051690369775,3.8402821092796735,7.192847950673404e-06,2.2426363809410822e-11,6.916610587921894e-06,1.0811701716435538e-21,1.3882404182329024e-12,2.762135481472808e-07,1.3653553833668208e-23,4.3711380325310024e-16,2.3764061712308217e-12,2.317092783903324e-10,3.008097119812903e-12,1.7321918126620388e-11,2.901327215378127e-12,3.7237066796368894e-16,1.2959878014292766e-09,2.3243510362325448e-10,0.2385225956590844,-6.605404748763473,-999.999,CaUO2(CO3)3-2,(Hfo_sO)2UO2
9.0,11.8,7.196856730011529e-06,0.0001930697728883,0.0158489319246111,0.001,3.1622776601683795e-05,0.0012649110640673,9.0,11.601157773932467,7.060732792881901e-06,1.361238602855023e-07,0.2593067681338071,98.1085640268205,200.0330087515976,2.301101667343029,7.060732792881901e-06,2.174313434110152e-11,6.796470115195588e-06,7.407348539414213e-21,1.328034618159466e-12,2.6423960651734664e-07,9.107040804284953e-23,4.181488394219888e-16,2.350100311389058e-12,2.9447724828289873e-10,2.49413585721508e-11,8.055446778961158e-10,9.40738680093115e-10,8.530841528645157e-18,1.236025535624327e-07,8.105797071737639e-09,-3.0664791954660444,-5.781289735792667,-999.999,CaUO2(CO3)3-2,(Hfo_sO)2UO2
9.0,11.8,7.196856730011529e-06,0.0001930697728883,0.2511886431509579,0.01,3.1622776601683795e-05,0.0012649110640673,9.0,11.60291724661732,7.047276693887007e-06,1.4957997021808474e-07,0.2593067681338071,97.92159213756808,181.69125658524612,2.2593340285290324,7.047276693887007e-06,2.16744132663932e-11,6.78420610500553e-06,4.2110894723038165e-21,1.3220412143617836e-12,2.630475924269926e-07,5.163328621879484e-23,4.162609533767203e-16,2.320610396101508e-12,2.7244330739820037e-10,1.335667816345626e-11,2.60109698469151e-10,1.7300234151530214e-10,1.0400750242184476e-16,1.1224462472277254e-07,3.4333373241622055e-08,-0.8727664774702895,-6.027738889897963,-999.999,CaUO2(CO3)3-2,(Hfo_sO)2UO2
9.0,11.8,7.196856730011529e-06,0.0005179474679231,0.0039810717055349,0.0001,0.0001778279410038,0.0071131176401556,9.0,11.601068155310925,7.163219880817611e-06,3.3636825846644906e-08,1.4581891162319167,99.53261749600142,146.04255534975098,2.1644794233230686,7.163219880817611e-06,1.398373197886096e-11,7.057876749231937e-06,2.3608524087886544e-20,5.291627276404637e-13,1.053286186909432e-07,1.1141435649810732e-22,2.9617071820048884e-17,1.665240098557513e-13,2.0939391252448238e-11,5.438627773179673e-12,5.374420628627928e-10,1.9263110722828755e-09,1.622208125983344e-19,3.0734538381254217e-08,2.455157843771621e-10,-6.512628196816408,-6.444063114028285,-999.999,CaUO2(CO3)3-2,(Hfo_sO)2UO2
9.0,11.8,7.196856730011529e-06,0.0005179474679231,0.0630957344480193,0.0,0.0001778279410038,0.0071131176401556,9.0,11.601503072397543,7.195376837187432e-06,1.4795027553132408e-09,1.4581891162319167,99.97943695588762,3335.2155972483224,3.5231239131157945,7.195376837187432e-06,1.4051773159781077e-11,7.089480286099133e-06,1.871374883114597e-20,5.319427908260131e-13,1.0588196737232925e-07,8.838293090500618e-23,2.977267723366703e-17,1.6706396966962606e-13,2.0684753479849622e-11,4.256640096375818e-12,3.3644236979291046e-10,9.516058000304672e-10,2.1932842065016713e-18,0.0,0.0,-4.240513205774178,-6.544635713702082,-999.999,UO2(CO3)3-4,(Hfo_sO)2UO2
9.0,11.8,7.196856730011529e-06,0.0013894954943731,0.0039810717055349,1e-05,0.001,0.04,9.0,11.601071029561425,7.1816164081051416e-06,1.5240309525345344e-08,8.2,99.78823641378278,57.46647583375553,1.7594145645796253,7.1816164081051416e-06,1.311707788607348e-11,7.089331901690271e-06,6.386053109317363e-20,4.635503116286167e-13,9.227092578660915e-08,2.628403851160671e-22,4.613588867289572e-18,2.5939875270567487e-14,3.2614925641453268e-12,2.2813169297305066e-12,6.07146259854618e-10,5.860309335754613e-09,2.5207889961269947e-20,8.734835869677917e-09,6.5179117066242516e-12,-8.130973472186469,-6.821333892770944,-999.999,CaUO2(CO3)3-2,(Hfo_sO)2UO2
9.0,11.8,7.196856730011529e-06,0.0013894954943731,0.2511886431509579,0.0001,0.001,0.04,9.0,11.602885183869136,7.187921697735292e-06,8.935019778512174e-09,8.2,99.8758481291009,98.10563809887292,1.9916939668587208,7.187921697735292e-06,1.312875583650208e-11,7.095553866702572e-06,3.7246566189593016e-20,4.639688586763843e-13,9.235423830798758e-08,1.5330515909137098e-22,4.61775457034762e-18,2.57472903920472e-14,3.0361159804552952e-12,1.258394838200119e-12,2.0636247385600894e-10,1.160728544973177e-09,1.164311238331925e-18,7.515258199286674e-09,2.3037921246606775e-11,-4.778398296003552,-7.055469213831289,-999.999,CaUO2(CO3)3-2,(Hfo_sO)2UO2
9.0,11.8,7.196856730011529e-06,0.0013894954943731,0.2511886431509579,0.01,5.623413251903491e-06,0.0002249365300761,9.0,11.602920279978193,3.73459803085874e-07,6.823396926824578e-06,0.0461119886656086,5.189207137173005,1.186941667401626,0.0744293759486177,3.73459803085874e-07,7.706624656562646e-13,3.673122518516121e-07,1.6246600570058758e-21,3.0881562069744265e-14,6.146749690232503e-09,8.597508554791498e-24,5.465916651237838e-17,3.047147640235383e-13,3.5772066088327477e-11,1.2497125426823824e-11,1.734271879185542e-09,8.219478632275844e-09,1.3656807537833855e-17,5.238905848578319e-06,1.574189282957848e-06,-2.636942596833414,-6.056609906451007,-999.999,CaUO2(CO3)3-2,(Hfo_sO)2UO2
9.0,11.8,7.196856730011529e-06,0.0013894954943731,0.2511886431509579,0.01,3.1622776601683795e-05,0.0012649110640673,9.0,11.602920292385022,1.7460396337951983e-06,5.450817095585533e-06,0.2593067681338071,24.261142041553484,1.2353176196483917,0.0917786359161591,1.7460396337951983e-06,3.5172122471152018e-12,1.7186728117772858e-06,7.624611836237069e-21,1.3747228524439065e-13,2.7363167333372632e-08,3.8387594489433865e-23,4.326871035572899e-17,2.412150596799275e-13,2.8317488865555262e-11,9.922436671751268e-12,1.3810932903272662e-09,6.565193752280998e-09,1.0810858584663529e-17,4.184959599437007e-06,1.2576356640486991e-06,-2.839923721457112,-6.156801516796012,-999.999,CaUO2(CO3)3-2,(Hfo_sO)2UO2
9.0,11.8,7.196856730011529e-06,0.0037275937203149,0.001,0.001,1e-06,4e-05,9.0,11.601060478984106,3.896860487180211e-09,7.1929598695826905e-06,0.0081999999999999,0.054146700891376,0.0660683358863344,-1.1800066319609257,3.896860487180211e-09,7.0722139188837215e-15,3.8474291543451044e-09,8.800782178772468e-23,2.4829562549209203e-16,4.9424012325475446e-11,3.575103670323304e-25,2.4712128299972977e-18,1.3895054171509536e-14,1.747214223684542e-12,3.103105983906236e-12,2.0970627761695972e-09,5.1399876091471926e-08,3.391542074939085e-21,6.701946579944188e-06,4.374975946920116e-07,-9.874920681392863,-6.68773920927512,-999.999,CaUO2(CO3)3-2,(Hfo_sO)2UO2
9.0,11.8,7.196856730011529e-06,0.0037275937203149,0.0039810717055349,0.001,0.0001778279410038,0.0071131176401556,9.0,11.601082479563296,7.040953379115989e-07,6.492761392389598e-06,1.4581891162319167,9.783372996372972,0.0743683546939829,-1.1286118266236955,7.040953379115989e-07,1.2779818488795677e-12,6.951617558325974e-07,1.5559804570443982e-20,4.4873754192116757e-14,8.93225922338269e-09,6.322365291733076e-23,2.5115018596942085e-18,1.412015932540985e-14,1.7741080809363922e-12,3.0837996477596957e-12,2.0406571119167053e-09,4.894274275634527e-08,1.3455773303251378e-20,6.065659984394304e-06,3.760990220423425e-07,-8.67717782438691,-6.690148229413035,-999.999,CaUO2(CO3)3-2,(Hfo_sO)2UO2
9.0,11.8,7.196856730011529e-06,0.0037275937203149,0.0158489319246111,0.0001,0.0001778279410038,0.0071131176401556,9.0,11.601167152104196,3.9062363810252455e-06,3.290620346338392e-06,1.4581891162319167,54.27697851391002,0.8140796329344431,-0.0893331105254819,3.9062363810252455e-06,7.346257510771708e-12,3.852978386467444e-06,8.49323783263761e-20,2.6752182336568483e-13,5.325038077838271e-08,3.711927032446857e-22,1.4972893211818416e-17,8.414774362997198e-14,1.0543064388518723e-11,1.8062176247334328e-11,1.1799379047348768e-08,2.786992920919735e-07,3.052934169520433e-19,2.984062359876709e-06,1.5946580127149494e-08,-5.96371258561755,-5.921417560027534,-999.999,CaUO2(CO3)3-2,(Hfo_sO)2UO2
9.0,11.8,7.196856730011529e-06,0.0037275937203149,0.0630957344480193,0.001,3.1622776601683795e-05,0.0012649110640673,9.0,11.601517276228057,3.455312334196236e-07,6.851325496471153e-06,0.2593067681338071,4.801140920017594,0.1944907080293085,-0.711101142657011,3.455312334196236e-07,6.357484797455777e-13,3.4102470531995165e-07,6.2281642408765315e-21,2.2636627269218323e-14,4.505869714558687e-09,2.602272932727828e-23,7.124507084781655e-18,3.9975262329293487e-14,4.945190336534568e-12,7.041808766955546e-12,3.853924934925899e-09,7.541842624787857e-08,5.222463137700485e-19,6.495848490345223e-06,2.7615282967939124e-07,-5.489476547562546,-6.32567096295945,-999.999,CaUO2(CO3)3-2,(Hfo_sO)2UO2
9.0,11.8,7.196856730011529e-06,0.0037275937203149,0.0630957344480193,0.001,0.001,0.04,9.0,11.601517324163584,4.443907305570548e-06,2.75294942199447e-06,8.2,61.74789178502139,0.1968579266236043,-0.7058470933472927,4.443907305570548e-06,8.073585286940879e-12,4.38741544009271e-06,8.038383823654334e-20,2.83761116751592e-13,5.6483508131352794e-08,3.2725149753321014e-22,2.8241913595866268e-18,1.5846396698296403e-14,1.9602952887512098e-12,2.80032648959444e-12,1.5374963034403027e-09,3.018381013976428e-08,2.0702656010370957e-19,2.60982829028683e-06,1.1137927255950985e-07,-6.29321653990953,-6.726145899857265,-999.999,CaUO2(CO3)3-2,(Hfo_sO)2UO2
9.0,11.8,7.196856730011529e-06,0.01,0.0158489319246111,0.0,0.0001778279410038,0.0071131176401556,9.0,11.601189499268749,3.0626815748760783e-06,4.134175152755406e-06,1.4581891162319167,42.555822489899306,0.5080414197172672,-0.2941008790126321,3.0626815748760783e-06,5.705581887868885e-12,3.02171792568616e-06,1.7768942600839116e-19,2.0576474152310283e-13,4.0957737843110166e-08,7.616292690241181e-22,1.1516379538583413e-17,6.471545707383789e-14,8.100960543224858e-12,3.703054238015191e-11,6.458494532510369e-08,4.069480387442e-06,2.3227896590034747e-19,0.0,0.0,-6.208367140175497,-5.609276367255367,-999.999,UO2(CO3)3-4,(Hfo_sO)2UO2
9.0,11.8,7.196856730011529e-06,0.01,0.0630957344480193,0.0,0.001,0.04,9.0,11.601535587494832,6.273731033441925e-06,9.231256925079952e-07,8.2,87.17321003876474,0.8288027910274208,-0.0815487950918842,6.273731033441925e-06,1.143858598611074e-11,6.193401360855809e-06,3.1364508176494104e-19,4.035001576976868e-13,8.031783049965768e-08,1.2862376730831633e-21,4.0159237822941365e-18,2.2531252727764892e-14,2.7858642175366337e-12,1.1001944439769311e-11,1.6703365139630527e-08,9.06386089305596e-07,2.9377004151828493e-19,0.0,0.0,-5.995869805405576,-6.131705281601988,-999.999,UO2(CO3)3-4,(Hfo_sO)2UO2
9.0,11.8,3.727593720314938e-05,2.6826957952797277e-05,0.0630957344480193,0.0001,1e-06,4e-05,9.0,11.601501803969446,8.25997468689082e-06,2.9015949588436477e-05,0.0081999999999999,22.158999361638987,34.715871804782694,1.5405280759803677,8.25997468689082e-06,5.1809175661011035e-11,4.913249990368756e-07,6.6410280790265e-23,6.38148546118896e-11,7.768534063823672e-06,3.32051563047326e-22,1.038519504586053e-12,5.827497578477761e-09,7.215376547388883e-07,7.603097617580607e-09,3.077142202328131e-08,4.456706364880897e-09,7.650941544415752e-14,4.3927183370985795e-08,2.138760464600808e-10,4.845272310728113,-3.292718887987256,-999.999,UO2(OH)2,(Hfo_wO)2UO2
9.0,11.8,3.727593720314938e-05,2.6826957952797277e-05,1.0,0.0001,0.001,0.04,9.0,11.608338236396158,3.727572467744669e-05,1.524470627676497e-10,8.2,99.999429858191,29819.00733334499,4.47449318181227,3.727572467744669e-05,7.23174516893373e-11,3.673440992916929e-05,2.285055653928812e-21,2.7191389615630458e-12,5.412397116867543e-07,1.064665957924948e-23,2.7063493970932778e-17,1.471561591031551e-13,1.44095736846862e-11,7.441931828175203e-14,1.6983660210559173e-13,1.1320223628625596e-14,2.310377576033276e-17,5.0718331543539365e-14,9.161213813353418e-17,-2.1775561202587923,-8.213792421566573,-999.999,UO2(OH)2,(Hfo_sO)2UO2
9.0,11.8,3.727593720314938e-05,7.196856730011514e-05,0.0158489319246111,0.0001,0.0001778279410038,0.0071131176401556,9.0,11.60115410343546,3.727275436256097e-05,3.1258112529220113e-09,1.4581891162319167,99.9914614069364,8177.393270519056,3.912614884521004,3.727275436256097e-05,1.1028205430658332e-10,3.5988742932009764e-05,1.5451512983797334e-20,6.452324590402801e-12,1.283894696172291e-06,1.7431458997665574e-22,3.612548500167903e-16,2.030376282831487e-12,2.545261567733211e-10,8.492021073599343e-12,1.0799965154422954e-10,4.9685159482341205e-11,7.423720793916873e-18,6.703997143990542e-10,4.516832606377087e-12,-3.188302077828098,-6.249381979664751,-999.999,CaUO2(CO3)3-2,(Hfo_sO)2UO2
9.0,11.8,3.727593720314938e-05,7.196856730011514e-05,0.2511886431509579,1e-05,1e-06,4e-05,9.0,11.60288098359464,8.304950724706157e-06,2.897097350116042e-05,0.0081999999999999,22.279656389174534,34.95908996037146,1.5435601187468877,8.304950724706157e-06,5.215323215317664e-11,4.913809059184694e-07,1.3298015911136137e-22,6.442042636114544e-11,7.813453245129174e-06,6.686696156732402e-22,1.0522388589290489e-12,5.867099063137914e-09,6.919868011288376e-07,1.4785915246943562e-08,1.2498315379153294e-07,3.6242658838265024e-08,2.653954699925032e-13,2.3961092305487265e-08,7.501679027966875e-12,5.938144936924509,-2.9855170922554937,-999.999,UO2(OH)2,(Hfo_wO)2UO2
9.0,11.8,3.727593720314938e-05,0.0001930697728883,0.0039810717055349,0.01,0.0001778279410038,0.0071131176401556,9.0,11.60110322898713,3.674229462480631e-05,5.336389718031945e-07,1.4581891162319167,98.56839929889682,47.21770605401589,1.6741048842191522,3.674229462480631e-05,1.0778311428698831e-10,3.5498859339977505e-05,2.6822856862339408e-20,6.248347909960306e-12,1.2433212533665803e-06,2.970803939776155e-22,3.498300433300027e-16,1.9666256447844667e-12,2.46147400174652e-10,1.4446302292031548e-11,3.2392045301222353e-10,2.622581569150671e-10,1.758300355234107e-18,3.272677164031978e-07,2.0355711556034966e-07,-4.434212820170806,-6.01785226250173,-999.999,CaUO2(CO3)3-2,(Hfo_sO)2UO2
9.0,11.8,3.727593720314938e-05,0.0001930697728883,1.0,0.0,0.001,0.04,9.0,11.608338260138378,3.727571233170799e-05,1.6571504579304377e-10,8.2,99.9993967383297,27431.53800720477,4.43825015792596,3.727571233170799e-05,7.231742576045897e-11,3.673439779274393e-05,1.6457010147091565e-20,2.719137910097048e-12,5.412395024003668e-07,7.667742120995052e-23,2.7063482835850727e-17,1.4715608246719984e-13,1.440998833840128e-11,5.359849285550469e-13,8.809265726130464e-12,4.2288056176954175e-12,2.3104284399986384e-17,0.0,0.0,-2.177619936461319,-7.356338301895679,-999.999,UO2(OH)2,(Hfo_sO)2UO2
9.0,11.8,3.727593720314938e-05,0.0005179474679231,0.001,0.0,0.001,0.04,9.0,11.60104587058166,3.7273174371050585e-05,2.7514115849461233e-09,8.2,99.9925881619455,1652.0643783395728,3.2180269670841586,3.7273174371050585e-05,7.231211663084901e-11,3.673190253992234e-05,1.2893624849800642e-19,2.7189233716742527e-12,5.411968000881158e-07,6.007403824206573e-22,2.7061312828841334e-17,1.5216969591812434e-13,1.915032481798672e-11,5.218541352212022e-12,5.407693580202975e-10,2.033965965124692e-09,3.930601913013936e-20,0.0,0.0,-7.763436115438118,-6.462319531668101,-999.999,UO2(CO3)3-4,(Hfo_sO)2UO2
9.0,11.8,3.727593720314938e-05,0.0005179474679231,0.0039810717055349,1e-05,1e-06,4e-05,9.0,11.601067623245932,5.141802657187946e-06,3.21341318143378e-05,0.0081999999999999,13.79389236859623,19.51349139158429,1.2903349811547524,5.141802657187946e-06,3.179899550657921e-11,4.860440814459372e-07,1.385770723592028e-21,3.0485820514181e-11,4.655696290925982e-06,4.197593365376606e-21,3.954769532945634e-13,2.2236016387148892e-09,2.796102785246436e-07,6.190093993962377e-08,5.213779084686791e-06,1.5928260450762862e-05,2.166073546368943e-15,7.189621060723206e-06,1.6248152789851495e-09,1.7391478804396885,-2.3878630973566235,-999.999,UO2(CO3)3-4,(Hfo_wO)2UO2
9.0,11.8,3.727593720314938e-05,0.0005179474679231,0.0039810717055349,1e-05,5.623413251903491e-06,0.0002249365300761,9.0,11.601067719233203,1.8180102470306117e-05,1.909582766444681e-05,0.0461119886656086,48.7716844548448,20.646383395339605,1.3148439877597025,1.8180102470306117e-05,1.215460313868455e-10,2.697811644123229e-06,8.208204125389726e-21,9.019440693933568e-11,1.5482079085744537e-05,1.4895867649235387e-20,1.8511432523057097e-13,1.040820031487287e-09,1.308806935084041e-07,3.0920099548663504e-08,2.7791569573829945e-06,9.060446457954366e-06,1.0162388523014052e-15,5.925032382821061e-06,1.939975253912584e-09,1.079996921620026,-2.689323448371642,-999.999,UO2(CO3)3-4,(Hfo_wO)2UO2
9.0,11.8,3.727593720314938e-05,0.0005179474679231,0.0630957344480193,0.0,3.1622776601683795e-05,0.0012649110640673,9.0,11.601503110140364,3.55311363572323e-05,1.7447779226923575e-06,0.2593067681338071,95.31923010705772,78.53352433018337,1.8950550876192196,3.55311363572323e-05,2.926627414365205e-10,1.439289218811118e-05,3.7687405216492677e-20,1.0986357219963619e-10,2.1137841642807427e-05,1.750285137372433e-20,3.5773140807081464e-14,2.0073444605285003e-10,2.4853526297518992e-08,5.073486600670042e-09,3.977895792864089e-07,1.1160960391569295e-06,2.6357920516215515e-15,0.0,0.0,1.9189533307985585,-3.468394763053457,-999.999,UO2(CO3)3-4,(Hfo_wO)2UO2
9.0,11.8,3.727593720314938e-05,0.0005179474679231,0.2511886431509579,0.0,0.001,0.04,9.0,11.60288226270068,3.7275208597575904e-05,6.918793299995278e-10,8.2,99.9980453728916,6570.158912030142,3.817575873940781,3.7275208597575904e-05,7.231637006980677e-11,3.673390256465137e-05,7.200344458965885e-20,2.719095180847559e-12,5.412309974592141e-07,3.3548172323618084e-22,2.7063041256470848e-17,1.5089787585208325e-13,1.779654893540694e-11,2.7542854197560765e-12,1.686355007912074e-10,3.541891149703801e-10,6.82561212749922e-18,0.0,0.0,-3.241708994810928,-6.715337196860473,-999.999,UO2(CO3)3-4,(Hfo_sO)2UO2
9.0,11.8,3.727593720314938e-05,0.0013894954943731,0.0039810717055349,1e-05,1e-06,4e-05,9.0,11.601070732512316,9.310517075597762e-07,3.634488548008657e-05,0.0081999999999999,2.4977285010586217,3.1240404163066287,0.4947166437921406,9.310517075597762e-07,7.731053330190736e-12,4.472368483256633e-07,3.719948062289739e-21,2.490777242549273e-12,4.838046374035352e-07,1.2725337951077046e-21,2.5404448095201313e-14,1.4283654988215784e-10,1.7958648791124418e-08,1.159881925710285e-08,2.850416743306203e-06,2.540432490068e-05,1.3849332786978134e-16,7.916093312946566e-06,1.2348632612091766e-09,-0.6499644090704955,-3.1150909375961118,-999.999,UO2(CO3)3-4,(Hfo_wO)2UO2
9.0,11.8,3.727593720314938e-05,0.0037275937203149,0.0039810717055349,0.001,3.1622776601683795e-05,0.0012649110640673,9.0,11.601082177582397,7.209828359447189e-07,3.65549543649366e-05,0.2593067681338071,1.934177622457751,0.0760614897615344,-1.1188351726283856,7.209828359447189e-07,1.3581819650748665e-12,7.111195472152719e-07,1.555432758672151e-20,4.954462271180043e-14,9.861881002843596e-09,6.821319355842493e-23,1.5593489288295045e-17,8.766979747283535e-14,1.101525277911535e-11,1.8710685478511416e-11,1.2099308648921252e-08,2.835758093061203e-07,8.356133178387966e-20,3.419605970350577e-05,2.063102097715944e-06,-7.090888003576637,-5.9071480690799145,-999.999,CaUO2(CO3)3-2,(Hfo_sO)2UO2
9.0,11.8,3.727593720314938e-05,0.0037275937203149,1.0,0.01,1e-06,4e-05,9.0,11.608379924445568,9.2453166634071e-08,3.7183484036627545e-05,0.0081999999999999,0.2480237213895182,0.3032200104670919,-0.5182421415997562,9.2453166634071e-08,2.022087921463894e-13,9.074007742327588e-08,7.143545431839774e-22,8.605849044743345e-15,1.712878396153232e-09,4.2642356579228436e-24,8.565859149104646e-17,4.656741517739306e-13,4.5396686901064417e-11,2.968358955394286e-11,8.609942679425243e-09,7.262981296680023e-08,7.297675100248693e-17,3.158692351172315e-05,5.5148100074522645e-06,-1.1784581512139385,-5.61111440547835,-999.999,CaUO2(CO3)3-2,(Hfo_sO)2UO2
9.0,11.8,3.727593720314938e-05,0.01,0.001,0.001,3.1622776601683795e-05,0.0012649110640673,9.0,11.60108263647134,5.03708767924746e-08,3.722556632665006e-05,0.2593067681338071,0.1351297393757247,0.0052182435458408,-2.282475655372541,5.03708767924746e-08,9.100887339898029e-14,4.9737669687495564e-08,3.021054165780797e-21,3.180618667967732e-15,6.331129154839296e-10,1.2160578942622378e-23,1.00104141865944e-18,5.628048434271639e-15,7.070979905769136e-13,3.335347763605169e-12,5.989605285888662e-09,3.898264307907808e-07,1.3463651319189329e-21,3.523633556256984e-05,1.5934050543218005e-06,-10.685100647337222,-6.656074874788873,-999.999,CaUO2(CO3)3-2,(Hfo_sO)2UO2
9.0,11.8,0.0001930697728883,1e-05,0.0158489319246111,0.0001,0.0001778279410038,0.0071131176401556,9.0,11.601154049178296,0.0001928543452866,2.1387320761033238e-07,1.4581891162319167,99.88841981916912,618.3853514558558,2.7912591933015376,0.0001928543452866,1.593143158286596e-09,8.069756130457493e-05,4.813916440417862e-21,5.817858525652627e-10,0.000112154609053,2.11570573330302e-21,3.3621934366797783e-14,1.8896686141394766e-10,2.368878823876395e-08,1.0981333347926824e-10,1.9404344225014978e-10,1.2403295977837078e-11,6.929336890984903e-16,1.6794934025626578e-10,1.1355695513228705e-12,0.7494204655128875,-5.137739166869128,-999.999,UO2(OH)2,(Hfo_wO)2UO2
9.0,11.8,0.0001930697728883,1e-05,1.0,0.0,1e-06,4e-05,9.0,11.608338080727837,1.0771726304963538e-05,0.0001822979611987,0.0081999999999999,5.579188364816744,7.20592348100739,0.8576896460806528,1.0771726304963538e-05,7.517150857335215e-11,4.939691640970374e-07,1.1454616385961004e-23,1.0621324693437252e-10,1.0277575756110994e-05,7.536529386566907e-23,2.1745875097536603e-12,1.1824200353323464e-08,1.1578714416758283e-06,2.2292114815125092e-09,1.896436518725491e-09,4.712149058628387e-11,1.856435608302974e-12,0.0,0.0,7.632440021418425,-3.737342400524916,-999.999,UO2(OH)2,(Hfo_wO)2UO2
9.0,11.8,0.0001930697728883,1e-05,1.0,1e-05,0.001,0.04,9.0,11.608338007978032,0.0001930665210675,1.6978687918937796e-09,8.2,99.99831572765852,13867.206820441072,4.141988992823049,0.0001930665210675,5.450240727230066e-10,0.0001870312544448,4.3394194128084714e-21,3.0326068771460084e-11,6.034691272541342e-06,4.4276419932953563e-23,3.019191655351892e-16,1.641669458602356e-12,1.6075855434220832e-10,3.0967165873457624e-13,2.635879570102872e-13,6.553042804768362e-15,2.577597271953241e-16,2.9363529814927263e-15,5.304773616294848e-19,-0.0825409607925635,-7.594591876741582,-999.999,UO2(OH)2,(Hfo_sO)2UO2
9.0,11.8,0.0001930697728883,1e-05,1.0,0.001,1e-06,4e-05,9.0,11.608341528992108,1.0771835412460586e-05,0.0001822978520903,0.0081999999999999,5.579244876768571,7.206000783176484,0.8576943049873833,1.0771835412460586e-05,7.517275749187582e-11,4.939692618534201e-07,1.1369569289788298e-23,1.0621556434631107e-10,1.0277684762285328e-05,7.480650773096826e-23,2.1746593382923768e-12,1.1824403145898371e-08,1.1573935272231278e-06,2.211816780387909e-09,1.868441090340934e-09,4.6081170010346285e-11,1.856097282542668e-12,2.0642984264290653e-09,3.726793182618772e-11,7.632434216704393,-3.7405646781238033,-999.999,UO2(OH)2,(Hfo_wO)2UO2
9.0,11.8,0.0001930697728883,2.6826957952797277e-05,0.001,0.0001,3.1622776601683795e-05,0.0012649110640673,9.0,11.601044571010128,0.0001870273027828,6.040970927029234e-06,0.2593067681338071,96.8703179088538,119.3945251710001,2.076984412701746,0.0001870273027828,1.144999797998603e-09,1.5422239855304515e-05,2.746151059630723e-21,1.183106339722913e-09,0.0001716027348213,9.662759598490344e-21,5.110186419876258e-13,2.873549307687673e-09,3.6163921340864443e-07,4.9990636402095286e-09,2.6277901675689865e-08,5.0138074716239935e-09,7.681084177347694e-16,9.358832195387945e-08,8.752872852051309e-10,0.7903167798193209,-3.480986286596038,-999.999,UO2(OH)2,(Hfo_wO)2UO2
9.0,11.8,0.0001930697728883,2.6826957952797277e-05,0.0039810717055349,1e-05,1e-06,4e-05,9.0,11.60106627898561,1.051695198066086e-05,0.0001825527374025,0.0081999999999999,5.447228648652347,7.02566906331678,0.8466876889572434,1.051695198066086e-05,7.232393346415374e-11,4.937375527076604e-07,8.525617459867679e-23,1.0094009534067007e-10,1.0023041163924392e-05,5.4730472320579865e-22,2.01390095602241e-12,1.1323393565100297e-08,1.4239987912898983e-06,1.9092478682988708e-08,9.738621171942708e-08,1.8018853503912484e-08,1.1060293957064964e-14,3.0043861613312615e-08,2.5082965196335856e-11,3.155838440735863,-2.898732209815948,-999.999,UO2(OH)2,(Hfo_wO)2UO2
9.0,11.8,0.0001930697728883,2.6826957952797277e-05,0.0158489319246111,0.01,1e-06,4e-05,9.0,11.601190518468636,1.0505860419733912e-05,0.0001825638292018,0.0081999999999999,5.441483802754919,7.017833137115761,0.846203037790561,1.0505860419733912e-05,7.220299997524991e-11,4.937273149964482e-07,3.68171931553974e-23,1.0071663741080534e-10,1.0011960185100078e-05,2.360927413980867e-22,2.007213280924565e-12,1.1279336079487584e-08,1.4073325910004257e-06,8.157934909824861e-09,1.8101750064789946e-08,1.4463855865866334e-09,3.899546098596143e-14,1.6550956741841691e-06,9.414241061211088e-07,4.259299526581778,-3.264842956970001,-999.999,CaUO2(CO3)3-2,(Hfo_wO)2UO2
9.0,11.8,0.0001930697728883,2.6826957952797277e-05,0.2511886431509579,0.0,0.0001778279410038,0.0071131176401556,9.0,11.602880961802656,0.0001928600896,2.081296426535168e-07,1.4581891162319167,99.89139507175,635.4692984440251,2.8030945732402506,0.0001928600896,1.5931870874686472e-09,8.069776715164183e-05,8.192241281693651e-21,5.818155176394359e-10,0.0001121601474457,3.6006407156569276e-21,3.3623702669337474e-14,1.8747987926318198e-10,2.2112163623978585e-08,1.7723692183938109e-10,5.619892001973262e-10,6.113208191147142e-11,8.482552122517317e-15,0.0,0.0,2.947234561434694,-4.906813246817414,-999.999,UO2(OH)2,(Hfo_wO)2UO2
9.0,11.8,0.0001930697728883,2.6826957952797277e-05,0.2511886431509579,0.01,1e-06,4e-05,9.0,11.60291706792472,1.057498600594068e-05,0.0001824947030611,0.0081999999999999,5.477287225099415,7.066684227632136,0.8492156854478989,1.057498600594068e-05,7.296073362165608e-11,4.937909075953683e-07,3.6676761054030505e-23,1.021174313452076e-10,1.0081020020180343e-05,2.3678400625757433e-22,2.049299756494243e-12,1.1424636864265764e-08,1.3412688021495236e-06,7.868462465784375e-09,1.8335859084317942e-08,1.459315346823574e-09,5.120391264317477e-13,9.489814274653908e-07,2.9093956024078937e-07,6.5118134180301865,-3.257546624456138,-999.999,UO2(OH)2,(Hfo_wO)2UO2
9.0,11.8,0.0001930697728883,2.6826957952797277e-05,1.0,1e-05,1e-06,4e-05,9.0,11.608338152615158,1.077162537723261e-05,0.0001822980621298,0.0081999999999999,5.5791360895540665,7.205851974149493,0.8576853364057068,1.077162537723261e-05,7.517035330831114e-11,4.939690736756962e-07,3.0703591332111385e-23,1.0621110330275334e-10,1.0277474922100304e-05,2.0201138356887116e-22,2.1745210684600202e-12,1.1823835168111268e-08,1.157829088962755e-06,5.9750890191647755e-09,1.362518646875948e-08,9.074691544091981e-10,1.8563751190366258e-12,4.065688989379095e-10,7.343917306828922e-14,7.632406370060064,-3.309146962813497,-999.999,UO2(OH)2,(Hfo_wO)2UO2
9.0,11.8,0.0001930697728883,7.196856730011514e-05,0.001,0.0,0.001,0.04,9.0,11.601044367879664,0.0001930661251346,2.100200368799856e-09,8.2,99.99811065519788,11210.6681612068,4.049631497526067,0.0001930661251346,5.450223415384169e-10,0.0001870308849109,9.160414413385304e-20,3.032593607756497e-11,6.034664875343405e-06,9.346627830849185e-22,3.0191783405839983e-16,1.6977396191204816e-12,2.1367106179556707e-10,8.124242311491027e-12,1.1746063726732334e-10,6.164447318853607e-11,4.565848380488608e-19,0.0,0.0,-5.664490828049168,-6.270109440025561,-999.999,UO2(OH)2,(Hfo_sO)2UO2
9.0,11.8,0.0001930697728883,7.196856730011514e-05,0.001,0.0001,5.623413251903491e-06,0.0002249365300761,9.0,11.601044714914716,5.7010625701567176e-05,0.0001360586963355,0.0461119886656086,29.52850922683954,9.086897928130826,0.9584156497099948,5.7010625701567176e-05,3.8423308985401755e-10,2.774475268863254e-06,1.1106332184637325e-21,5.262294059000882e-10,5.423523997020816e-05,6.865487282226502e-21,1.7987867796328734e-12,1.0114893381834693e-08,1.2729624371984712e-06,3.9558712177426137e-08,4.674759671891639e-07,2.005160264264498e-07,2.597175388098564e-15,3.594586588257667e-06,3.2286537039315595e-08,1.8830623182931845,-2.582630512080768,-999.999,CaUO2(CO3)3-2,(Hfo_wO)2UO2
9.0,11.8,0.0001930697728883,0.0013894954943731,0.0630957344480193,0.0,5.623413251903491e-06,0.0002249365300761,9.0,11.60150523188936,3.6210701896002834e-05,0.0001568589815079,0.0461119886656086,18.75524135875364,5.0062634467853,0.6995136999415338,3.6210701896002834e-05,2.213870171399229e-10,2.747936432550889e-06,1.352357911735712e-20,2.393077308000634e-10,3.346230476870394e-05,5.207638324583762e-20,6.029312878407665e-13,3.383205745174697e-09,4.187560702183361e-07,1.606663408605578e-07,2.3683056408548036e-05,0.0001248885759214,4.434576541470063e-14,0.0,0.0,4.370546514888108,-1.9676472146843569,-999.999,UO2(CO3)3-4,(Hfo_wO)2UO2
9.0,11.8,0.0001930697728883,0.0037275937203149,0.001,0.0,0.0001778279410038,0.0071131176401556,9.0,11.601057118379527,8.755315148235453e-05,0.0001055166188251,1.4581891162319167,45.347933118975,0.5690324907521023,-0.2448629354476365,8.755315148235453e-05,5.781589180596552e-10,6.943599201567475e-05,1.5592540633478541e-18,9.147910977446544e-11,1.811648982865026e-05,1.2864896435963557e-19,5.146118986566601e-15,2.8935876288677303e-11,3.639232750677535e-09,6.3449534658226755e-09,4.208664468497159e-06,0.0001012690051056,7.619469898674386e-18,0.0,0.0,-3.2324097221043857,-3.377187936489923,-999.999,UO2(CO3)3-4,(Hfo_sO)2UO2
9.0,11.8,0.0001930697728883,0.0037275937203149,0.0630957344480193,0.0,1e-06,4e-05,9.0,11.601512837616818,9.274402578723316e-07,0.0001921423326044,0.0081999999999999,0.4803653332149409,0.588638999741202,-0.2301509674975322,9.274402578723316e-07,7.700682582130246e-12,4.4705081812621074e-07,7.178373418046332e-21,2.4727083666923777e-12,4.803792663551626e-07,2.439233675024698e-21,2.5215730556127104e-14,1.4148712833279975e-10,1.7505360261387223e-08,2.191540251525932e-08,1.0544108354517364e-05,0.0001814174310059,1.8500900898215565e-15,0.0,0.0,1.609370289991407,-2.8326592923113685,-999.999,UO2(CO3)3-4,(Hfo_wO)2UO2
9.0,11.8,0.0001930697728883,0.0037275937203149,0.0630957344480193,0.0,5.623413251903491e-06,0.0002249365300761,9.0,11.601512873904396,5.125377809194993e-06,0.0001879443949295,0.0461119886656086,2.654676458421901,0.5914018157636579,-0.2281173464062378,5.125377809194993e-06,4.254202038673589e-11,2.5091920329733124e-06,4.0448663110840697e-20,1.345583952900962e-11,2.6161297783617115e-06,1.3336121895887088e-20,2.4382168457552843e-14,1.3680993352207362e-10,1.692676895618385e-08,2.1274224100583145e-08,1.027573443447101e-05,0.0001774937822746,1.7890643723561724e-15,0.0,0.0,1.580182646936155,-2.845557400320307,-999.999,UO2(CO3)3-4,(Hfo_wO)2UO2
9.0,11.8,0.001,1e-05,0.001,0.01,0.0001778279410038,0.0071131176401556,9.0,11.601081811542262,0.0009949927864148,4.9665233204713625e-06,1.4581891162319167,99.4992786414834,137.3895182593936,2.1379536007311826,0.0009949927864148,6.1094150065234195e-09,8.660828119036042e-05,3.3117408191315167e-21,6.1288902761253106e-09,0.0009083722669191,1.0984006665398445e-20,4.607098643757509e-13,2.590209788325413e-09,3.244363193357317e-07,9.63410840676501e-10,1.0924997686073812e-09,4.476290618802419e-11,7.444083243373574e-16,5.770814296802087e-08,3.71059042577471e-08,0.6118233221567166,-4.194075567600091,-999.999,UO2(OH)2,(Hfo_wO)2UO2
9.0,11.8,0.001,1e-05,0.2511886431509579,0.0,0.0001778279410038,0.0071131176401556,9.0,11.60288162274705,0.0009952771384635,4.68216487215332e-06,1.4581891162319167,99.52771384635474,145.77514218458444,2.163683473690752,0.0009952771384635,6.111045016828478e-09,8.660887722450668e-05,3.2763869271382814e-21,6.131461817709345e-09,0.0009086560187322,1.0870068564434578e-20,4.609525654227887e-13,2.570182978417191e-09,3.031312611915232e-07,9.054154247825011e-10,1.069847283081309e-09,4.3366519093640136e-11,1.163767220994569e-13,0.0,0.0,5.221198118862709,-4.198510987758287,-999.999,UO2(OH)2,(Hfo_wO)2UO2
9.0,11.8,0.001,1e-05,1.0,0.0001,0.001,0.04,9.0,11.608338832741143,0.0009997954566201,1.6369928276279801e-07,8.2,99.9795456620168,744.8186280342715,2.872050529884303,0.0009997954566201,8.295412180525753e-09,0.0004504538397539,1.0444545849094614e-20,2.8376554955021683e-09,0.0005493304837985,4.02784701823074e-21,2.9041121903894024e-14,1.5790896118677724e-10,1.5462186928728017e-08,2.9766201226228885e-11,2.5321645512600177e-11,6.291166685584933e-13,2.479730660899239e-14,2.8187566851134944e-12,5.091605448099543e-15,3.8836606353638494,-5.611747342766956,-999.999,UO2(OH)2,(Hfo_wO)2UO2
9.0,11.8,0.001,2.6826957952797277e-05,1.0,0.001,0.001,0.04,9.0,11.60834197311599,0.000999794717176,1.644426985078264e-07,8.2,99.97947171760812,741.4508891416086,2.870082390319024,0.000999794717176,8.295406243827193e-09,0.0004504538094382,2.784610248775966e-20,2.837651728658965e-09,0.0005493297746798,1.0738590768703164e-20,2.9041082175883906e-14,1.579064615151076e-10,1.5455939480111063e-08,7.932961559288747e-11,1.7998698500305238e-10,1.1922168491332188e-11,2.479247244237827e-14,5.339766163051788e-10,9.638237498570167e-12,3.883621704911661,-5.185873051106977,-999.999,UO2(OH)2,(Hfo_wO)2UO2
9.0,11.8,0.001,7.196856730011514e-05,0.0039810717055349,1e-05,0.0001778279410038,0.0071131176401556,9.0,11.601067185609589,0.0009947107278077,5.248658313803719e-06,1.4581891162319167,99.4710727807718,129.96746499663766,2.1138346481464687,0.0009947107278077,6.107798368902022e-09,8.660769564877507e-05,4.007446689825913e-20,6.126339821089726e-09,0.0009080907980207,1.3287416397228464e-19,4.604691539091845e-13,2.589030840457502e-09,3.2557849046864815e-07,1.1697515073647552e-08,1.5989065555598176e-07,7.927465365464234e-08,2.695368568311464e-15,1.2993253684601324e-07,1.066309510938576e-10,1.8731765273867536,-3.111488187022561,-999.999,UO2(OH)2,(Hfo_wO)2UO2
9.0,11.8,0.001,7.196856730011514e-05,0.0630957344480193,0.001,3.1622776601683795e-05,0.0012649110640673,9.0,11.601506241267858,0.0003752077274429,0.0006247770578455,0.2593067681338071,37.52077274429298,2.31596956635323,0.3647328481246136,0.0003752077274429,2.819448157054688e-09,1.5649659085674867e-05,3.754435727573679e-21,4.186219117962973e-09,0.0003595510626899,2.7277236518769896e-20,3.053514295174868e-12,1.7133990712041644e-08,2.120477326035031e-06,3.9660326617139044e-08,2.850227611772954e-07,7.32688433713129e-08,2.2464161671514505e-13,7.1085860793458165e-06,3.405364888872175e-07,5.779971333931918,-2.5751602497351787,-999.999,CaUO2(CO3)3-2,(Hfo_wO)2UO2
9.0,11.8,0.001,0.0001930697728883,0.001,0.001,5.623413251903491e-06,0.0002249365300761,9.0,11.601048938445771,6.872471791141505e-05,0.0009312725002871,0.0461119886656086,6.872471791141505,1.600377123445834,0.2042223347387966,6.872471791141505e-05,5.311972301658582e-10,2.7845489604824584e-06,9.719098759972464e-22,8.007169276582121e-10,6.593883703677475e-05,7.278006179094299e-21,3.425531437975389e-12,1.9261989106514973e-08,2.423018150439997e-06,6.565706327006047e-08,6.768153987709888e-07,2.531286878508537e-07,4.8406017775716916e-15,4.137243309444609e-05,3.3865938544452325e-06,2.4239814814219542,-2.362400905621188,-999.999,CaUO2(CO3)3-2,(Hfo_wO)2UO2
9.0,11.8,0.001,0.0001930697728883,0.0630957344480193,1e-05,0.001,0.04,9.0,11.601502968094891,0.0009996352382171,3.242648032939366e-07,8.2,99.9635238217194,375.94809899070543,2.575127893125116,0.0009996352382171,8.294125650845947e-09,0.0004504470606891,4.421985093937281e-19,2.836840483316493e-09,0.0005491770465619,1.7048489014380735e-19,2.9032541512474924e-14,1.629109107774767e-10,2.017069375859833e-08,1.5437043242970624e-09,4.537661439884821e-08,4.773155757436259e-08,2.147881319021232e-15,4.656870303523682e-08,2.244337815790705e-11,1.737932384336652,-3.985141427379752,-999.999,UO2(CO3)3-4,(Hfo_wO)2UO2
9.0,11.8,0.001,0.0005179474679231,0.001,0.0001,0.0001778279410038,0.0071131176401556,9.0,11.6010464640689,0.0009295639304049,7.039958977090514e-05,1.4581891162319167,92.95639304049848,9.05514236614868,0.9568952827391703,0.0009295639304049,5.73939336265157e-09,8.646466943939643e-05,1.8703794259714468e-19,5.551535103429173e-09,0.0008430879700371,5.767185539661199e-19,4.0726692769724613e-13,2.290114879367527e-09,2.8818868846689816e-07,4.839625024117733e-08,3.090730990147388e-06,7.163944916669771e-06,7.302135832601888e-16,5.594807415395368e-05,2.189069670128806e-07,0.5885978079643053,-2.495029824408906,-999.999,CaUO2(CO3)3-2,(Hfo_wO)2UO2
9.0,11.8,0.001,0.0005179474679231,0.2511886431509579,1e-05,0.001,0.04,9.0,11.60288316211546,0.0009989854280318,9.753726605554037e-07,8.2,99.89854280318752,124.9035329266124,2.0965747226722384,0.0009989854280318,8.288906433560961e-09,0.0004504194944652,8.789180485093203e-19,2.833535497819575e-09,0.0005485548111246,3.3849420061278413e-19,2.899775154451236e-14,1.6168474737044434e-10,1.9068051796794945e-08,2.937839535974537e-09,1.7907160755648917e-07,3.744190493938378e-07,7.320326792472298e-15,2.402298722860886e-07,7.298416221623989e-11,2.8181749102333318,-3.687304471586621,-999.999,UO2(CO3)3-4,(Hfo_wO)2UO2
9.0,11.8,0.001,0.0005179474679231,0.2511886431509579,0.0001,1e-06,4e-05,9.0,11.602883294345812,1.2320178841689192e-05,0.0009876793258325,0.0081999999999999,1.232017884168919,1.5212030818665625,0.1821871965951103,1.2320178841689192e-05,9.601431333110463e-11,4.952475413334752e-07,6.1948528459155575e-22,1.4532813259713314e-10,1.1824689957909782e-05,4.677334490514305e-21,3.5385053120359324e-12,1.972987416549653e-08,2.3266848922395497e-06,2.2979327210437418e-07,8.979190480686357e-06,1.2034993247404992e-05,8.922668281603685e-13,4.417719092445871e-05,7.678194943116495e-08,6.991201001646424,-1.7939714817488053,-999.999,CaUO2(CO3)3-2,(Hfo_wO)2UO2
9.0,11.8,0.001,0.0013894954943731,0.0039810717055349,1e-05,1e-06,4e-05,9.0,11.601069881415562,1.1959437662754854e-05,0.0009880400898612,0.0081999999999999,1.1959437662754857,1.4761222976872357,0.1691223405564152,1.1959437662754854e-05,9.05217372505472e-11,4.949676821399058e-07,1.723569576636795e-21,1.3494822423915918e-10,1.1464244510653445e-05,1.2624012509867376e-20,3.1470172704762967e-12,1.769417896738705e-08,2.223928483500945e-06,6.013263217991989e-07,6.188751981762637e-05,0.0002309165468949,1.7001036256865543e-14,9.72316480282253e-06,2.0488933437421927e-10,3.529077389205245,-1.4002488976559064,-999.999,UO2(CO3)3-4,(Hfo_wO)2UO2
9.0,11.8,0.001,0.0013894954943731,0.0158489319246111,0.001,5.623413251903491e-06,0.0002249365300761,9.0,11.601158436145043,6.572962242444255e-05,0.0009342677289708,0.0461119886656086,6.572962242444254,1.5257238573641825,0.1834759372393158,6.572962242444255e-05,4.874317657083744e-10,2.782182236362582e-06,2.7712809614111228e-21,7.181843140602334e-10,6.294623457200017e-05,1.9827353087263724e-20,2.886777012210693e-12,1.6224354169108166e-08,2.032929331132546e-06,1.5736527569122253e-07,4.64518706311806e-06,4.957904906147013e-06,5.89313299347058e-14,0.0003828170093302,1.4753156298115329e-05,4.611454840816574,-1.981291776925297,-999.999,CaUO2(CO3)3-2,(Hfo_wO)2UO2
9.0,11.8,0.001,0.0013894954943731,1.0,0.0001,0.001,0.04,9.0,11.608341760360965,0.0009912238790064,8.741892839996419e-06,8.2,99.1223879006495,13.827778842287906,1.1407524249387762,0.0009912238790064,8.226400497503032e-09,0.00045008257158,1.4241558696820957e-18,2.7941175142240463e-09,0.0005411302869083,5.41460986162132e-19,2.8583300268514225e-14,1.5541749438556187e-10,1.5216523710280236e-08,3.997658687357148e-09,4.641336193522262e-07,1.5736507587408664e-06,2.4405842115134913e-14,6.5281525174299e-06,1.0916922862850514e-08,3.869321265419181,-3.4836223004339715,-999.999,CaUO2(CO3)3-2,(Hfo_wO)2UO2
9.0,11.8,0.001,0.01,0.0158489319246111,0.0001,0.0001778279410038,0.0071131176401556,9.0,11.601183380647273,9.188050328145292e-05,0.0009081194865034,1.4581891162319167,9.188050328145293,0.0693851478614304,-1.158733481881173,9.188050328145292e-05,6.309877628026803e-10,7.07332786446712e-05,2.9927214609072346e-18,1.0687057608462456e-10,2.114648677843956e-05,2.829311299884629e-19,6.017111970222717e-15,3.381367577454331e-11,4.227941271904707e-09,1.3904740023767388e-08,1.7469203784004098e-05,0.0007919825631723,1.2021078190948374e-16,9.860942873428384e-05,6.115803693769463e-09,-0.7795597671794141,-3.034169397880979,-999.999,UO2(CO3)3-4,(Hfo_sO)2UO2
10.0,10.8,1e-08,2.6826957952797277e-05,0.001,0.001,0.001,0.04,10.0,10.601047992414516,9.999633303918342e-09,3.66691304548653e-13,8.2,99.9963330391834,3325.5969284262164,3.521869610377109,9.999633303918342e-09,1.801205922681977e-15,9.87472008086096e-09,8.060014245264484e-24,6.275263000427686e-17,1.2491135909882335e-10,3.22413300623218e-26,6.245568035939001e-23,3.511939381197809e-18,4.417909516150534e-15,2.7994821194574044e-18,6.748293695244475e-17,5.902078633371927e-17,8.685237937128836e-26,1.0118208769051104e-14,8.687544036725859e-16,-13.05336000680598,-12.732617040434292,-999.999,CaUO2(CO3)3-2,(Hfo_sO)2UO2
10.0,10.8,1e-08,2.6826957952797277e-05,0.0039810717055349,0.001,0.001,0.04,10.0,10.601070002782858,9.999634853874336e-09,3.6516558120952603e-13,8.2,99.99634853874336,3339.492350476799,3.523680452996285,9.999634853874336e-09,1.801206201876585e-15,9.874721611454487e-09,7.929712820349202e-24,6.275263973139417e-17,1.2491137846099938e-10,3.172010378171211e-26,6.245569004054615e-23,3.511583968147543e-18,4.413984118774178e-15,2.7523348651120562e-18,6.53186511831167e-17,5.620433408205463e-17,3.3781303335459917e-25,8.875437549970142e-15,7.014656363372574e-16,-11.872925315703768,-12.739695390460373,-999.999,CaUO2(CO3)3-2,(Hfo_sO)2UO2
10.0,10.8,1e-08,2.6826957952797277e-05,0.2511886431509579,1e-05,5.623413251903491e-06,0.0002249365300761,10.0,10.60288124976984,9.9383366012975e-09,6.166339390064239e-11,0.0461119886656086,99.383366012975,3495.203166380005,3.5434724251384373,9.9383366012975e-09,1.796242596465504e-15,9.813334045318416e-09,3.860368916722904e-24,6.279758070919873e-17,1.2500069693890283e-10,1.554979478988062e-26,1.1114332991302361e-20,6.197149268484241e-16,7.309060651284397e-13,2.2701611546364313e-16,2.789381136223137e-15,1.1757638064990618e-15,2.8031744474708768e-21,7.78404610635245e-16,2.4403480336974007e-19,-4.014323132676765,-10.799304368047173,-999.999,UO2(OH)2,(Hfo_sO)2UO2
10.0,10.8,1e-08,0.0005179474679231,0.0158489319246111,1e-05,1e-06,4e-05,10.0,10.601155630025648,8.307872037283536e-09,1.692127962376794e-09,0.0081999999999999,83.07872037283536,598.7461640163998,2.777242744039577,8.307872037283536e-09,1.5207592181662777e-15,8.200652425183693e-09,1.5475176714262357e-22,5.386419547068666e-17,1.0721803747627465e-10,6.39815954377115e-25,5.3609593530102775e-20,3.0130220261908654e-15,3.776760001442407e-12,5.5384343927120745e-14,3.0961139628505866e-11,6.26042979584889e-10,1.0992304313291322e-21,7.298947116294205e-10,4.2488712734861393e-13,-4.848153855548738,-8.43497027381502,-999.999,CaUO2(CO3)3-2,(Hfo_sO)2UO2
10.0,10.8,1e-08,0.0005179474679231,0.0630957344480193,0.0,5.623413251903491e-06,0.0002249365300761,10.0,10.60150329162776,9.886071872242178e-09,1.1392813421212427e-10,0.0461119886656086,98.86071872242177,1881.8236663765776,3.274578926047955,9.886071872242178e-09,1.786764254787102e-15,9.761731213293589e-09,1.325301407596892e-22,6.246506286671212e-17,1.2433880971913946e-10,5.338196049224665e-25,1.105548170695901e-20,6.203576458341579e-16,7.68035593917823e-13,8.129058025673475e-15,3.304861761486991e-12,4.8077415374779927e-11,8.140742208732599e-22,0.0,0.0,-5.102009213319086,-9.263634515760936,-999.999,UO2(CO3)3-4,(Hfo_sO)2UO2
10.0,10.8,1e-08,0.0005179474679231,0.0630957344480193,0.01,0.001,0.04,10.0,10.601538971442253,9.976500078969284e-09,2.3499921498559345e-11,8.2,99.76500078969282,51.77235809780902,1.7140979464294728,9.976500078969284e-09,1.7970389196486507e-15,9.851875842319389e-09,5.416407496650039e-23,6.260745196161175e-17,1.2462237700347018e-10,2.16664835302866e-25,6.231118927535755e-23,3.495901194722425e-18,4.3086465273815105e-15,1.847340913714268e-17,3.054575339611829e-15,1.799464327914716e-14,4.4718452241748886e-24,1.606927729966453e-11,7.057291507960878e-12,-9.617182869545076,-11.905241559216048,-999.999,CaUO2(CO3)3-2,(Hfo_sO)2UO2
10.0,10.8,1e-08,0.0005179474679231,1.0,0.01,5.623413251903491e-06,0.0002249365300761,10.0,10.608373546592356,9.711441404976233e-09,2.885585945341546e-10,0.0461119886656086,97.11441404976232,729.8537230535835,2.8632358277419816,9.711441404976233e-09,1.7550970428684312e-15,9.589311972991818e-09,2.748806466471632e-23,6.135420669769822e-17,1.221276155331377e-10,1.1070585584574851e-25,1.0858874788492235e-20,5.903489353802429e-16,5.755895485270135e-13,1.3703190566500958e-15,1.4470990457888177e-13,4.4448281345212093e-13,9.25061386526531e-21,1.9711755781948532e-10,3.509746929502417e-11,-2.9713300438209203,-9.946858458727831,-999.999,CaUO2(CO3)3-2,(Hfo_sO)2UO2
10.0,10.8,1e-08,0.0013894954943731,1.0,0.001,0.0001778279410038,0.0071131176401556,10.0,10.608343914424712,9.9792461575162e-09,2.0753842526324656e-11,1.4581891162319167,99.792461575162,329.75042652770315,2.518185365972786,9.9792461575162e-09,1.7976932962026086e-15,9.854565185096902e-09,8.670323520545019e-23,6.263595618605937e-17,1.2467911208995962e-10,3.4688980563951265e-25,3.5056111015824933e-22,1.9061056069560042e-17,1.8653897462359404e-14,1.362702255679851e-16,4.401081470648876e-14,4.149131930348796e-13,2.992104023851189e-22,1.8173346719962508e-11,3.2073915694535534e-13,-5.953595053595151,-10.950838428186692,-999.999,CaUO2(CO3)3-2,(Hfo_sO)2UO2
10.0,10.8,1e-08,0.0037275937203149,1.0,0.0,5.623413251903491e-06,0.0002249365300761,10.0,10.608344148222194,9.674398468300837e-09,3.2560153131666596e-10,0.0461119886656086,96.74398468300836,644.3527405550749,2.809123679995464,9.674398468300837e-09,1.7483802238297209e-15,9.552738016918582e-09,2.2928194547230827e-22,6.111860447739962e-17,1.2165864188319127e-10,9.233895485402566e-25,1.081717629832582e-20,5.881615956975974e-16,5.756575985098703e-13,1.1472041801807071e-14,1.010643272122687e-11,2.5992010866482683e-10,9.234713385133521e-21,0.0,0.0,-2.9761899105993166,-9.02564410143521,-999.999,UO2(CO3)3-4,(Hfo_sO)2UO2
10.0,10.8,1e-08,0.01,0.0039810717055349,0.0001,3.1622776601683795e-05,0.0012649110640673,10.0,10.60110268403856,1.1879970568922862e-10,9.881200313063545e-09,0.2593067681338071,1.1879970568922862,0.0463651649193796,-1.3338081911069566,1.1879970568922862e-10,2.13988007878232e-17,1.1731572198356422e-10,4.515224087683892e-23,7.455085838963445e-19,1.4839615613097008e-12,1.8061164281770744e-25,2.3463492578400173e-23,1.3190411430551206e-18,1.6543911672317575e-15,4.945724560733468e-16,5.636880662462035e-12,2.324673322670426e-09,1.2172159217582555e-25,7.538545806912535e-09,1.2210329984874076e-11,-12.79338357909736,-10.484284250722546,-999.999,CaUO2(CO3)3-2,(Hfo_sO)2UO2
10.0,10.8,5.179474679231213e-08,1e-05,0.0039810717055349,0.0,5.623413251903491e-06,0.0002249365300761,10.0,10.601066278010348,5.1457508384912926e-08,3.3723826624321957e-10,0.0461119886656086,99.34889457274215,3309.009798633897,3.5196980531938,5.1457508384912926e-08,9.434855713223371e-15,5.079118757002527e-08,2.201261647264795e-23,3.347415179212053e-16,6.663110452903981e-10,9.131882442999512e-26,5.924506277280257e-20,3.3311229312064853e-15,4.189139425332628e-12,1.4097143554219142e-15,1.804757116734794e-14,8.381120071599881e-15,3.2516403561303983e-22,0.0,0.0,-5.906870099315761,-10.030464536491124,-999.999,UO2(OH)2,(Hfo_sO)2UO2
10.0,10.8,5.179474679231213e-08,1e-05,0.2511886431509579,1e-05,1e-06,4e-05,10.0,10.60288121044363,4.968554159986263e-08,2.109205056794176e-09,0.0081999999999999,95.92776232518898,2872.7469482918223,3.458297371971519,4.968554159986263e-08,9.89199883095541e-15,4.892520071532596e-08,7.174183387596241e-24,3.819873506580913e-16,7.60330610550474e-10,3.525675463961198e-26,3.8019421305889e-19,2.1198939404516988e-14,2.5002601069438423e-11,2.8947281663043183e-15,1.3258219905431588e-14,2.083171743397917e-15,9.58902793392344e-20,1.3805226896991301e-15,4.332359113623805e-19,-0.9460527562499904,-9.69375463986117,-999.999,UO2(OH)2,(Hfo_sO)2UO2
10.0,10.8,5.179474679231213e-08,7.196856730011514e-05,0.0039810717055349,0.0,3.1622776601683795e-05,0.0012649110640673,10.0,10.601066502686368,5.173551175183302e-08,5.923490054774905e-11,0.2593067681338071,99.8856350418767,3368.195050498641,3.5273972333330947,5.173551175183302e-08,9.348241060919574e-15,5.1085126173299484e-08,1.5917930848680542e-22,3.267344174979696e-16,6.503759035579103e-10,6.408502906003782e-25,1.0283367129985143e-20,5.781937432535e-16,7.271110067415861e-13,1.7592062877553148e-15,1.6192713340137246e-13,5.406444772137891e-13,5.64109645641164e-23,0.0,0.0,-7.428586866898144,-9.934272515699984,-999.999,UO2(OH)2,(Hfo_sO)2UO2
10.0,10.8,5.179474679231213e-08,7.196856730011514e-05,0.0158489319246111,0.0,0.001,0.04,10.0,10.601154052578154,5.1792893403876825e-08,1.85324755338319e-12,8.2,99.9964216671572,3408.1828415946784,3.532522885673766,5.1792893403876825e-08,9.330059640512092e-15,5.1145802500762765e-08,1.3487807715961178e-22,3.250789318923428e-16,6.470812479753553e-10,5.396226658283727e-25,3.235406458034276e-22,1.8184099330242465e-17,2.2796063970853303e-14,4.671596686083888e-17,3.649148906006748e-15,1.0311526307047955e-14,6.645222733202376e-24,0.0,0.0,-9.283887505506373,-11.508939783279942,-999.999,UO2(OH)2,(Hfo_sO)2UO2
10.0,10.8,5.179474679231213e-08,0.0001930697728883,1.0,0.01,3.1622776601683795e-05,0.0012649110640673,10.0,10.608373092291025,5.17304882773361e-08,6.425840051790718e-11,0.2593067681338071,99.87593623107438,3104.579705144693,3.492002814145013,5.17304882773361e-08,9.347330486836512e-15,5.1080166254742616e-08,5.454141412380068e-23,3.2670248884515705e-16,6.503123485604635e-10,2.195816744661793e-25,1.0282362228269851e-20,5.590076699971181e-16,5.450423778342256e-13,4.83342102885252e-16,1.9012581239991854e-14,2.17528003869945e-14,8.759388561848255e-21,9.69053450049652e-12,1.7332768072535781e-12,-3.0185570237330523,-10.399433009017292,-999.999,CaUO2(CO3)3-2,(Hfo_sO)2UO2
10.0,10.8,5.179474679231213e-08,0.0001930697728883,1.0,0.01,0.0001778279410038,0.0071131176401556,10.0,10.608373092290986,5.178336800090615e-08,1.137867541782087e-11,1.4581891162319167,99.97803099327504,3120.935060559722,3.494284732095648,5.178336800090615e-08,9.332646602775566e-15,5.1135791655133714e-08,5.460081675732771e-23,3.253228545516983e-16,6.475666878029244e-10,2.1865461846539444e-25,1.820768213957809e-21,9.898731189329197e-17,9.651438208359461e-14,8.558870488423331e-17,3.3666887974463067e-15,3.851918851806198e-15,1.5510848493257068e-21,1.7159699849232282e-12,3.0692331560208473e-13,-4.522233495925427,-11.151271181511252,-999.999,CaUO2(CO3)3-2,(Hfo_sO)2UO2
10.0,10.8,5.179474679231213e-08,0.0005179474679231,0.0630957344480193,0.0,0.001,0.04,10.0,10.60150329166578,5.179141271824295e-08,3.3340330376325095e-12,8.2,99.9935629107667,1894.4101243022287,3.2774740060504493,5.179141271824295e-08,9.329792880687783e-15,5.1144340318279076e-08,6.94361308048955e-22,3.250696364677608e-16,6.470627451006545e-10,2.7780133421027782e-24,3.235313939637523e-22,1.8154358100137845e-17,2.2476055999772176e-14,2.378915955473516e-16,9.671465604805927e-14,1.406955051198014e-12,2.382334991134186e-23,0.0,0.0,-8.169331703701879,-10.79729563970528,-999.999,UO2(CO3)3-4,(Hfo_sO)2UO2
10.0,10.8,5.179474679231213e-08,0.0013894954943731,0.2511886431509579,0.01,1e-06,4e-05,10.0,10.602919417146584,2.493042456502042e-09,4.9301704338785034e-08,0.0081999999999999,4.81331140877801,6.166715166212347,0.7900538893053356,2.493042456502042e-09,4.512219394967088e-16,2.4615962194568434e-09,3.2260994281893e-23,1.579766544960972e-17,3.144577002556145e-11,1.303236293076996e-25,1.5722934453833702e-20,8.765280564284597e-16,1.029085868317036e-12,1.0652415812042648e-14,4.37981198648436e-12,6.150584646046451e-11,3.929159115345408e-21,3.805037113100455e-08,1.1098261898355004e-08,-3.7194694120637024,-9.12600546412922,-999.999,CaUO2(CO3)3-2,(Hfo_sO)2UO2
10.0,10.8,5.179474679231213e-08,0.0013894954943731,1.0,1e-05,3.1622776601683795e-05,0.0012649110640673,10.0,10.608340525695606,5.1722254848355285e-08,7.24918415437708e-11,0.2593067681338071,99.86003996844018,2751.5313474163117,3.439574464969227,5.1722254848355285e-08,9.345838065426696e-15,5.107203699319564e-08,4.564827864393928e-22,3.2665015816065623e-16,6.502081826709614e-10,1.8377805718948912e-24,1.0280715211510376e-20,5.5900195867483285e-16,5.472877418525895e-13,4.061411037802596e-15,1.3320047686812549e-12,1.2756954456443446e-11,8.776609780995634e-21,5.587108633093884e-12,9.86369459193138e-16,-3.0190542940551524,-9.476735445765716,-999.999,UO2(CO3)3-4,(Hfo_sO)2UO2
10.0,10.8,5.179474679231213e-08,0.0037275937203149,0.0158489319246111,0.0001,0.001,0.04,10.0,10.60116693980962,4.3810301469469566e-08,7.984445325917948e-09,8.2,84.58444954879539,0.6691409951867248,-0.1744823620829305,4.3810301469469566e-08,7.891940667462172e-15,4.3262960643844734e-08,5.6909501647497124e-21,2.749675033125593e-16,5.47332658710958e-10,2.276773924219168e-23,2.736663443212696e-22,1.5380078899990874e-17,1.9262497912919563e-14,1.9692769863307453e-15,7.679951597965655e-12,1.082497816453916e-09,5.54888443897079e-24,6.870951928405117e-09,2.1758234840680897e-11,-9.451740929191836,-9.883710063098942,-999.999,CaUO2(CO3)3-2,(Hfo_sO)2UO2
10.0,10.8,5.179474679231213e-08,0.01,0.0158489319246111,0.01,1e-06,4e-05,10.0,10.601206906889976,1.717534654976182e-12,5.179302926026752e-08,0.0081999999999999,0.0033160402576407,0.0040440856370122,-2.393179656422264,1.717534654976182e-12,3.0936976978494346e-19,1.6960802821784532e-12,2.6767624996934243e-25,1.0778028761877071e-20,2.1454052649661702e-14,1.070712261624436e-27,1.0727026347304048e-23,6.027491210033487e-19,7.52963440141782e-16,9.238954898254403e-17,4.333174867043854e-13,7.327733219735144e-11,2.112524218420464e-25,4.055053352427671e-08,1.1168724060506325e-08,-12.28995647240167,-11.2113572185799,-999.999,CaUO2(CO3)3-2,(Hfo_sO)2UO2
10.0,10.8,5.179474679231213e-08,0.01,0.0630957344480193,0.001,5.623413251903491e-06,0.0002249365300761,10.0,10.601534448588088,4.564888465361772e-11,5.1749097914786924e-08,0.0461119886656086,0.0881341979267931,0.0191299367812145,-1.7182864651851986,4.564888465361772e-11,8.222575859728401e-18,4.5078652997007285e-11,1.0925227948244597e-23,2.8646715890835256e-19,5.702231475564403e-13,4.370231265235264e-26,5.070080463286321e-23,2.8445724971557684e-18,3.5133041980763605e-15,6.640044980372414e-16,4.829854025590923e-12,1.2542773558890194e-09,3.686004672220769e-24,4.95259441677885e-08,9.637592038330782e-10,-9.809779227682476,-10.350525571575783,-999.999,CaUO2(CO3)3-2,(Hfo_sO)2UO2
10.0,10.8,2.682695795279728e-07,1e-05,0.001,0.0001,0.001,0.04,10.0,10.601044632192744,2.682600209809086e-07,9.554687569494112e-12,8.2,99.99643696199884,3423.9357872296164,3.534525611287433,2.682600209809086e-07,4.834496914240443e-14,2.649055984239211e-07,1.1727899305005274e-22,1.6851608499212257e-15,3.354372526857352e-09,4.6961329583798565e-25,1.6771868501487957e-21,9.43111925514839e-17,1.1869130809933873e-13,4.0792886076794505e-17,5.33137992601967e-16,2.5291158556215275e-16,2.38336284632824e-24,4.702990858058395e-15,4.3818089366655055e-17,-10.17753108052662,-11.569289459443056,-999.999,UO2(OH)2,(Hfo_sO)2UO2
10.0,10.8,2.682695795279728e-07,2.6826957952797277e-05,0.0039810717055349,0.01,0.0001778279410038,0.0071131176401556,10.0,10.601103180572377,2.682150962524767e-07,5.4479457704551544e-11,1.4581891162319167,99.97969084843989,3376.2654907612027,3.528436589801706,2.682150962524767e-07,4.845261762589923e-14,2.6484495248649173e-07,6.832130718781553e-23,1.6930600918491654e-15,3.370093620307178e-09,2.7492006145136154e-25,9.475732655010963e-21,5.326936137317935e-16,6.667231023148689e-13,1.335920420974509e-16,1.0226846385076592e-15,2.826872358380747e-16,4.761631962795474e-23,3.538352195753252e-13,2.207492523318329e-13,-7.568696794955279,-11.051822734120265,-999.999,UO2(OH)2,(Hfo_sO)2UO2
10.0,10.8,2.682695795279728e-07,2.6826957952797277e-05,0.2511886431509579,0.0001,0.001,0.04,10.0,10.602881574832177,2.6826026947763337e-07,9.306191799987484e-12,8.2,99.99652959148192,3515.365652523032,3.545970505063918,2.6826026947763337e-07,4.834501394884034e-14,2.6490584381009894e-07,1.0365354831714248e-22,1.6851624125666076e-15,3.354375637357964e-09,4.150537383752034e-25,1.6771884053941957e-21,9.351682506349632e-17,1.1029133117615959e-13,3.4073614708244134e-17,4.164540796807649e-16,1.7460623813519002e-16,4.229713979983879e-22,1.1557633050690266e-15,3.6226115703307184e-18,-5.656976204582669,-11.62292551384862,-999.999,UO2(OH)2,(Hfo_sO)2UO2
10.0,10.8,2.682695795279728e-07,2.6826957952797277e-05,0.2511886431509579,0.01,5.623413251903491e-06,0.0002249365300761,10.0,10.602917270085758,2.6627238599175815e-07,1.997189722040462e-09,0.0461119886656086,99.25552739161527,2891.298661030524,3.461092955087522,2.6627238599175815e-07,5.2752866591552055e-14,2.622380585221036e-07,6.519531536893316e-23,2.0267996681708124e-15,4.034272689988279e-09,3.171654849793912e-25,3.587289430437887e-19,1.9998753615652433e-14,2.3478732045435668e-11,4.610226735405423e-15,3.59590125243956e-14,9.579182039892446e-15,8.963100364571897e-20,6.222228447436269e-12,1.905454904875353e-12,-1.001885717595421,-9.489712912535142,-999.999,UO2(OH)2,(Hfo_sO)2UO2
10.0,10.8,2.682695795279728e-07,2.6826957952797277e-05,1.0,0.01,1e-06,4e-05,10.0,10.608372860739662,2.420687651072875e-07,2.6200810946030664e-08,0.0081999999999999,90.23340086983164,1126.7048631224554,3.051810168837984,2.420687651072875e-07,7.887346156646087e-14,2.3187906996556787e-07,3.4389978867723177e-23,5.121638572274253e-15,1.0189611146619448e-08,4.778900298914465e-25,5.100001019714893e-18,2.772653465980244e-13,2.7034126810949473e-10,3.3299065400094454e-14,1.8193279067241078e-13,2.891221337515788e-14,4.344589483904806e-18,1.2909823316008209e-11,2.3144653272510275e-12,2.372477877159163,-8.561259377922724,-999.999,UO2(OH)2,(Hfo_sO)2UO2
10.0,10.8,2.682695795279728e-07,7.196856730011514e-05,0.001,0.01,0.0001778279410038,0.0071131176401556,10.0,10.601081241619829,2.6820453609793424e-07,6.504023009851342e-11,1.4581891162319167,99.97575445186408,2827.9400420274087,3.451470197312738,2.6820453609793424e-07,4.8450704395578224e-14,2.648345258036799e-07,1.8121803900081182e-22,1.6929930395510722e-15,3.3699601505567743e-09,7.2920827707532e-25,9.475357353977732e-21,5.327263355915023e-16,6.67295040132687e-13,3.545908977191907e-16,7.195305636751676e-15,5.275651152077425e-15,1.2069076677070053e-23,6.772715460602494e-12,4.336653775471054e-12,-8.761407098113146,-10.628177577877995,-999.999,CaUO2(CO3)3-2,(Hfo_sO)2UO2
10.0,10.8,2.682695795279728e-07,7.196856730011514e-05,0.0039810717055349,0.0001,1e-06,4e-05,10.0,10.601066861865768,2.368834206868213e-07,3.1386155856517824e-08,0.0081999999999999,88.30051513989167,920.412877800042,2.9639826863964016,2.368834206868213e-07,7.597746610148498e-14,2.272344745420477e-07,6.769593055798476e-22,4.8497104849256715e-15,9.648865317596346e-09,9.090014720217642e-24,4.8290911146937055e-18,2.715205646536707e-13,3.4143674221738395e-10,7.898123843056613e-13,6.950916699484723e-11,2.2188626819529622e-10,2.6450848324245715e-20,3.579113698565501e-09,2.890618389828036e-11,-2.086372013922137,-7.282046258198886,-999.999,CaUO2(CO3)3-2,(Hfo_sO)2UO2
10.0,10.8,2.682695795279728e-07,7.196856730011514e-05,0.2511886431509579,0.0001,3.1622776601683795e-05,0.0012649110640673,10.0,10.602881680211528,2.679650919196636e-07,3.0448376610897756e-10,0.2593067681338071,99.88649939033532,3393.9092590493037,3.530700226661391,2.679650919196636e-07,4.906702702146001e-14,2.6450451890389813e-07,2.77655168764607e-22,1.7384972694734869e-15,3.460522210240939e-09,1.148720330567855e-24,5.471625993941443e-20,3.050872763758298e-15,3.5980889121172996e-12,2.9821478686440405e-15,9.778263519150111e-14,1.0998523918521627e-13,1.3798742923078754e-20,7.260895360191544e-13,2.2697919728135188e-15,-2.629976856106154,-9.680810929412443,-999.999,UO2(OH)2,(Hfo_sO)2UO2
10.0,10.8,2.682695795279728e-07,7.196856730011514e-05,1.0,0.0,0.0001778279410038,0.0071131176401556,10.0,10.608338434685503,2.682208923724211e-07,4.8683296688285475e-11,1.4581891162319167,99.98185140647058,3778.3202944605223,3.577298771007907,2.682208923724211e-07,4.8453667735006823e-14,2.648506753481855e-07,1.2257302505054068e-22,1.693096894654025e-15,3.370166877470895e-09,4.932251638005609e-25,9.475938634984003e-21,5.15248127819601e-16,5.045421666372392e-13,1.9386656794866872e-16,3.2916214147658935e-15,1.6323139750713197e-15,8.089539601737449e-21,0.0,0.0,-3.0891142032098884,-10.797983940632928,-999.999,UO2(OH)2,(Hfo_sO)2UO2
10.0,10.8,2.682695795279728e-07,0.0001930697728883,0.0039810717055349,0.0,1e-06,4e-05,10.0,10.601066942361385,2.3575372547367606e-07,3.2515851221143336e-08,0.0081999999999999,87.87941066165266,884.198114037475,2.946549584236456,2.3575372547367606e-07,7.53573414987738e-14,2.262189236703425e-07,1.887201083120281e-21,4.79231225879036e-15,9.534721653677909e-09,2.5153432865729558e-23,4.7719096768830776e-18,2.68305380633844e-13,3.373986553979137e-10,2.185537476826199e-12,5.386054027886018e-10,4.8145971115082655e-09,2.615205878939585e-20,0.0,0.0,-2.0967971469470825,-6.840018539875794,-999.999,UO2(CO3)3-4,(Hfo_sO)2UO2
10.0,10.8,2.682695795279728e-07,0.0001930697728883,0.0039810717055349,0.001,1e-06,4e-05,10.0,10.60107043695852,1.5126874898094204e-07,1.1700083035794018e-07,0.0081999999999999,56.38684387812561,157.66903838095783,2.197746418880828,1.5126874898094204e-07,3.8167870869656236e-14,1.4751556686220288e-07,8.627087781766518e-22,1.8858472184457557e-15,3.7531420650201726e-09,6.940989195035774e-24,1.8772755360806717e-18,1.0554999058077449e-13,1.3267275199021828e-10,6.024870905333799e-13,1.0413117040974037e-10,6.525399635666943e-10,1.0151700994613106e-20,9.816780983543793e-08,7.39136160762567e-09,-2.917668819302733,-7.399445614790846,-999.999,CaUO2(CO3)3-2,(Hfo_sO)2UO2
10.0,10.8,2.682695795279728e-07,0.0001930697728883,0.2511886431509579,0.001,0.0001778279410038,0.0071131176401556,10.0,10.602885186529656,2.681953080900941e-07,7.426870887556182e-11,1.4581891162319167,99.97231462545643,2476.460752048312,3.393831449498401,2.681953080900941e-07,4.844903251652376e-14,2.648254144302803e-07,7.084878056252392e-22,1.6929344458153334e-15,3.369843517846055e-09,2.850903081979128e-24,9.475029399132384e-21,5.283007719600276e-16,6.227894820400809e-13,1.3155659676992301e-15,1.099831120719174e-13,3.152816707781379e-13,2.387334831469056e-21,2.0641474403782148e-11,6.396494818134005e-13,-4.153715345034371,-10.036046714776248,-999.999,CaUO2(CO3)3-2,(Hfo_sO)2UO2
10.0,10.8,2.682695795279728e-07,0.0013894954943731,0.0039810717055349,0.001,0.0001778279410038,0.0071131176401556,10.0,10.601073868485656,1.608098485687191e-07,1.074597309710925e-07,1.4581891162319167,59.94337816895533,1.0262496963393892,0.0112530416226035,1.608098485687191e-07,2.901619507521739e-14,1.587940239362415e-07,7.21218333437757e-21,1.0126899966661329e-15,2.015794603585285e-09,2.89520207990258e-23,5.6678294680595225e-21,3.1866919996949594e-16,4.005047354094857e-13,1.4125168226492487e-14,1.896190570583714e-11,9.228148751547685e-10,3.055873357715538e-23,1.0095836747071176e-07,5.5273161026506725e-09,-7.964187489327351,-9.029350621286223,-999.999,CaUO2(CO3)3-2,(Hfo_sO)2UO2
10.0,10.8,2.682695795279728e-07,0.0013894954943731,0.0158489319246111,1e-05,5.623413251903491e-06,0.0002249365300761,10.0,10.601158646788674,1.727054665696321e-07,9.556411293987832e-08,0.0461119886656086,64.37758126490219,39.19199752765721,1.5931973990517423,1.727054665696321e-07,3.3058641458291796e-14,1.70265233648444e-07,8.573044100802622e-21,1.225926967766523e-15,2.440198636611074e-09,3.885386789675221e-23,2.1697716492064125e-19,1.2194606443492502e-14,1.5282289874784056e-11,5.979845936270756e-13,8.921383086724153e-10,4.8132815653547126e-08,4.435182304878125e-21,4.528392056298108e-08,2.126736368390964e-11,-3.639275407397392,-7.401576890602717,-999.999,UO2(CO3)3-4,(Hfo_sO)2UO2
10.0,10.8,2.682695795279728e-07,0.0037275937203149,0.0039810717055349,0.01,3.1622776601683795e-05,0.0012649110640673,10.0,10.601107375335344,6.5154036688182535e-09,2.617541758726732e-07,0.2593067681338071,2.4286777801203825,0.0959917384046204,-1.0177661432071086,6.5154036688182535e-09,1.1740446112817591e-15,6.433952425106222e-09,2.7912487429799925e-22,4.091864968153987e-17,8.14500287484893e-11,1.1174084138383615e-24,1.2878383632977225e-21,7.239651480578573e-17,9.068949238654685e-14,3.0560824246582865e-15,3.930997327806523e-12,1.8273571794176109e-10,6.5472563609140064e-24,1.7650771058180688e-07,8.505246989544184e-08,-9.297464054243108,-9.692817946647782,-999.999,CaUO2(CO3)3-2,(Hfo_sO)2UO2
10.0,10.8,2.682695795279728e-07,0.0037275937203149,0.0630957344480193,0.0001,5.623413251903491e-06,0.0002249365300761,10.0,10.601513399519254,1.9819709342426226e-08,2.484498702016438e-07,0.0461119886656086,7.387982408329528,1.7299942300667075,0.238044654658062,1.9819709342426226e-08,3.5943889581528915e-15,1.9568698372200383e-08,1.881343690961529e-21,1.2610062239574572e-16,2.510072497343702e-10,7.631193526767268e-24,2.2318150816970157e-20,1.2522829313433822e-15,1.5491504461497917e-12,1.161211404145164e-13,3.3455737844692486e-10,3.4464883482565454e-08,1.6361663760517018e-21,2.1287512156573666e-07,6.489629235998605e-10,-4.502844987832347,-8.10843558977695,-999.999,CaUO2(CO3)3-2,(Hfo_sO)2UO2
10.0,10.8,2.682695795279728e-07,0.01,0.0158489319246111,0.001,0.001,0.04,10.0,10.601189881568397,1.8489081482210322e-08,2.497804980600313e-07,8.2,6.891978402747839,0.0090269899048483,-2.044457043224439,1.8489081482210322e-08,3.330440878237505e-15,1.8258112290920467e-08,5.86408643141256e-21,1.160319454468919e-16,2.3096574481114107e-10,2.345805835221929e-23,1.1548287506724347e-22,6.489464732901139e-18,8.114437767943704e-15,2.025910917576984e-15,1.931997524708379e-11,6.648919191169007e-09,2.298370056699807e-24,2.3883780883896414e-07,4.2737918832694885e-09,-10.233358964782276,-9.870737923391191,-999.999,CaUO2(CO3)3-2,(Hfo_sO)2UO2
10.0,10.8,1.389495494373136e-06,1e-05,0.0039810717055349,0.0001,5.623413251903491e-06,0.0002249365300761,10.0,10.601066650594907,1.3604957960110666e-06,2.89995967683564e-08,0.0461119886656086,97.91293325674636,1017.3992017621048,3.00749139255379,1.3604957960110666e-06,4.431095019196541e-13,1.303275863872731e-06,5.39402008460899e-22,2.87603893407908e-14,5.721946026844369e-08,7.488933320705319e-24,5.092790483653096e-18,2.863476087568387e-13,3.6008669313926006e-10,1.157198274388282e-13,1.4148429119641285e-12,6.274576668291756e-13,2.791534232044887e-20,1.0400985490664746e-11,8.632574033604238e-14,-2.039583942354085,-8.116167983407724,-999.999,UO2(OH)2,(Hfo_sO)2UO2
10.0,10.8,1.389495494373136e-06,1e-05,1.0,1e-05,3.1622776601683795e-05,0.0012649110640673,10.0,10.6083383760329,1.3878123732651583e-06,1.683017368757831e-09,0.2593067681338071,99.87886818526628,3180.008676133777,3.5024283048875406,1.3878123732651583e-06,2.7296163236297733e-13,1.367092708213661e-06,8.789581296054874e-23,1.0409287753198563e-14,2.0719381680577137e-08,4.212568842775985e-25,3.2762367926590144e-19,1.7814333700273143e-14,1.7444250822563463e-11,9.311806501921122e-16,2.196421691858408e-15,1.5131638058239303e-16,2.796895387976268e-19,6.776626185781523e-17,1.2235720666402107e-20,-0.0115736887216115,-10.11645449632136,-999.999,UO2(OH)2,(Hfo_sO)2UO2
10.0,10.8,1.389495494373136e-06,7.196856730011514e-05,0.001,0.01,3.1622776601683795e-05,0.0012649110640673,10.0,10.601081243968046,1.3872476541880615e-06,2.247753823720636e-09,0.2593067681338071,99.83822616236056,2380.079159559832,3.376591401589418,1.3872476541880615e-06,2.7284039489535313e-13,1.366537986591737e-06,9.350667386817489e-22,1.0404264993216004e-14,2.0709384351664148e-08,4.481135629069807e-24,3.2746558279854804e-19,1.841086637190354e-14,2.3061519523315728e-11,1.2254389821834132e-14,2.486608777735565e-13,1.82317502407907e-13,4.1736900669400615e-22,2.3405272677015366e-10,1.4986636614535642e-10,-5.684267854207775,-9.089613438000743,-999.999,CaUO2(CO3)3-2,(Hfo_sO)2UO2
10.0,10.8,1.389495494373136e-06,7.196856730011514e-05,1.0,0.0,3.1622776601683795e-05,0.0012649110640673,10.0,10.608338438272042,1.3878122014327722e-06,1.683189211884912e-09,0.2593067681338071,99.87885581873562,3179.683623375705,3.502383910092122,1.3878122014327722e-06,2.729615954714457e-13,1.3670925394235291e-06,6.326910950761966e-22,1.040928622475788e-14,2.071937863836042e-08,3.032288617829405e-24,3.2762363115540443e-19,1.7814325978319025e-14,1.744417314583642e-11,6.702793597400305e-15,1.1380539141916221e-13,5.643605467268472e-14,2.79690188536681e-19,0.0,0.0,-0.0116083725595785,-9.259230971872476,-999.999,UO2(OH)2,(Hfo_sO)2UO2
10.0,10.8,1.389495494373136e-06,0.0001930697728883,0.2511886431509579,1e-05,3.1622776601683795e-05,0.0012649110640673,10.0,10.602881644514456,1.3876524132112995e-06,1.8429789349499627e-09,0.2593067681338071,99.8673560893648,2903.6647448938043,3.462946471584622,1.3876524132112995e-06,2.7292729027385853e-13,1.3669355801362576e-06,3.870009232002363e-21,1.040786495730282e-14,2.0716549739882728e-08,1.8547329188162484e-23,3.2757889612551767e-19,1.826516829861322e-14,2.15416453411596e-11,4.8153437827803764e-14,4.258374193288397e-12,1.291837164042618e-11,8.261560411296212e-20,8.469071127753932e-12,2.6291248882097613e-15,-1.0757171945361037,-8.472720131828936,-999.999,UO2(OH)2,(Hfo_sO)2UO2
10.0,10.8,1.389495494373136e-06,0.0001930697728883,1.0,0.001,0.001,0.04,10.0,10.608342071981212,1.389449269340961e-06,4.6124155397866565e-11,8.2,99.99667325066098,3673.6723173536143,3.5651004156845856,1.389449269340961e-06,2.509441529673604e-13,1.3719988397160815e-06,1.6760941691644068e-21,8.766576655892106e-15,1.745016991414807e-08,6.741310505373675e-24,8.72510081631326e-21,4.744138529842814e-16,4.64349868960076e-13,4.709948756104214e-16,2.1118340899672397e-14,2.7644228067969122e-14,7.44696857101311e-21,1.2340614598377213e-12,2.2200878933081613e-14,-3.160918818466037,-10.412284875022236,-999.999,CaUO2(CO3)3-2,(Hfo_sO)2UO2
10.0,10.8,1.389495494373136e-06,0.0013894954943731,0.0039810717055349,1e-05,1e-06,4e-05,10.0,10.60107129505301,1.4669663749903186e-07,1.2427988568383503e-06,0.0081999999999999,10.557546828549688,14.394794252431677,1.1582054618037383,1.4669663749903186e-07,3.6582828710099855e-14,1.431433214639482e-07,8.399140281041641e-21,1.7854031934903194e-15,3.553277666843301e-09,6.593149004058797e-23,1.7772702910107492e-18,9.99267915520729e-14,1.2562083019453435e-10,5.7235895180080216e-12,9.923867803978202e-09,6.239427101173687e-07,9.651055055348675e-21,5.985240570926817e-07,2.873887484924833e-10,-2.9670581352628247,-6.421782774178972,-999.999,UO2(CO3)3-4,(Hfo_sO)2UO2
10.0,10.8,1.389495494373136e-06,0.0013894954943731,0.0039810717055349,0.01,1e-06,4e-05,10.0,10.601104558688318,2.213243178223137e-08,1.3673630626605011e-06,0.0081999999999999,1.592839406234729,1.973928593157945,0.2953314380203505,2.213243178223137e-08,4.163725003128262e-15,2.1830510814935442e-08,3.111921236355844e-22,1.516783579786697e-16,3.0191665189226224e-10,1.3609800688295338e-24,1.50962883726157e-19,8.486568441505391e-15,1.0625523835270888e-11,1.1764979604983732e-13,4.9750744023519827e-11,7.599137073667451e-10,7.6200547891017235e-22,8.695644428696936e-07,4.96130086250466e-07,-5.162080524801681,-8.107165118380601,-999.999,CaUO2(CO3)3-2,(Hfo_sO)2UO2
10.0,10.8,1.389495494373136e-06,0.0013894954943731,0.2511886431509579,0.01,0.001,0.04,10.0,10.60291941049076,1.3626629118867771e-06,2.6832582388511906e-08,8.2,98.0688974814946,6.193157314585531,0.7919121118178533,1.3626629118867771e-06,2.460936259042894e-13,1.3455506906060065e-06,1.7635262078718394e-20,8.596670694301552e-15,1.7111966590456573e-08,7.092213131122559e-23,8.55599793684657e-21,4.769830017597183e-16,5.600009924024441e-13,5.7970385565723665e-15,2.383605508876881e-12,3.347466466477081e-11,2.1381276409715217e-21,2.0709012199694017e-08,6.0402678281917024e-09,-4.247994944688422,-9.390247474174757,-999.999,CaUO2(CO3)3-2,(Hfo_sO)2UO2
10.0,10.8,1.389495494373136e-06,0.0037275937203149,0.0039810717055349,1e-05,0.001,0.04,10.0,10.601079785866478,1.305590506351654e-06,8.390498800793432e-08,8.2,93.9614782227606,1.8976029698981944,0.2782053513897905,1.305590506351654e-06,2.3576051354128346e-13,1.2891986534861003e-06,1.9773808719179403e-19,8.23477873132975e-15,1.6391608870062658e-08,7.950456542218375e-22,8.19581786959567e-21,4.607907784709824e-16,5.789201944167342e-13,6.895507320765924e-14,3.127038798459221e-10,5.139297460753935e-08,4.384010108756777e-23,3.214254407832935e-08,1.0056808505240468e-11,-7.660663664631599,-8.34063721573225,-999.999,UO2(CO3)3-4,(Hfo_sO)2UO2
10.0,10.8,1.389495494373136e-06,0.0037275937203149,0.0039810717055349,0.01,1e-06,4e-05,10.0,10.601107369974867,1.092131441211906e-09,1.38840336300216e-06,0.0081999999999999,0.0785991351274309,0.0959280023893142,-1.0180545992111554,1.092131441211906e-09,1.9713334675410406e-16,1.0784310273048586e-09,4.674033018986701e-23,6.882678981503017e-18,1.3700209890974633e-11,1.8777017992753296e-25,6.850114329940623e-21,3.850828099896937e-16,4.823844170107888e-13,1.6239776468987803e-14,2.0868758988010578e-11,9.691612137406675e-10,3.482523742519084e-23,9.362107537764132e-07,4.511635974354936e-07,-7.845791705428141,-8.96740277826473,-999.999,CaUO2(CO3)3-2,(Hfo_sO)2UO2
10.0,10.8,1.389495494373136e-06,0.01,0.2511886431509579,0.0,0.001,0.04,10.0,10.60290481453255,1.3427643380370495e-06,4.673115629642221e-08,8.2,96.63682563021416,3.5041236194200622,0.5445794189244054,1.3427643380370495e-06,2.424906771550777e-13,1.3259033131807246e-06,1.947013911564045e-19,8.4704769752495e-15,1.6860773894975272e-08,7.829512165522318e-22,8.43040116203515e-21,4.700127770878027e-16,5.532346109366488e-13,6.415694781461993e-14,2.948238672667135e-10,4.638951557445901e-08,2.119613693810171e-21,0.0,0.0,-4.269817013986739,-8.347294560141355,-999.999,UO2(CO3)3-4,(Hfo_sO)2UO2
10.0,10.8,7.196856730011529e-06,1e-05,0.0158489319246111,0.001,1e-06,4e-05,10.0,10.601157534968982,1.992581005905336e-06,5.2042749700869496e-06,0.0081999999999999,27.686823298789555,46.69193788638966,1.6692418991160771,1.992581005905336e-06,1.4861032725859424e-12,4.710888267192022e-07,1.316104069384808e-22,8.272982703273778e-13,1.5214898657845909e-06,1.3441770996652398e-22,8.911795808540525e-16,5.008656052093125e-11,6.276104119032999e-08,1.3625912744373795e-11,1.128080477892328e-10,3.3769724046533064e-11,1.8179942731450213e-17,4.467972071505035e-09,2.9505728094549876e-10,3.5910734317575823,-6.043847344630986,-999.999,UO2(OH)2,(Hfo_wO)2UO2
10.0,10.8,7.196856730011529e-06,2.6826957952797277e-05,0.0158489319246111,0.01,1e-06,4e-05,10.0,10.601190669888789,1.983893493074067e-06,5.212962492170464e-06,0.0081999999999999,27.56611069942598,46.41089039602086,1.666619900467493,1.983893493074067e-06,1.481065250700393e-12,4.709961919751323e-07,1.2545994456575753e-22,8.22242429734637e-13,1.512894997791254e-06,1.274372767753054e-22,8.853215554790324e-16,4.974973259834212e-11,6.207330311124976e-08,1.2853255090931326e-11,1.0187706606009762e-10,2.907797271894001e-11,1.7198960506645186e-17,3.3213679313662384e-08,1.8857939776436705e-08,3.5483141440866355,-6.067411266155645,-999.999,UO2(OH)2,(Hfo_wO)2UO2
10.0,10.8,7.196856730011529e-06,7.196856730011514e-05,0.0158489319246111,1e-05,5.623413251903491e-06,0.0002249365300761,10.0,10.601154113272496,5.554348931106552e-06,1.6425057041923522e-06,0.0461119886656086,77.17742813948797,73.33518980049833,1.8653124203285496,5.554348931106552e-06,4.610164225221746e-12,2.530226523371852e-06,6.645381535046633e-21,1.5612265560939697e-12,3.024116236343909e-06,2.5116492843190487e-21,2.839510764198109e-16,1.5959024630480308e-11,2.0006542217850056e-08,4.0832587375623676e-11,3.1766147799838283e-09,8.939743716219232e-09,5.833486063701029e-18,1.1838800101768808e-08,7.828763447822152e-12,2.602676769013623,-5.567395964198155,-999.999,UO2(OH)2,(Hfo_wO)2UO2
10.0,10.8,7.196856730011529e-06,7.196856730011514e-05,0.0158489319246111,0.01,3.1622776601683795e-05,0.0012649110640673,10.0,10.601190708839042,7.167208805548275e-06,2.9645574000614955e-08,0.2593067681338071,99.58804342540792,932.3443452908532,2.9695763411521967,7.167208805548275e-06,2.2292645887906844e-12,6.893354091259842e-06,4.9639589550013215e-21,1.3763679569926886e-13,2.738523473870431e-07,6.236114237131671e-23,4.3337394114575874e-18,2.435299771743496e-13,3.0385846644621943e-10,1.7009426346427186e-13,3.644668071572958e-12,2.8122606918475643e-12,8.421347809490116e-20,3.2031123858431505e-09,1.8135020718728903e-09,-1.072125235656486,-7.9457396120974195,-999.999,CaUO2(CO3)3-2,(Hfo_sO)2UO2
10.0,10.8,7.196856730011529e-06,7.196856730011514e-05,1.0,0.001,5.623413251903491e-06,0.0002249365300761,10.0,10.608341904215733,5.673780714903545e-06,1.523073849123999e-06,0.0461119886656086,78.83692739419666,80.78630279277195,1.9073377329802983,5.673780714903545e-06,4.706160723910067e-12,2.535403826918039e-06,1.1543742949904232e-21,1.6219045439187781e-12,3.138370559920237e-06,4.5185982230101545e-22,2.952952788741704e-16,1.6056236162966645e-11,1.571585601386626e-08,5.941047980219569e-12,9.927857061172172e-11,4.843452240842341e-11,2.5203842199049203e-16,2.166355307800138e-09,3.9049133697198886e-11,5.898119840392212,-6.311443990363726,-999.999,UO2(OH)2,(Hfo_wO)2UO2
10.0,10.8,7.196856730011529e-06,0.0001930697728883,0.0158489319246111,1e-05,0.001,0.04,10.0,10.60115452597455,7.196523808077706e-06,3.306662980182004e-10,8.2,99.99537406472976,2654.1103822903565,3.423918980858005,7.196523808077706e-06,1.3144710753601196e-12,7.104054381034731e-06,5.0066581685525714e-20,4.645407090186226e-14,9.246806611777969e-08,2.0607885770017496e-22,4.6234475070057153e-20,2.5985311743869456e-15,3.2574700674875847e-12,1.7840133371002922e-14,3.724339457633685e-12,2.812489577501792e-11,9.494256703333242e-22,3.59477445917167e-11,2.294261277342529e-14,-4.974650046270369,-8.926992405316762,-999.999,CaUO2(CO3)3-2,(Hfo_sO)2UO2
10.0,10.8,7.196856730011529e-06,0.0005179474679231,0.001,0.01,0.0001778279410038,0.0071131176401556,10.0,10.601081624889677,7.064605197323721e-06,1.3225149257223134e-07,1.4581891162319167,98.16237091206348,36.63308232783509,1.5638734619801808,7.064605197323721e-06,1.3775415069848014e-12,6.960966844502348e-06,3.501987157760614e-20,5.206635344101675e-14,1.0363692321347832e-07,1.6487677918660885e-22,2.91413608462085e-19,1.6383912919535895e-14,2.0525045934398188e-11,8.018876352228384e-14,1.1961889783476648e-11,6.448293260943936e-11,3.6787043084909164e-22,8.044913765851969e-08,5.00675926655946e-08,-5.784691014494619,-8.27384518742399,-999.999,CaUO2(CO3)3-2,(Hfo_sO)2UO2
10.0,10.8,7.196856730011529e-06,0.0013894954943731,0.0039810717055349,0.001,0.001,0.04,10.0,10.601073848728245,6.420566233328444e-06,7.762904970150176e-07,8.2,89.21347852534169,1.0086377266293878,0.0037352082813155,6.420566233328444e-06,1.1709671653228833e-12,6.338319599899482e-06,2.8748348449193713e-19,4.1318401397141343e-14,8.224542114310746e-08,1.1796427282728976e-21,4.112304878930425e-20,2.3121108925712924e-15,2.9058723179219853e-12,1.0234546050832917e-13,1.3720275666094754e-10,6.668092310094118e-09,2.215094923864636e-22,7.293309129492412e-07,3.9920148974744476e-08,-6.242830715506315,-8.169275928876592,-999.999,CaUO2(CO3)3-2,(Hfo_sO)2UO2
10.0,10.8,7.196856730011529e-06,0.0013894954943731,0.2511886431509579,1e-05,3.1622776601683795e-05,0.0012649110640673,10.0,10.602884433066784,7.071417372814361e-06,1.254388026043684e-07,0.2593067681338071,98.25702578357472,217.40059032869183,2.337260719033373,7.071417372814361e-06,2.1797901100723986e-12,6.806224025709898e-06,1.3867043438781117e-19,1.3328183763362858e-13,2.651910340323741e-07,1.7085845424346952e-21,4.1965572646028686e-18,2.3398894524128764e-13,2.7589728191318953e-10,4.4383412029676536e-12,2.825194982225104e-09,6.167740066516474e-08,1.057952940174468e-18,3.7640941946191234e-08,1.0875388982818476e-11,1.1375784896616636,-6.508029210028907,-999.999,UO2(CO3)3-4,(Hfo_sO)2UO2
10.0,10.8,7.196856730011529e-06,0.0013894954943731,1.0,0.0,5.623413251903491e-06,0.0002249365300761,10.0,10.60834050437958,5.42566178998199e-06,1.7711932773930349e-06,0.0461119886656086,75.38932611172459,66.43132441198748,1.8223729108652176,5.42566178998199e-06,4.505280994313157e-12,2.5243436101131028e-06,2.254868719155832e-20,1.496149094889099e-12,2.901312178438767e-06,8.195345224350626e-21,2.7180998132232427e-16,1.4779353744930904e-11,1.4469690422551508e-08,1.0731290324157569e-10,3.517312732281713e-08,3.3665399759350866e-07,2.32044191581905e-16,0.0,0.0,5.825430227760368,-5.054761807569056,-999.999,UO2(CO3)3-4,(Hfo_wO)2UO2
10.0,10.8,7.196856730011529e-06,0.0037275937203149,0.001,1e-05,0.0001778279410038,0.0071131176401556,10.0,10.601057931660527,4.960890147867435e-06,2.235966579692638e-06,1.4581891162319167,68.9313450854188,1.5215297552625695,0.1822804499048221,4.960890147867435e-06,9.441833147294333e-13,4.891603328358107e-06,7.877497294427402e-19,3.4808310643974464e-14,6.928584051691115e-08,3.528430119672908e-21,1.9481904745685876e-19,1.0954349787538556e-14,1.3773492306469972e-11,1.7221490004114948e-12,8.1941795757061e-09,1.4139775305257728e-06,2.6655980345782462e-22,8.12450456830324e-07,2.3369721869667763e-10,-6.093505976899017,-6.943431553557279,-999.999,UO2(CO3)3-4,(Hfo_sO)2UO2
10.0,10.8,7.196856730011529e-06,0.0037275937203149,0.0630957344480193,1e-05,5.623413251903491e-06,0.0002249365300761,10.0,10.601513129830822,1.0142075389483387e-06,6.1826491906945855e-06,0.0461119886656086,14.092368057279836,3.557446497310743,0.5511383771758749,1.0142075389483387e-06,2.764256163770716e-13,9.84721271924749e-07,9.50873348647916e-20,1.4816969085031664e-14,2.948597578090864e-08,9.003779690099177e-22,2.6230904003137855e-18,1.4718313547940176e-13,1.8207745161083903e-10,1.3708058106402818e-11,3.966723863314351e-08,4.104321042942724e-06,1.923185953006108e-19,2.023318949289108e-06,4.92312311773465e-10,-0.3625072015255313,-6.036377386538488,-999.999,UO2(CO3)3-4,(Hfo_sO)2UO2
10.0,10.8,7.196856730011529e-06,0.01,0.0039810717055349,0.001,0.0001778279410038,0.0071131176401556,10.0,10.601103488548311,7.093181555753034e-08,7.1259249147919565e-06,1.4581891162319167,0.9855943812489468,0.0068263096071716,-2.165814018190852,7.093181555753034e-08,1.2786324230562384e-14,7.004440573840636e-08,2.5133802558967286e-20,4.458080004673484e-16,8.873965869665075e-10,1.006937460820095e-22,2.495100108407954e-21,1.402658830393391e-16,1.7593825667789674e-13,4.9036207967945855e-14,5.21023681441773e-10,2.0032825464295893e-07,1.2957331971937798e-23,6.809443463759201e-06,1.1561792978261735e-07,-8.73673302186505,-8.48802728086616,-999.999,CaUO2(CO3)3-2,(Hfo_sO)2UO2
10.0,10.8,3.727593720314938e-05,1e-05,0.001,1e-05,1e-06,4e-05,10.0,10.60104440378712,5.037909330062816e-06,3.2238019126338925e-05,0.0081999999999999,13.515178176760026,19.057597310346832,1.280068146006743,5.037909330062816e-06,3.1224737608485968e-12,4.85808840334704e-07,2.2626238995634374e-22,2.960749854878736e-12,4.552094406504496e-06,6.704373751248548e-22,3.8150680405943896e-15,2.1452827095565423e-10,2.699958815333444e-07,9.762018066564097e-11,1.3421349978336294e-09,6.69796938252269e-10,5.450413782646892e-18,1.257280933589725e-09,1.1825291734327968e-12,2.538533037407792,-5.1903507554257935,-999.999,UO2(OH)2,(Hfo_wO)2UO2
10.0,10.8,3.727593720314938e-05,1e-05,0.0630957344480193,0.0001,5.623413251903491e-06,0.0002249365300761,10.0,10.601502205960196,2.132552073902828e-05,1.5950378572037875e-05,0.0461119886656086,57.20988481874178,28.99444480978301,1.462314797224393,2.132552073902828e-05,1.3806008765399471e-11,2.7109899432664944e-06,6.996917081591331e-22,1.1206240591136389e-11,1.8614505783512425e-05,1.5192537985866878e-21,2.3767244224120346e-15,1.333661054501308e-10,1.6512614712028476e-07,3.322472445573997e-11,2.5676538203854757e-10,7.1009309744028e-11,1.7511371825496086e-16,6.98994536950483e-10,3.3988813966782165e-12,5.564330476825894,-5.652242350409601,-999.999,UO2(OH)2,(Hfo_wO)2UO2
10.0,10.8,3.727593720314938e-05,1e-05,0.2511886431509579,0.001,5.623413251903491e-06,0.0002249365300761,10.0,10.60288488001868,2.147140144524953e-05,1.5804497614091276e-05,0.0461119886656086,57.60123837593398,29.46224551582172,1.4692658442705495,2.147140144524953e-05,1.388267329277323e-11,2.711526211118411e-06,3.754125983416988e-22,1.1311257176483546e-11,1.875985004020065e-05,8.213426940734134e-22,2.402718257605541e-15,1.3396894601259148e-10,1.5793401935669148e-07,1.7265061902115454e-11,7.469523885736588e-11,1.1081229673632302e-11,6.054466540173638e-16,7.328867216596221e-10,2.2943306431978133e-11,6.654786875213105,-5.918002115573685,-999.999,UO2(OH)2,(Hfo_wO)2UO2
10.0,10.8,3.727593720314938e-05,1e-05,1.0,1e-05,3.1622776601683795e-05,0.0012649110640673,10.0,10.608338460058512,3.5439629133925265e-05,1.8362430807971064e-06,0.2593067681338071,95.07374406385422,74.4295072400412,1.871745143758237,3.5439629133925265e-05,2.91979582832948e-11,1.438997706485221e-05,9.25187528695226e-22,1.093892073412786e-11,2.1049611932194032e-05,4.279704287772469e-22,3.5613579555381016e-16,1.9364654788915864e-11,1.896231171573952e-08,1.0122148061032685e-12,2.387563679602816e-12,1.6448436852225557e-13,3.0403691732277167e-16,7.366302613278975e-14,1.3300313274137865e-17,6.0609038315806245,-7.080214704566156,-999.999,UO2(OH)2,(Hfo_wO)2UO2
10.0,10.8,3.727593720314938e-05,1e-05,1.0,0.01,0.0001778279410038,0.0071131176401556,10.0,10.60837292351425,3.7257337001854814e-05,1.853156776497669e-08,1.4581891162319167,99.9501013181957,1378.750857916301,3.1394857956844757,3.7257337001854814e-05,1.102092882570216e-11,3.5974620131561626e-05,1.9887477634706105e-21,6.44634453628088e-13,1.2827052047299131e-06,2.2423858508798802e-23,3.609200281482559e-18,1.962167995313717e-13,1.91316369965535e-10,8.783856034598753e-15,1.7888666087403574e-14,1.0596475662988516e-15,3.0746818464133433e-18,4.732596847429591e-13,8.486494112940639e-14,2.0721639998131494,-9.1400055299502,-999.999,UO2(OH)2,(Hfo_sO)2UO2
10.0,10.8,3.727593720314938e-05,2.6826957952797277e-05,0.001,0.0001,5.623413251903491e-06,0.0002249365300761,10.0,10.601044791851477,2.1225622649076396e-05,1.6050276985454972e-05,0.0461119886656086,56.94188863287139,28.67900337469108,1.4575640550713298,2.1225622649076396e-05,1.3753524729064718e-11,2.710619504568736e-06,3.1710804694339338e-21,1.113451570034042e-11,1.851497825646722e-05,6.84954794841111e-21,2.3590106867973453e-15,1.326512591685199e-10,1.6694135433773964e-07,1.516141373891493e-10,5.236092570469444e-09,6.563659145189018e-09,3.3957310567858074e-18,1.2071009870651046e-07,1.1122752601446007e-09,2.118330334714148,-4.999131387848699,-999.999,UO2(OH)2,(Hfo_wO)2UO2
10.0,10.8,3.727593720314938e-05,2.6826957952797277e-05,0.0039810717055349,1e-05,1e-06,4e-05,10.0,10.601066479031465,5.037002230756298e-06,3.2238926231710035e-05,0.0081999999999999,13.512744705264527,19.053629773878345,1.2799777223004984,5.037002230756298e-06,3.121973420206561e-12,4.858066311337859e-07,5.598795794091703e-22,2.959987914829525e-12,4.551189517661175e-06,1.6586551811336301e-21,3.813862839481679e-15,2.1443869928588382e-10,2.696695023209373e-07,2.4131639821438345e-10,8.215376067175523e-09,1.0145153855168972e-08,2.093883261617406e-17,1.673326140700008e-08,1.3819525415061958e-11,3.7101447484141294,-4.797003740668803,-999.999,UO2(OH)2,(Hfo_wO)2UO2
10.0,10.8,3.727593720314938e-05,7.196856730011514e-05,1.0,1e-05,3.1622776601683795e-05,0.0012649110640673,10.0,10.60833855675116,3.543943344871195e-05,1.8364387704629e-06,0.2593067681338071,95.07321909995528,74.42116515253024,1.871696465139335,3.543943344871195e-05,2.9197811443423864e-11,1.4389970560904488e-05,6.658542569467291e-21,1.093881903707328e-11,2.104942275117698e-05,3.0800620491331567e-21,3.56132374386455e-16,1.9364460142414792e-11,1.896196351474107e-08,7.284750877385579e-12,1.2366591226325583e-10,6.131535975437237e-11,3.0403409167705797e-16,2.7431740553150738e-11,4.947905797122728e-15,6.060860592286012,-6.223069269609297,-999.999,UO2(OH)2,(Hfo_wO)2UO2
10.0,10.8,3.727593720314938e-05,0.0005179474679231,1.0,0.0001,0.0001778279410038,0.0071131176401556,10.0,10.60833955046194,3.72560099960093e-05,1.9861274577205748e-08,1.4581891162319167,99.94654136519364,1286.3980515609787,3.109375373602016,3.72560099960093e-05,1.1020298508164522e-11,3.597339613152422e-05,1.1964030490834165e-19,6.445826688303524e-13,1.2826021996037785e-06,1.3489257697496713e-21,3.608909980926903e-18,1.9623117330449566e-13,1.9213366999644196e-10,5.305369630195793e-13,6.473932866387526e-11,2.3070885437092386e-10,3.0809097118137682e-18,1.0246801070281962e-09,1.834661189108732e-12,2.0721360885302857,-7.360727879564632,-999.999,CaUO2(CO3)3-2,(Hfo_sO)2UO2
10.0,10.8,3.727593720314938e-05,0.0013894954943731,1.0,0.0001,5.623413251903491e-06,0.0002249365300761,10.0,10.608340825403282,1.7373378099767734e-05,1.99025391620408e-05,0.0461119886656086,46.6074883780518,18.930493329606485,1.2771619318472698,1.7373378099767734e-05,1.1729713970072483e-11,2.693912664527823e-06,2.351713071144242e-20,8.481652653848841e-12,1.467944522387322e-05,4.0523828039673296e-20,1.726480066955143e-15,9.387522046304111e-11,9.190444164334905e-08,6.661292731539458e-10,2.1338466760030489e-07,1.996016062100082e-06,1.4738587765979153e-15,8.0406265319781e-06,1.305605223892426e-08,7.431236426351461,-4.261837610360846,-999.999,CaUO2(CO3)3-2,(Hfo_wO)2UO2
10.0,10.8,3.727593720314938e-05,0.0037275937203149,0.001,1e-05,3.1622776601683795e-05,0.0012649110640673,10.0,10.601057718506866,6.627571293580715e-06,3.064836588316771e-05,0.2593067681338071,17.779757642205606,0.8339369792001138,-0.078866767851197,6.627571293580715e-06,1.960859791070961e-12,6.399300158890217e-06,1.0063213639766996e-18,1.147185952907441e-13,2.2826905911109427e-07,1.1351447902249998e-20,3.6118574832342174e-18,2.0308891562958027e-13,2.5534850788527273e-10,3.117642446089743e-11,1.448568472348082e-07,2.440862078705001e-05,4.94010658911943e-21,6.073540230641153e-06,7.565403106330675e-10,-3.5575906276388665,-5.685665182871567,-999.999,UO2(CO3)3-4,(Hfo_sO)2UO2
10.0,10.8,3.727593720314938e-05,0.0037275937203149,0.0039810717055349,0.0,1e-06,4e-05,10.0,10.601079508054688,2.640706401931052e-07,3.701186656348584e-05,0.0081999999999999,0.708421196102869,0.8700922055275634,-0.06043472182971,2.640706401931052e-07,9.21154969922253e-14,2.512470177039967e-07,3.738132548370047e-20,6.4463804180865646e-15,1.2823523927193149e-08,6.033386786272798e-22,6.4199920183962415e-18,3.609495661975013e-13,4.5346530962717117e-10,5.239306169598617e-11,2.304846731360705e-07,3.674479528252621e-05,3.4310558422070304e-20,0.0,0.0,-1.873146309640937,-5.459911730535037,-999.999,UO2(CO3)3-4,(Hfo_sO)2UO2
10.0,10.8,3.727593720314938e-05,0.0037275937203149,1.0,0.0001,0.0001778279410038,0.0071131176401556,10.0,10.60834431143708,3.681682136671141e-05,4.5911187985640793e-07,1.4581891162319167,98.76833187604151,54.99382247160972,1.7403139073638616,3.681682136671141e-05,1.081321723720014e-11,3.5567853986122425e-05,8.520709168635037e-19,6.276675136334669e-13,1.248955939703372e-06,9.461613366617151e-21,3.5141657690057896e-18,1.910753542047685e-13,1.870068113569467e-10,3.719723394669916e-12,3.270833244555186e-09,8.396078353913139e-08,2.9998718199519943e-18,3.532268895141344e-07,5.98826972389717e-10,2.0472308092499816,-6.51475967636175,-999.999,CaUO2(CO3)3-2,(Hfo_sO)2UO2
10.0,10.8,3.727593720314938e-05,0.01,0.0158489319246111,0.001,5.623413251903491e-06,0.0002249365300761,10.0,10.601189591667689,1.624088295953151e-08,3.725969632199208e-05,0.0461119886656086,0.0435693484271653,0.009452713023655,-2.024443526718089,1.624088295953151e-08,2.941725430010576e-15,1.6035709610679758e-08,5.1047259206397076e-21,1.0307308860862102e-16,2.0517030404810662e-10,2.0653742026857197e-23,1.8242572919132958e-20,1.0251276786761677e-15,1.2818318156509253e-12,3.1719881431627125e-13,2.9981584639980183e-09,1.022677802073957e-06,3.630967778717922e-22,3.561602343599555e-05,6.178929579970339e-07,-5.835903227652466,-7.676029662944749,-999.999,CaUO2(CO3)3-2,(Hfo_sO)2UO2
10.0,10.8,0.0001930697728883,1e-05,0.001,0.01,3.1622776601683795e-05,0.0012649110640673,10.0,10.601081545456898,0.0001602758596845,3.279254518803e-05,0.2593067681338071,83.01447569281399,18.84860168893345,1.2752791369659198,0.0001602758596845,9.927300037363372e-11,1.5364857341736925e-05,1.4516098611187794e-21,9.443810576202376e-11,0.0001449108086317,4.329344619494189e-21,3.855732047753623e-15,2.167778009862041e-10,2.715286214467068e-07,1.9921455685080147e-11,5.581482921068151e-11,5.650293111926545e-12,5.2657414171888945e-18,7.2785628742660784e-09,4.676416079834913e-09,2.457359898798032,-5.87857177731868,-999.999,UO2(OH)2,(Hfo_wO)2UO2
10.0,10.8,0.0001930697728883,1e-05,0.0039810717055349,0.0001,0.0001778279410038,0.0071131176401556,10.0,10.601067007371457,0.0001911761025257,1.892005980506554e-06,1.4581891162319167,99.01917823060371,69.29425760514778,1.8406972462463185,0.0001911761025257,1.5802922544232354e-10,8.063758473268051e-05,3.3344671858386363e-20,5.7313251410568366e-11,0.0001105383024505,1.4454455201769972e-20,3.310633154061117e-16,1.8614359507113767e-11,2.340755581364902e-08,7.515725839552323e-12,9.180977716364243e-11,4.067971203564126e-11,1.8571831256627105e-18,6.733829672878075e-10,5.581068037260088e-12,1.5859902466652862,-6.30360000338078,-999.999,UO2(OH)2,(Hfo_wO)2UO2
10.0,10.8,0.0001930697728883,1e-05,0.0039810717055349,0.01,0.001,0.04,10.0,10.60110352376366,0.0001930509075849,1.7181521092042363e-08,8.2,99.99022876386172,1370.2391937125428,3.1367963857272567,0.0001930509075849,5.4495825436868286e-11,0.0001870171609513,1.7973500269522315e-20,3.0321031058320718e-12,6.033689105580159e-06,1.8337246854591284e-22,3.0186919897389723e-18,1.6970037693903208e-13,2.1239454104619872e-10,1.5855010856446182e-14,4.5219026430281815e-14,4.65663727681032e-15,1.5538558405293694e-20,5.832195050870414e-12,3.640727786178651e-12,-2.56243781622711,-8.977429994979506,-999.999,UO2(OH)2,(Hfo_sO)2UO2
10.0,10.8,0.0001930697728883,1e-05,0.2511886431509579,1e-05,1e-06,4e-05,10.0,10.602881577201694,7.810830351172632e-06,0.0001852588772239,0.0081999999999999,4.045599802766929,5.141671486959698,0.7111043251348583,7.810830351172632e-06,4.848497080198761e-12,4.907660145685508e-07,7.195489345365216e-23,5.800387755496492e-12,7.320053687719244e-06,3.393908429199478e-22,9.105628923326562e-15,5.077124878071042e-10,5.988020341862235e-07,6.931916546875647e-11,3.174546230648927e-10,4.9873231645158287e-11,2.2965467332389773e-15,3.304924605465377e-11,1.0370820714196279e-14,7.812539738992655,-5.314504198090262,-999.999,UO2(OH)2,(Hfo_wO)2UO2
10.0,10.8,0.0001930697728883,1e-05,0.2511886431509579,1e-05,3.1622776601683795e-05,0.0012649110640673,10.0,10.60288155823731,0.0001610201728611,3.204822556987819e-05,0.2593067681338071,83.39999081797228,19.37592512004427,1.2872624474332452,0.0001610201728611,9.968463207108176e-11,1.536664802666553e-05,2.253141914321236e-21,9.50667929102404e-11,0.000145653330083,6.753514259493715e-21,3.887320715762155e-15,2.1674960186594963e-10,2.5563721046028265e-07,2.959494936335122e-11,1.355405296237563e-10,2.129504592951052e-11,9.806959411321486e-16,1.4111303133875038e-11,4.428059901446226e-15,7.0732110381515945,-5.684140224483539,-999.999,UO2(OH)2,(Hfo_wO)2UO2
10.0,10.8,0.0001930697728883,2.6826957952797277e-05,0.001,0.01,0.001,0.04,10.0,10.6010815565233,0.0001930507322046,1.7360576339395974e-08,8.2,99.99013792610272,1356.1054517904515,3.1322934619130827,0.0001930507322046,5.449574863101621e-11,0.0001870169972916,4.7609266635984996e-20,3.032097214209204e-12,6.033677385203265e-06,4.8572728179128645e-22,3.018686064929432e-18,1.6971721208043837e-13,2.1258311683462839e-10,4.2026507824885245e-14,3.1727713401803643e-13,8.654643552123811e-14,4.2165975181745745e-21,1.1136797129350463e-10,7.147700939243244e-11,-3.755186905086624,-8.554371638095372,-999.999,UO2(OH)2,(Hfo_sO)2UO2
10.0,10.8,0.0001930697728883,0.0001930697728883,0.0039810717055349,0.01,0.0001778279410038,0.0071131176401556,10.0,10.601103496520595,0.0001857779833424,7.290373771732556e-06,1.4581891162319167,96.22323606808963,17.475539699644084,1.2424305970047258,0.0001857779833424,1.5384464128071904e-10,8.043405122055938e-05,1.3766812474542428e-19,5.453768892549758e-11,0.0001053437237395,5.701670545729565e-20,3.1455601382934216e-16,1.768324857049364e-11,2.213325835326948e-08,2.94246081809995e-11,1.4944620780693811e-09,2.7408063552001212e-09,1.600062411538299e-18,3.394873833851907e-06,2.0959849875512022e-06,1.473673006738558,-5.708908554024319,-999.999,CaUO2(CO3)3-2,(Hfo_wO)2UO2
10.0,10.8,0.0001930697728883,0.0001930697728883,0.0158489319246111,0.01,3.1622776601683795e-05,0.0012649110640673,10.0,10.601190997191232,0.0001460858056541,4.698278028674013e-05,0.2593067681338071,75.66477313806196,11.991001416832653,1.0788554542951343,0.0001460858056541,9.153093195189008e-11,1.532827254553758e-05,1.9755285940654302e-20,8.281029710315408e-11,0.0001307573587673,5.329129154660415e-20,3.2856040793930927e-15,1.8463085755112566e-10,2.303711787825235e-07,2.308023015444033e-10,8.851063197030072e-09,1.2223217732627421e-08,6.405128952651011e-17,1.3830944644203576e-05,7.779522447151475e-06,4.687405517809452,-4.81319466464616,-999.999,CaUO2(CO3)3-2,(Hfo_wO)2UO2
10.0,10.8,0.0001930697728883,0.0001930697728883,0.0630957344480193,0.001,3.1622776601683795e-05,0.0012649110640673,10.0,10.601506026585165,0.0001485303336186,4.453823161728634e-05,0.2593067681338071,76.93091020754905,12.86081037007179,1.1092683346972434,0.0001485303336186,9.285151104432996e-11,1.533493245308052e-05,4.8195598120918624e-20,8.476613144179377e-11,0.0001331952235479,1.3237749484051868e-19,3.379627264123484e-15,1.8963906438712022e-10,2.346946327941377e-07,5.750566987939667e-10,5.414019541626258e-08,1.823246237462333e-07,2.484960867136217e-16,1.71840187723867e-05,7.996878650014054e-07,5.867868447467625,-4.413805688002856,-999.999,CaUO2(CO3)3-2,(Hfo_wO)2UO2
10.0,10.8,0.0001930697728883,0.0037275937203149,0.001,0.01,1e-06,4e-05,10.0,10.601084360566944,1.3714323041999076e-07,0.0001929326296666,0.0081999999999999,0.0710329889388313,0.0866871727527586,-1.062045161057067,1.3714323041999076e-07,3.3384309117038496e-14,1.3398162972777306e-07,4.811599430518362e-21,1.588549921866066e-15,3.161565719353879e-09,3.5904296571653743e-23,1.5812827531508321e-18,8.890206835883774e-14,1.1144860301220607e-10,3.108237355721134e-12,3.3074855193449023e-09,1.272747228803083e-07,2.0376628991205064e-21,0.0001282660305472,6.452701605544232e-05,-4.310832819757714,-6.685746257187603,-999.999,CaUO2(CO3)3-2,(Hfo_sO)2UO2
10.0,10.8,0.0001930697728883,0.0037275937203149,0.0630957344480193,0.001,5.623413251903491e-06,0.0002249365300761,10.0,10.60151428263407,1.298679216577445e-06,0.0001917710936806,0.0461119886656086,0.6726476118706703,0.1468604629511896,-0.8330951070908206,1.298679216577445e-06,4.091491040096819e-13,1.2477159186794404e-06,9.419788434874198e-20,2.561419147216045e-14,5.0962863134613755e-08,1.21668807611883e-21,4.535419858154697e-18,2.5448370803742993e-13,3.1476788767283927e-10,1.8528099685598625e-11,4.192454548014829e-08,3.391515418503901e-06,3.321881191542472e-19,0.0001834167638427,4.8952199030736055e-06,0.1143675083357607,-5.905457069888445,-999.999,CaUO2(CO3)3-2,(Hfo_sO)2UO2
10.0,10.8,0.0001930697728883,0.0037275937203149,0.0630957344480193,0.001,0.0001778279410038,0.0071131176401556,10.0,10.601514444634356,3.575603365019036e-05,0.0001573137392294,1.4581891162319167,18.51974709209001,0.155872259495707,-0.8072311690954685,3.575603365019036e-05,1.0324230830158314e-11,3.4585066186530054e-05,2.6894933896915292e-18,5.884557168565974e-13,1.1709565509710394e-06,2.8795369164810485e-20,3.2945553263968358e-18,1.8485830563222252e-13,2.2864688915818944e-10,1.386317933199762e-11,3.23117548590929e-08,2.692417566102085e-06,2.411808210177658e-19,0.0001504230161007,4.14734663709111e-06,-0.1635175680723577,-6.031421324765416,-999.999,CaUO2(CO3)3-2,(Hfo_sO)2UO2
10.0,10.8,0.0001930697728883,0.0037275937203149,0.2511886431509579,0.01,0.0001778279410038,0.0071131176401556,10.0,10.602922228906197,3.8409695968311774e-05,0.0001546600768486,1.4581891162319167,19.894204770484,0.1703133908095035,-0.7687512044974869,3.8409695968311774e-05,1.1577525095074115e-11,3.70347354316813e-05,1.174519685155755e-18,6.910099208581684e-13,1.3749482680942834e-06,1.3789147330218268e-20,3.868942007852905e-18,2.1568443962869002e-13,2.5323348541987587e-10,6.343354713167982e-12,6.3109440093813454e-09,2.1445954520906853e-07,9.668856956208904e-19,0.0001218014871842,3.2616362489306706e-05,1.0610258955605405,-6.351156726399095,-999.999,CaUO2(CO3)3-2,(Hfo_sO)2UO2
10.0,10.8,0.0001930697728883,0.01,0.0158489319246111,1e-05,5.623413251903491e-06,0.0002249365300761,10.0,10.601187374042416,1.0979172882392323e-06,0.0001919718556013,0.0461119886656086,0.5686634794325302,0.1240275624655158,-0.9064817914787362,1.0979172882392323e-06,3.118348729087624e-13,1.063164919698065e-06,3.444723729841658e-19,1.7464031453231358e-14,3.475203924191502e-08,3.560689079825388e-21,3.091852225977784e-18,1.7374608716299555e-13,2.1720188170562151e-10,5.4704711736440077e-11,5.264125639741458e-07,0.0001827595183226,6.137313579889837e-20,8.668097548153329e-06,2.0474807243368543e-10,-1.3803174209044542,-5.439227512553952,-999.999,UO2(CO3)3-4,(Hfo_sO)2UO2
10.0,10.8,0.0001930697728883,0.01,0.0630957344480193,0.0,5.623413251903491e-06,0.0002249365300761,10.0,10.601531519900153,1.584792538053106e-06,0.0001914849803499,0.0461119886656086,0.820839282268063,0.17948321933162,-0.7459761492714632,1.584792538053106e-06,5.84897172436922e-13,1.4981063682628918e-06,3.6291287687320413e-19,4.358243842049767e-14,8.668554131023385e-08,6.6405858161779506e-21,7.719450699346206e-18,4.33106209470295e-13,5.34843345711197e-10,1.0103464040263168e-10,7.346929185029896e-07,0.0001907065377995,5.60752808393261e-19,0.0,0.0,0.5547219158358985,-5.168153874133802,-999.999,UO2(CO3)3-4,(Hfo_sO)2UO2
10.0,10.8,0.001,2.6826957952797277e-05,0.0039810717055349,1e-05,0.001,0.04,10.0,10.601067833801928,0.0009983012568413,1.6556842401109404e-06,8.2,99.83012568413184,73.53096246431527,1.8664702505930584,0.0009983012568413,8.283491540214237e-10,0.000450392106514,5.193236709464363e-19,2.8301006408082824e-10,0.000547908038968,1.997813853224141e-19,2.896175001159039e-16,1.6283965931450618e-11,2.0477069074592905e-08,1.833345740747968e-11,6.244813835152141e-10,7.715549180481664e-10,1.7434459656038994e-18,1.2677787569983063e-09,1.0430192469290109e-12,1.4697595376957082,-5.916327851684464,-999.999,UO2(OH)2,(Hfo_wO)2UO2
10.0,10.8,0.001,2.6826957952797277e-05,0.0630957344480193,0.0001,5.623413251903491e-06,0.0002249365300761,10.0,10.60150362075613,5.545975652444157e-05,0.0009445378902696,0.0461119886656086,5.545975652444157,1.273340996526959,0.1049447218616988,5.545975652444157e-05,3.688050193590298e-11,2.7731185883128947e-06,1.8965500573948744e-21,4.9795773582450544e-11,5.268655125985314e-05,1.1394509624721603e-20,1.6580446840555256e-14,9.303793042600367e-10,1.1518810159031355e-06,6.141519956767913e-10,1.2577315826049713e-08,9.216877905753278e-09,1.221399075461954e-15,9.034215074806608e-08,4.374020209577991e-10,7.251306274319301,-4.385407901467884,-999.999,UO2(OH)2,(Hfo_wO)2UO2
10.0,10.8,0.001,7.196856730011514e-05,0.2511886431509579,1e-05,1e-06,4e-05,10.0,10.60288283459392,9.969995758054448e-06,0.0009900295813465,0.0081999999999999,0.9969995758054448,1.2280977903432648,0.0892329499611231,9.969995758054448e-06,6.664092179329691e-12,4.932461648459649e-07,5.1877814166291205e-22,9.048330919409668e-12,9.47673388078538e-06,3.151930532361719e-21,1.7115455523218103e-14,9.543196037343536e-10,1.1254772955597058e-06,9.346390544631352e-10,3.0706079230361475e-08,3.46052760619217e-08,4.316369224320061e-15,2.2792416911495248e-08,7.108467014634214e-12,8.360552097372612,-4.184693585777016,-999.999,UO2(OH)2,(Hfo_wO)2UO2
10.0,10.8,0.001,7.196856730011514e-05,0.2511886431509579,0.01,0.0001778279410038,0.0071131176401556,10.0,10.602918682686877,0.0009601392648838,3.981965671620453e-05,1.4581891162319167,96.01392648838832,16.53571073685718,1.2184228664684376,0.0009601392648838,5.911221537882808e-10,8.653591002928356e-05,5.402283264764839e-20,5.817895336387964e-10,0.0008736021819429,1.7246250792842465e-19,4.316641200002592e-15,2.4064654915260085e-10,2.82508557029428e-07,1.3929810889288028e-10,2.7283992778407702e-09,1.8251094471496034e-09,1.079984947872694e-15,1.1832436573143617e-06,3.616410645290244e-07,7.158728861044281,-5.009473061285284,-999.999,CaUO2(CO3)3-2,(Hfo_wO)2UO2
10.0,10.8,0.001,0.0005179474679231,0.001,0.0,0.001,0.04,10.0,10.601047426084484,0.0009920689913868,7.891132285391865e-06,8.2,99.20689913868829,15.331643034781012,1.1855886990619926,0.0009920689913868,8.233303295431647e-10,0.0004501212763781,1.0329152526409017e-17,2.79845025703636e-10,0.0005419466118334,3.9327075714759696e-18,2.8628988838552697e-16,1.6098381282418018e-11,2.0257186400092876e-08,3.608792181369407e-10,2.444985606938147e-07,6.011895952873536e-06,5.495283828280363e-19,0.0,0.0,0.2784265471323799,-4.622458841946614,-999.999,UO2(CO3)3-4,(Hfo_wO)2UO2
10.0,10.8,0.001,0.0005179474679231,0.2511886431509579,0.01,5.623413251903491e-06,0.0002249365300761,10.0,10.6029187558954,5.489362866262287e-05,0.0009451040566597,0.0461119886656086,5.489362866262287,1.259587843279954,0.1002284604577489,5.489362866262287e-05,3.6334507043605656e-11,2.772547546428228e-06,4.688841266711074e-21,4.879958400175773e-11,5.212099598210356e-05,2.787399604622559e-20,1.6096466565261902e-14,8.9735459749481e-10,1.0534808791012149e-06,1.407168500128231e-09,7.466268569503689e-08,1.3529761341938504e-07,4.022144668872408e-15,8.618074642563936e-05,2.587970916741137e-05,8.30188489969283,-4.005082920134917,-999.999,CaUO2(CO3)3-2,(Hfo_wO)2UO2
10.0,10.8,0.001,0.0037275937203149,0.0630957344480193,0.001,0.0001778279410038,0.0071131176401556,10.0,10.601509339248384,0.0002268402413635,0.0007731578349811,1.4581891162319167,22.6840241363528,0.2012046841291453,-0.6963619129413559,0.0002268402413635,1.8412644236256039e-10,8.171606222653571e-05,2.918356846844238e-18,7.600846137019601e-11,0.000145123919002,1.6389660674467033e-18,4.4350215369782234e-16,2.488559946384542e-11,3.078786025493887e-08,8.57246506036382e-10,9.173977316362552e-07,3.510658830782814e-05,3.247134520024735e-17,0.0007271734351159,7.434750687869943e-06,4.099523304537502,-4.240273302442558,-999.999,CaUO2(CO3)3-2,(Hfo_wO)2UO2
10.0,10.8,0.001,0.01,0.001,0.001,0.001,0.04,10.0,10.601074793371774,0.0001505829829134,0.0008494170139648,8.2,15.058298291346826,0.0216192731039889,-1.66515891224365,0.0001505829829134,3.792782601739558e-11,0.0001468603140764,4.326591689469002e-17,1.870512435611436e-12,3.722629038613559e-06,3.4680968722548964e-19,1.8620076171469353e-18,1.0468945012374673e-13,1.314315303312792e-10,3.0067553534910704e-11,2.6209840101853257e-07,8.273815468217831e-05,2.3106217288567277e-21,0.0007628897772772,3.5163568392233204e-06,-4.173658291838571,-5.700777087635245,-999.999,CaUO2(CO3)3-2,(Hfo_sO)2UO2
10.0,10.8,0.001,0.01,0.0039810717055349,0.0,5.623413251903491e-06,0.0002249365300761,10.0,10.601095431360282,2.401803855050659e-06,0.0009975981960472,0.0461119886656086,0.2401803855050659,0.0522117235726968,-1.2822319699619296,2.401803855050659e-06,1.3810833365993206e-12,2.050323946796024e-06,5.391874066720757e-19,1.7712828939017605e-13,3.514783500424415e-07,2.9229126385459117e-20,3.144758437152247e-17,1.7679398310661518e-12,2.215007789454512e-09,4.5240993658817976e-10,3.5271327322457435e-06,0.0009938916898398,1.6043913348899592e-19,0.0,0.0,-0.5411370479165498,-4.522495452889402,-999.999,UO2(CO3)3-4,(Hfo_sO)2UO2
10.0,10.8,0.001,0.01,0.0158489319246111,0.001,0.001,0.04,10.0,10.601183058703535,0.0001763497767137,0.0008236502206499,8.2,17.634977671374255,0.026110683627298,-1.5831817573736648,0.0001763497767137,4.7544244102057427e-11,0.0001713363702803,4.371710405822009e-17,2.5192278578887108e-12,5.013356369904344e-06,4.045110598396075e-19,2.507935351662323e-18,1.4093578280257274e-13,1.7625093532794678e-10,3.4956133073213373e-11,2.648012211312606e-07,7.239720611703402e-05,4.966832582179104e-20,0.0007471326223025,3.841305216811004e-06,-1.5527580971681374,-5.633881839603557,-999.999,CaUO2(CO3)3-2,(Hfo_sO)2UO2
10.0,10.8,0.001,0.01,0.2511886431509579,0.0001,0.0001778279410038,0.0071131176401556,10.0,10.60290149280062,0.000182161425057,0.0008178385215664,1.4581891162319167,18.216142505706213,0.1527478127150172,-0.8160249999567641,0.000182161425057,1.5100031794010883e-10,8.029035231077419e-05,8.87760883435944e-18,5.268672226342236e-11,0.0001018708690592,3.561907629384622e-18,3.035724721876979e-16,1.6925069236401466e-11,1.990458599952199e-08,1.7379995413034603e-09,6.019046114087664e-06,0.0007131162159805,7.614526988436679e-17,9.700670232090912e-05,6.231574605031425e-09,4.845229834035305,-3.914104970995409,-999.999,UO2(CO3)3-4,(Hfo_wO)2UO2
11.0,9.8,1e-08,1e-05,0.0158489319246111,1e-05,5.623413251903491e-06,0.0002249365300761,11.0,9.601157710998656,9.408772680033018e-09,5.912273195423008e-10,0.0461119886656086,94.08772680033016,345.11563091502813,2.5379646297244385,9.408772680033018e-09,1.700220859448573e-16,9.290476030238906e-09,6.864870939860502e-24,5.942952401055052e-18,1.1829647382906792e-10,2.764179292054927e-26,1.05182313115491e-22,5.911508896869742e-17,7.409879131842828e-13,4.2549481604534215e-18,9.313899271282652e-17,7.374387361763327e-17,2.1566746774153376e-24,9.773729355053394e-17,6.467729041183777e-20,-4.261168746401303,-12.54946287292871,-999.999,UO2(OH)2,(Hfo_sO)2UO2
11.0,9.8,1e-08,1e-05,1.0,0.0,5.623413251903491e-06,0.0002249365300761,11.0,9.608343656285967,9.461727711594547e-09,5.382722883617565e-10,0.0461119886656086,94.61727711594548,381.2014743285398,2.581154571639718,9.461727711594547e-09,1.7098212451085514e-16,9.34276087545405e-09,7.2996724934374645e-25,5.976621061962467e-18,1.1896665918175034e-10,2.9393642520029256e-27,1.0577820403245693e-22,5.751484167618447e-17,5.631028001698403e-13,3.6529888779069945e-19,1.0472550742771736e-18,8.767597728816218e-20,9.029922319641246e-23,0.0,0.0,-0.9936407714913856,-13.522775668821758,-999.999,UO2(OH)2,(Hfo_sO)2UO2
11.0,9.8,1e-08,2.6826957952797277e-05,0.0158489319246111,0.01,3.1622776601683795e-05,0.0012649110640673,11.0,9.60119467021307,9.89012523321088e-09,1.0987476673119207e-10,0.2593067681338071,98.9012523321088,347.12826082955405,2.540489972423075,9.89012523321088e-09,1.7825200625021846e-16,9.766435617690304e-09,3.122645089244473e-24,6.213877286997438e-18,1.2368943105469202e-10,1.25060202278684e-26,1.9557023880812973e-23,1.098966560404832e-17,1.371043123986263e-13,3.4078010036610134e-19,3.2424690245101294e-18,1.1108677808883958e-18,3.795858136795326e-25,1.2532953123418682e-15,7.02796168599848e-16,-5.764056607599024,-13.643910698996375,-999.999,UO2(OH)2,(Hfo_sO)2UO2
11.0,9.8,1e-08,2.6826957952797277e-05,0.0630957344480193,0.01,1e-06,4e-05,11.0,9.601542625923704,7.356004191962288e-09,2.6439958095600517e-09,0.0081999999999999,73.56004191962288,339.2871042771771,2.530567353167976,7.356004191962288e-09,1.3440190604093628e-16,7.261427221545099e-09,2.4829743628233222e-24,4.7513476521116944e-18,9.45768312639332e-11,1.0226687978819406e-26,4.728886286678332e-22,2.653045334743158e-16,3.26917964509288e-12,8.718011388485036e-18,8.967251776648222e-17,3.285561570954893e-17,3.390529805767628e-23,2.9868293208978134e-14,1.3351175863607864e-14,-1.8571128378669783,-12.231290882684242,-999.999,UO2(OH)2,(Hfo_sO)2UO2
11.0,9.8,1e-08,2.6826957952797277e-05,0.2511886431509579,0.0,3.1622776601683795e-05,0.0012649110640673,11.0,9.602885988666248,9.892642746509974e-09,1.0735725362668442e-10,0.2593067681338071,98.92642746509974,355.3588045988962,2.5506670802718903,9.892642746509974e-09,1.7829740732180254e-16,9.768921607594085e-09,5.393075088716999e-24,6.215460949035605e-18,1.2372095440301608e-10,2.1598973126132103e-26,1.9562008163349485e-23,1.090718076183965e-17,1.2862071067913214e-13,5.606639052858479e-19,9.669257386335494e-18,5.719827921472243e-18,4.9325195654849714e-24,0.0,0.0,-3.523558430604055,-13.406596721654314,-999.999,UO2(OH)2,(Hfo_sO)2UO2
11.0,9.8,1e-08,2.6826957952797277e-05,0.2511886431509579,1e-05,0.001,0.04,11.0,9.602886024720824,9.996573451823342e-09,3.426548253033513e-12,8.2,99.9657345182334,355.77912037684865,2.551180457038525,9.996573451823342e-09,1.8006550515744126e-16,9.871700109356196e-09,5.4453744118033595e-24,6.2733437699372624e-18,1.248731561282916e-10,2.178235748234102e-26,6.243657884333411e-25,3.481273153736494e-19,4.105201785076641e-15,1.788019687143469e-20,3.081134690086868e-19,1.821153179452101e-19,1.5743101330203383e-25,1.1964871947879568e-19,3.7219200423701e-23,-6.515512591617892,-14.902925109031711,-999.999,UO2(OH)2,(Hfo_sO)2UO2
11.0,9.8,1e-08,7.196856730011514e-05,0.0039810717055349,0.01,0.001,0.04,11.0,9.601107121671806,9.996486854264767e-09,3.5131455314325293e-12,8.2,99.96486854264766,347.00633714371605,2.5403374060917847,9.996486854264767e-09,1.8006394526960802e-16,9.87161459358311e-09,8.090857007397762e-24,6.273289423571715e-18,1.24872074344415e-10,3.236470558045795e-26,6.243603795313137e-25,3.509878999717164e-19,4.392595639046574e-15,2.796494328399307e-20,6.802178194894497e-19,5.973850354653711e-19,3.1347285814831584e-27,7.351323792916276e-16,4.508676099449197e-16,-9.931901962084671,-14.730958329607729,-999.999,UO2(OH)2,(Hfo_sO)2UO2
11.0,9.8,1e-08,0.0001930697728883,0.001,0.0001,0.0001778279410038,0.0071131176401556,11.0,9.601048786376603,9.979583904609481e-09,2.041609449953585e-11,1.4581891162319167,99.7958390460948,335.2169067503162,2.5253259142637443,9.979583904609481e-09,1.797754447259269e-16,9.854900364876721e-09,1.888130545966506e-22,6.2638087071393995e-18,1.2468335369331892e-10,7.554196120658428e-25,3.5057303633691235e-24,1.971296675625199e-18,2.4804186913433808e-14,3.689417614821167e-18,2.0870750723431718e-15,4.2846746634244105e-14,4.9310343195252476e-27,6.31134303028859e-13,4.657203826812407e-15,-9.547253879485432,-12.612841709463158,-999.999,CaUO2(CO3)3-2,(Hfo_sO)2UO2
11.0,9.8,1e-08,0.0001930697728883,0.0039810717055349,0.0001,3.1622776601683795e-05,0.0012649110640673,11.0,9.601070887190534,9.887349296732794e-09,1.1265070248229788e-10,0.2593067681338071,98.87349296732792,338.47930481038173,2.529532120343431,9.887349296732794e-09,1.7820194476687172e-16,9.763694440466682e-09,1.6875044406091706e-22,6.212131062915575e-18,1.236546718518673e-10,6.758359258275261e-25,1.955152796540642e-23,1.0992841882505054e-17,1.3820987254731982e-13,1.8548605123442078e-17,9.472010987037192e-15,1.7541750835928729e-13,1.0652619963817914e-25,2.4182621134519668e-12,1.6689126758341927e-14,-6.87737946438039,-11.9111885516952,-999.999,CaUO2(CO3)3-2,(Hfo_sO)2UO2
11.0,9.8,1e-08,0.0001930697728883,0.0630957344480193,0.0,5.623413251903491e-06,0.0002249365300761,11.0,9.601506453660472,9.411330523842652e-09,5.886694761351367e-10,0.0461119886656086,94.1133052384265,346.7094319105682,2.539965656398237,9.411330523842652e-09,1.7006845710410404e-16,9.293001503715396e-09,8.012523918965173e-23,5.944578614073759e-18,1.1832884411414167e-10,3.226294098441836e-25,1.0521109493809116e-22,5.903637533670211e-17,7.308371134357807e-13,4.9126704902092376e-17,1.2684933753276131e-14,1.171929630891111e-13,7.743802390289748e-24,0.0,0.0,-3.1449402013542382,-11.482325128087307,-999.999,UO2(OH)2,(Hfo_sO)2UO2
11.0,9.8,1e-08,0.0001930697728883,0.2511886431509579,0.001,0.0001778279410038,0.0071131176401556,11.0,9.602889905431624,9.980738597105132e-09,1.9261403012679175e-11,1.4581891162319167,99.80738597105132,355.35375636966705,2.550660910638151,9.980738597105132e-09,1.7979624797756756e-16,9.856040627646612e-09,3.624634572347507e-23,6.264533622763251e-18,1.2469778339770222e-10,1.4501752109180824e-25,3.506136084026643e-24,1.954879578044829e-18,2.3041245861219682e-14,6.690910473794085e-19,7.69045889709528e-17,3.03049797967084e-16,8.831738110983432e-25,1.9629543561579553e-14,6.017292329492298e-16,-5.017565658778636,-13.32960948812654,-999.999,UO2(OH)2,(Hfo_sO)2UO2
11.0,9.8,1e-08,0.0005179474679231,0.001,0.0,1e-06,4e-05,11.0,9.601049686450407,7.24059345257318e-09,2.759406548045494e-09,0.0081999999999999,72.40593452573181,319.9960521072,2.505144620324173,7.24059345257318e-09,1.3226344714201978e-16,7.147542781561034e-09,3.9645031995169763e-22,4.674669228709535e-18,9.305053407363296e-11,1.6321154627436541e-24,4.652569995706474e-22,2.616161769130943e-16,3.2914854494758728e-12,1.4173613643008294e-15,2.321437170191773e-12,1.3797135934267056e-10,6.512078450867609e-25,0.0,0.0,-5.308558142039452,-10.028275075216811,-999.999,UO2(CO3)3-4,(Hfo_sO)2UO2
11.0,9.8,1e-08,0.0005179474679231,0.0039810717055349,1e-05,3.1622776601683795e-05,0.0012649110640673,11.0,9.601071763859744,9.881478507862427e-09,1.1852149162456586e-10,0.2593067681338071,98.8147850786243,321.52220342255004,2.507210969455986,9.881478507862427e-09,1.7809607049820596e-16,9.757897163374562e-09,4.813654846257585e-22,6.2084380021938345e-18,1.23581160182874e-10,1.9278399600117084e-24,1.9539904740356202e-23,1.0986262373076379e-17,1.381130982189884e-13,5.2905220492911334e-17,7.711872877943093e-14,4.076416699260567e-12,1.0615149505099182e-25,4.401438496320627e-12,2.3788555960159867e-15,-6.882971849544624,-11.455958847893305,-999.999,CaUO2(CO3)3-2,(Hfo_sO)2UO2
11.0,9.8,1e-08,0.0005179474679231,0.0039810717055349,0.001,1e-06,4e-05,11.0,9.60107470264182,5.8841865900344505e-09,4.115813412841826e-09,0.0081999999999999,58.841865900344494,174.34797414602414,2.241416905412515,5.8841865900344505e-09,1.0720236436348654e-16,5.808971170734039e-09,1.6610127982282662e-22,3.778660458833072e-18,7.521530831921951e-11,6.801113109886448e-25,3.7607937017525854e-22,2.1144681984358362e-16,2.657425141892372e-12,5.900536529592047e-16,4.986858277336655e-13,1.5279205909653112e-11,2.0269053493813154e-24,1.8692352120099252e-09,1.1443670860382858e-10,-4.318927976407721,-10.408446731528944,-999.999,CaUO2(CO3)3-2,(Hfo_sO)2UO2
11.0,9.8,1e-08,0.0005179474679231,0.0039810717055349,0.001,0.0001778279410038,0.0071131176401556,11.0,9.601074702642052,9.961701404385618e-09,3.829859735722506e-11,1.4581891162319167,99.6170140438562,178.37615523382684,2.25133679879293,9.961701404385618e-09,1.7945326884204904e-16,9.837241334944733e-09,2.8128860234589763e-22,6.252582083217484e-18,1.2445988373475276e-10,1.125403341040993e-24,3.4994470419345705e-24,1.9675286838586438e-18,2.4727542347390642e-14,5.490557824074297e-18,4.640417372100994e-15,1.4217913023549018e-13,1.8860501390710932e-26,1.7393975531952538e-11,1.0648785802218696e-12,-8.381488173852638,-12.43972176521235,-999.999,CaUO2(CO3)3-2,(Hfo_sO)2UO2
11.0,9.8,1e-08,0.0013894954943731,0.0630957344480193,0.0001,5.623413251903491e-06,0.0002249365300761,11.0,9.601510048282243,9.107795004895153e-09,8.922049970416178e-10,0.0461119886656086,91.07795004895152,221.3781446892665,2.34513474342002,9.107795004895153e-09,1.6456622935237048e-16,8.993306521374501e-09,5.451180204772723e-22,5.751638664926594e-18,1.1448831320223591e-10,2.1944834004667864e-24,1.0179631225835798e-22,5.71193163547732e-17,7.068084802042378e-13,3.34018855469619e-16,6.065607887725943e-13,3.9395396435579836e-11,7.474688756643076e-24,2.8179846006033193e-10,9.9517521401902e-13,-3.179625953205509,-10.649696811459176,-999.999,CaUO2(CO3)3-2,(Hfo_sO)2UO2
11.0,9.8,1e-08,0.0037275937203149,0.0039810717055349,0.01,1e-06,4e-05,11.0,9.601109568654891,3.93136950463906e-10,9.60686305454916e-09,0.0081999999999999,3.93136950463906,4.990550013271603,0.6981484122697681,3.93136950463906e-10,7.08669544019076e-18,3.882186899173843e-10,2.147196953595195e-23,2.4708193099590614e-19,4.918253212722684e-12,8.602136445036724e-26,2.459127814589906e-23,1.3823977456057356e-17,1.7318980347615433e-13,7.440702358416553e-17,1.220034150294301e-13,7.230485007306962e-12,1.252491298725082e-25,6.524122555138236e-09,2.937069199873666e-09,-6.734834665403149,-11.306423455336468,-999.999,CaUO2(CO3)3-2,(Hfo_sO)2UO2
11.0,9.8,1e-08,0.0037275937203149,0.0039810717055349,0.01,0.001,0.04,11.0,9.601109568620917,9.761807322954492e-09,2.3819268194820926e-10,8.2,97.61807322954492,4.997904628892932,0.698787964567399,9.761807322954492e-09,1.7583664849273506e-16,9.639866700114006e-09,5.331754093488726e-22,6.126010815189741e-18,1.219404408772925e-10,2.1327838496051976e-24,6.097022115222838e-25,3.4274386139285405e-19,4.293969852129278e-15,1.8448210422855416e-18,3.024934222768852e-15,1.7927305438056088e-13,3.1053426768268694e-27,1.6175928566999576e-10,7.282170008703439e-11,-9.946161286243417,-12.912083147171291,-999.999,CaUO2(CO3)3-2,(Hfo_sO)2UO2
11.0,9.8,1e-08,0.0037275937203149,0.2511886431509579,1e-05,3.1622776601683795e-05,0.0012649110640673,11.0,9.602893479797482,9.869675417021962e-09,1.3032458407483496e-10,0.2593067681338071,98.69675417021962,292.0536715602013,2.465462670354218,9.869675417021962e-09,1.778832128579997e-16,9.74624186601235e-09,7.475886521890292e-22,6.2010132016932255e-18,1.23433366924635e-10,2.9940433993316653e-24,1.9516536553016908e-23,1.0881451780881282e-17,1.2820232552210604e-13,7.765210510452362e-17,1.8623177421927594e-13,1.5306619856038918e-11,4.9140293103363594e-24,7.733309709537006e-12,1.8483170898981503e-15,-3.5327216496476908,-11.264771734944494,-999.999,UO2(CO3)3-4,(Hfo_sO)2UO2
11.0,9.8,1e-08,0.0037275937203149,1.0,0.0,0.0001778279410038,0.0071131176401556,11.0,9.608348639450885,9.982001260494984e-09,1.7998739223808858e-11,1.4581891162319167,99.82001260494984,380.3309632047072,2.580161683291039,9.982001260494984e-09,1.798189964625679e-16,9.857287512040793e-09,2.875333891058365e-22,6.265326322526045e-18,1.2471356236957923e-10,1.150388533139641e-24,3.5065797426265525e-24,1.9065907990547205e-18,1.86560628194656e-14,4.518593864016441e-18,4.8388865303446185e-15,1.5124335321874986e-13,2.99349452965554e-24,0.0,0.0,-3.95496003889668,-12.430185421100834,-999.999,UO2(CO3)3-4,(Hfo_sO)2UO2
11.0,9.8,1e-08,0.0037275937203149,1.0,0.01,5.623413251903491e-06,0.0002249365300761,11.0,9.608382611768455,8.337723617552173e-09,1.662276386362489e-09,0.0461119886656086,83.37723617552173,108.77532935813642,2.036530406956293,8.337723617552173e-09,1.5061219027184847e-16,8.232971338061297e-09,2.0289560887759008e-22,5.2625136611223784e-18,1.0475212361596872e-10,8.16354668343958e-25,9.313944575433202e-23,5.0633678286372104e-17,4.93491135714711e-13,1.0101450578121234e-16,9.174147921855635e-14,2.4226003902983133e-12,7.935280780680159e-23,1.0152849182167384e-09,1.7077651098525989e-10,-1.1064261379310238,-11.079150306219262,-999.999,CaUO2(CO3)3-2,(Hfo_sO)2UO2
11.0,9.8,5.179474679231213e-08,1e-05,1.0,1e-05,0.0001778279410038,0.0071131176401556,11.0,9.608343690924974,5.1702238812356323e-08,9.250786153135513e-11,1.4581891162319167,99.82139505319576,383.2806155245274,2.583516855300233,5.1702238812356323e-08,9.318018485838982e-16,5.1055686747575864e-08,3.9882974419619844e-24,3.248126463714585e-17,6.465511004973476e-10,1.597152085775108e-26,1.8179126784022946e-23,9.884545134514196e-18,9.677486733214105e-14,6.276805360668303e-20,1.7991188503491082e-19,1.5059247521496483e-20,1.5518864087037537e-23,6.712461478002805e-21,1.2060979146153067e-24,-2.523287461347479,-14.287683563794118,-999.999,UO2(OH)2,(Hfo_sO)2UO2
11.0,9.8,5.179474679231213e-08,2.6826957952797277e-05,0.2511886431509579,0.01,0.0001778279410038,0.0071131176401556,11.0,9.602922085525218,5.1695042131750894e-08,9.970454567857052e-11,1.4581891162319167,99.80750043829536,355.5658823030827,2.5509200823365354,5.1695042131750894e-08,9.316720740061365e-16,5.10485801657013e-08,1.566363739960979e-23,3.247673828665541e-17,6.464610019007723e-10,6.272653308224025e-26,1.8176593472721466e-23,1.0133031092705148e-17,1.1894524109944058e-13,2.88271868002626e-19,2.775430786490948e-18,9.125136192671553e-19,4.540643677506384e-24,5.885697555880078e-16,1.7895232393867618e-16,-3.59264907833861,-13.69357855223053,-999.999,UO2(OH)2,(Hfo_sO)2UO2
11.0,9.8,5.179474679231213e-08,7.196856730011514e-05,0.2511886431509579,0.0001,5.623413251903491e-06,0.0002249365300761,11.0,9.602886439205164,4.872211359103405e-08,3.072633096930002e-09,0.0461119886656086,94.06767405660116,343.87576006771354,2.536401563318784,4.872211359103405e-08,8.924818003107139e-16,4.8092436737410113e-08,7.065241012840793e-23,3.1633665578974485e-17,6.29675929508412e-10,2.925278982506558e-25,5.59876140526085e-22,3.12169259301444e-16,3.6809851261172064e-12,4.2699020637680847e-17,1.959712478477224e-15,3.084910416245037e-15,1.411556304088422e-22,2.0190939131726422e-14,6.256713043861804e-17,-0.6103426969447625,-11.524857840919578,-999.999,UO2(OH)2,(Hfo_sO)2UO2
11.0,9.8,5.179474679231213e-08,7.196856730011514e-05,1.0,0.0,3.1622776601683795e-05,0.0012649110640673,11.0,9.608343739333264,5.1276134554823295e-08,5.186121202564945e-10,0.2593067681338071,98.99871653090923,381.2929399051762,2.5812587638663524,5.1276134554823295e-08,9.264976477338097e-16,5.063156911456854e-08,2.847105944359306e-23,3.2381488501470344e-17,6.445644813755929e-10,1.1461688769295342e-25,1.0191480096228628e-22,5.541417018435548e-17,5.425309401107312e-13,2.5330257517847505e-18,5.226389146922474e-17,3.149082109854833e-17,8.700119511956328e-23,0.0,0.0,-1.0259968699688358,-12.68178049801248,-999.999,UO2(OH)2,(Hfo_sO)2UO2
11.0,9.8,5.179474679231213e-08,0.0001930697728883,0.0039810717055349,0.001,0.001,0.04,11.0,9.601073990529088,5.177568198126413e-08,1.906469611430881e-11,8.2,99.96319161260806,331.19371642917304,2.5200820885415145,5.177568198126413e-08,9.326960401423948e-16,5.112881473611964e-08,5.115843272685694e-22,3.2497093683255906e-17,6.46866279950844e-10,2.0467557480880214e-24,3.2343316161492743e-24,1.8184761822631977e-18,2.2854852784270942e-14,1.7757580495375077e-18,5.251550645808563e-16,5.630397597873197e-15,1.744114949976821e-26,8.004181857553308e-13,5.69432919377258e-14,-8.447917587838482,-12.929963947875766,-999.999,CaUO2(CO3)3-2,(Hfo_sO)2UO2
11.0,9.8,5.179474679231213e-08,0.0001930697728883,0.0630957344480193,0.0,3.1622776601683795e-05,0.0012649110640673,11.0,9.601506453812954,5.122509161526803e-08,5.696550599563657e-10,0.2593067681338071,98.90016804343436,346.7823074894047,2.5400569320690853,5.122509161526803e-08,9.255724783732609e-16,5.0581171874068624e-08,4.361161694892049e-22,3.234905002955254e-17,6.439187832774433e-10,1.755676094376363e-24,1.0181270671223505e-22,5.712946117351142e-17,7.072305850714328e-13,4.7539876251675284e-17,1.2275200298178588e-14,1.1340752939298313e-13,7.493677159396335e-24,0.0,0.0,-3.1734593431935565,-11.496584714611224,-999.999,UO2(OH)2,(Hfo_sO)2UO2
11.0,9.8,5.179474679231213e-08,0.0001930697728883,0.2511886431509579,0.001,5.623413251903491e-06,0.0002249365300761,11.0,9.602889905580303,4.8719187224163945e-08,3.075559460480453e-09,0.0461119886656086,94.06202412673116,343.5279314290447,2.53596205426993,4.8719187224163945e-08,8.924272874551526e-16,4.8089549488616224e-08,1.7685299757020135e-22,3.1631700356503676e-17,6.296368114885534e-10,7.322372658335012e-25,5.598413583594376e-22,3.1214488297770413e-16,3.679104859626653e-12,1.0683693020078217e-16,1.2279718534070731e-14,4.838938796248224e-14,1.4102056654715551e-22,3.1343415375190387e-12,9.60809331457272e-14,-0.6110932484947682,-11.12637330437584,-999.999,UO2(OH)2,(Hfo_sO)2UO2
11.0,9.8,5.179474679231213e-08,0.0013894954943731,0.0630957344480193,0.0,5.623413251903491e-06,0.0002249365300761,11.0,9.601509752655527,4.8449371888110923e-08,3.3453748042588443e-09,0.0461119886656086,93.5410922701957,314.07221473056126,2.497029517032221,4.8449371888110923e-08,8.874015982679178e-16,4.7823340209971963e-08,2.955466593134277e-21,3.145053846181555e-17,6.260307592838459e-10,1.2234375926109485e-23,5.566350024812514e-22,3.1233601081486313e-16,3.865025175695405e-12,1.862238847553916e-15,3.4478059088359228e-12,2.2831211556545195e-10,4.087932185687273e-23,0.0,0.0,-1.7039314620920152,-9.903443339047088,-999.999,UO2(CO3)3-4,(Hfo_sO)2UO2
11.0,9.8,5.179474679231213e-08,0.0013894954943731,0.0630957344480193,1e-05,0.0001778279410038,0.0071131176401556,11.0,9.601509782116148,5.16803010397252e-08,1.1444567777778376e-10,1.4581891162319167,99.77903984540008,309.67902209065176,2.490911786891032,5.16803010397252e-08,9.314062544367448e-16,5.103402362445605e-08,3.147755588824071e-21,3.246746688492065e-17,6.462764513922664e-10,1.2605483986441113e-23,1.81714044456051e-23,1.0196238432961024e-17,1.261737790284357e-13,6.067465677436007e-17,1.1211684844200225e-13,7.40989535525914e-12,1.3344875466105584e-24,5.277587226243084e-12,1.8558223695247683e-15,-4.676297017274152,-11.390470311941773,-999.999,UO2(CO3)3-4,(Hfo_sO)2UO2
11.0,9.8,5.179474679231213e-08,0.0037275937203149,0.0039810717055349,1e-05,5.623413251903491e-06,0.0002249365300761,11.0,9.601083354625477,2.6170869467307337e-08,2.562387735433877e-08,0.0461119886656086,50.52803824343026,22.14927177194765,1.345359451975623,2.6170869467307337e-08,4.756609173419988e-16,2.5837953288890398e-08,8.351138600868525e-21,1.672497739850581e-17,3.3291568602266524e-10,3.402685740809353e-23,2.960103071889991e-22,1.6642216846958364e-16,2.089356021404692e-12,5.244346110282072e-15,5.015127738417282e-11,1.7368790710598198e-08,1.5597730380008452e-24,6.538121508357141e-09,1.2303631704998766e-12,-4.569368661273877,-9.459205583567554,-999.999,UO2(CO3)3-4,(Hfo_sO)2UO2
11.0,9.8,5.179474679231213e-08,0.0037275937203149,0.0630957344480193,1e-05,0.001,0.04,11.0,9.60151628004317,5.173939470288224e-08,5.535206838729169e-11,8.2,99.89313184664876,113.9918067142716,2.0568736370675627,5.173939470288224e-08,9.32042289732846e-16,5.1092980909759575e-08,8.392931188563194e-21,3.2474313315753026e-17,6.464128285976318e-10,3.357858475353121e-23,3.23206435322604e-24,1.813503889872989e-18,2.2423917177725776e-14,2.872016413714867e-17,1.414441015891613e-13,2.4896440677175188e-11,2.3635587821939563e-25,1.2233847206089555e-11,2.965810092909315e-15,-6.187617953105949,-11.714967579563504,-999.999,UO2(CO3)3-4,(Hfo_sO)2UO2
11.0,9.8,5.179474679231213e-08,0.0037275937203149,0.0630957344480193,0.01,0.001,0.04,11.0,9.601546413375004,5.0825469187352856e-08,9.692776306916315e-10,8.2,98.12861792944771,6.394687913363283,0.8058193540044245,5.0825469187352856e-08,9.155770679511402e-16,5.0190475921280034e-08,2.851140048253301e-21,3.1900572796527483e-17,6.349923185923051e-10,1.140684941471648e-23,3.1749617930353264e-24,1.7812165794095812e-18,2.1962604183739772e-14,9.730263928028317e-18,1.6616248426728693e-14,1.0114169166719797e-12,2.2848922040841298e-25,7.071990994640631e-10,2.4329997545124204e-10,-6.205361877571562,-12.183864259964729,-999.999,CaUO2(CO3)3-2,(Hfo_sO)2UO2
11.0,9.8,5.179474679231213e-08,0.01,0.001,0.001,0.0001778279410038,0.0071131176401556,11.0,9.6010853367147,8.553594215579371e-09,4.32411526010413e-08,1.4581891162319167,16.514404925807995,0.1356555383966759,-0.8675624706379995,8.553594215579371e-09,1.5408482670529115e-16,8.446730135556396e-09,6.275205685839386e-21,5.368600802925095e-18,1.0686392056324711e-10,2.510559101589767e-23,3.0047001143832604e-24,1.6892795018935571e-18,2.1172385658813745e-14,1.221541947123078e-16,2.689551262131396e-12,2.1410123507333653e-09,3.869445410600921e-27,4.069451486560317e-08,3.8602949037273054e-10,-9.81114448803261,-11.091259520122604,-999.999,CaUO2(CO3)3-2,(Hfo_sO)2UO2
11.0,9.8,5.179474679231213e-08,0.01,0.0039810717055349,0.0001,5.623413251903491e-06,0.0002249365300761,11.0,9.60110617370762,2.0497843393938667e-09,4.974496247740118e-08,0.0461119886656086,3.957513968768191,0.8936042193855159,-0.0488547892528766,2.0497843393938667e-09,3.694741993979669e-17,2.024143790225634e-09,1.5375248678236961e-21,1.2881213237643236e-18,2.5640510931147776e-11,6.158961130811846e-24,2.2798006710070497e-23,1.2816090984261148e-17,1.604727935645468e-13,9.468142633899277e-16,2.133332028792221e-11,1.7363578785720514e-08,1.1548671074570222e-25,3.220203209782328e-08,2.9779297025771065e-11,-6.862017966019714,-10.201522334580863,-999.999,CaUO2(CO3)3-2,(Hfo_sO)2UO2
11.0,9.8,5.179474679231213e-08,0.01,0.0039810717055349,0.01,0.001,0.04,11.0,9.601118543731996,2.584156880003876e-08,2.595317801686312e-08,8.2,49.892258193015074,0.121426779688614,-0.9156855225818727,2.584156880003876e-08,4.654912155256752e-16,2.55187459367297e-08,6.648072159205889e-21,1.6217863464011265e-17,3.2282238159330887e-10,2.659500239355016e-23,1.6141119593073755e-24,9.073349083241236e-19,1.1374793488657844e-14,2.3020353474473236e-17,1.776668688287425e-13,4.959556533022924e-11,8.313219802754091e-27,2.131892176107582e-08,4.575405210803379e-09,-9.109028044609468,-11.816229948107118,-999.999,CaUO2(CO3)3-2,(Hfo_sO)2UO2
11.0,9.8,5.179474679231213e-08,0.01,0.2511886431509579,1e-05,0.0001778279410038,0.0071131176401556,11.0,9.602906301210114,5.132088439499082e-08,4.738624347396517e-10,1.4581891162319167,99.0851149456886,74.27249238117675,1.870827997892035,5.132088439499082e-08,9.249250798925557e-16,5.067910665171356e-08,1.0439540837534571e-20,3.2241413839187565e-17,6.417767861002934e-10,4.1805791555000186e-23,1.8044886931538729e-23,1.0060338991617046e-17,1.183462411595424e-13,1.9252627845080367e-16,1.2418211684382962e-12,2.7410155886313944e-10,4.5325927779640276e-24,9.949865052480768e-11,1.7061070584167838e-14,-3.612825302565504,-10.869793388092612,-999.999,UO2(CO3)3-4,(Hfo_sO)2UO2
11.0,9.8,2.682695795279728e-07,1e-05,1.0,0.0,0.001,0.04,11.0,9.6083436571218,2.6818425308678904e-07,8.532269025541152e-11,8.2,99.96819376936668,383.314176100147,2.583554881055089,2.6818425308678904e-07,4.8331315552429394e-15,2.6483082340208293e-07,2.069172370956303e-23,1.684684674589856e-16,3.353424683106093e-09,8.285461366310749e-26,1.67671292726976e-23,9.116800484487993e-18,8.925862593353888e-14,5.790430602545144e-20,1.6600263914786052e-19,1.3897706397749038e-20,1.4313526367661118e-23,0.0,0.0,-2.593515754151248,-14.322713147340924,-999.999,UO2(OH)2,(Hfo_sO)2UO2
11.0,9.8,2.682695795279728e-07,1e-05,1.0,0.0001,5.623413251903491e-06,0.0002249365300761,11.0,9.6083440021731,2.5124036671136815e-07,1.7029209311287192e-08,0.0461119886656086,93.6522013242918,319.9492398451577,2.5050810826831205,2.5124036671136815e-07,4.949686218242525e-15,2.474768637723241e-07,1.929817674205413e-23,1.8907590819158822e-16,3.763497800281938e-09,9.280542041059524e-26,3.3464993301317458e-21,1.8195910425769095e-15,1.7814060799043963e-11,1.1533961847021629e-17,3.300305128210762e-17,2.7576285717787852e-18,2.8567310449879774e-21,1.2291462842447041e-17,2.2083986206911166e-20,2.0067448691429703,-12.023427581680092,-999.999,UO2(OH)2,(Hfo_sO)2UO2
11.0,9.8,2.682695795279728e-07,2.6826957952797277e-05,0.2511886431509579,0.0001,0.001,0.04,11.0,9.602886350135815,2.68177559722404e-07,9.201609019496749e-11,8.2,99.96569875506172,355.4224091097099,2.5507448062658007,2.68177559722404e-07,4.833010867228303e-15,2.648242138204357e-07,1.4501754870306005e-22,1.6846425840939575e-16,3.3533409004930292e-09,5.806849551578934e-25,1.6766710358639038e-23,9.348592164619037e-18,1.1023632636981454e-13,4.766404503678677e-19,8.154054282305449e-18,4.784498980424857e-18,4.2272875334030586e-24,3.1428676939892787e-17,9.77453030223906e-20,-3.6575444891190543,-13.4770892698399,-999.999,UO2(OH)2,(Hfo_sO)2UO2
11.0,9.8,2.682695795279728e-07,2.6826957952797277e-05,1.0,1e-05,3.1622776601683795e-05,0.0012649110640673,11.0,9.6083437141377,2.655115792334111e-07,2.757996582370661e-09,0.2593067681338071,98.97192954213654,371.2580590213124,2.5696758898013563,2.655115792334111e-07,4.861039962264146e-15,2.620837896634133e-07,5.492348467634433e-23,1.722050426776349e-16,3.42778453675275e-09,2.271597798215882e-25,5.4198620562334985e-22,2.946943823391027e-16,2.8852047316751866e-12,5.020272736822183e-18,3.8603268791625556e-17,8.668461099098781e-18,4.626741782936365e-22,3.8625890967417335e-18,6.938029956058689e-22,0.4255325624690158,-12.384693842995812,-999.999,UO2(OH)2,(Hfo_sO)2UO2
11.0,9.8,2.682695795279728e-07,7.196856730011514e-05,0.0158489319246111,1e-05,5.623413251903491e-06,0.0002249365300761,11.0,9.601157915932408,2.496026127279754e-07,1.8666963308047072e-08,0.0461119886656086,93.04171317790023,289.97569688494013,2.462361600826367,2.496026127279754e-07,4.914430178024535e-15,2.458682574990966e-07,1.3065148060955525e-21,1.876114976575271e-16,3.734350126835802e-09,6.27519038712402e-24,3.320579520101321e-21,1.866246925824395e-15,2.339222829072313e-11,9.65990878341817e-16,1.5206792846743946e-13,8.658636388906347e-13,6.806330445286948e-23,1.1057394116084396e-12,7.050230961161712e-16,-1.2632783485667574,-10.193374242560942,-999.999,UO2(OH)2,(Hfo_sO)2UO2
11.0,9.8,2.682695795279728e-07,7.196856730011514e-05,0.0630957344480193,1e-05,5.623413251903491e-06,0.0002249365300761,11.0,9.60150615799836,2.496866723109908e-07,1.858290373422552e-08,0.0461119886656086,93.07304717527828,291.3854968865551,2.4644679318578304,2.496866723109908e-07,4.916238694756805e-15,2.4595082271934376e-07,7.887207814576279e-22,1.876865759408033e-16,3.735844487720936e-09,3.78846948764556e-24,3.32190839211974e-21,1.864002059953058e-15,2.307610538137072e-11,5.769259123069917e-16,5.5403558565652705e-14,1.903762047078808e-13,2.445498067012649e-22,1.8231532675618802e-13,8.623649270403238e-17,-0.1456948480718907,-10.412537343943775,-999.999,UO2(OH)2,(Hfo_sO)2UO2
11.0,9.8,2.682695795279728e-07,7.196856730011514e-05,0.0630957344480193,0.0001,1e-06,4e-05,11.0,9.601506483561923,1.5652150422109585e-07,1.1174807317458329e-07,0.0081999999999999,58.34485762288049,170.81268407934695,2.2325201170622115,1.5652150422109585e-07,4.00341288527452e-15,1.525281505809387e-07,4.7779793473216925e-22,2.0065686994691076e-16,3.993349436086925e-09,3.955774971741675e-24,1.9974723148008136e-20,1.1208276953340564e-14,1.3875134961768666e-10,3.388561013341496e-15,3.178844589268332e-13,1.0669978883906804e-12,1.4701049820762077e-21,1.0215761735155374e-11,4.83079077031669e-14,1.4123170932585791,-9.643624967580422,-999.999,UO2(OH)2,(Hfo_sO)2UO2
11.0,9.8,2.682695795279728e-07,7.196856730011514e-05,1.0,0.001,0.0001778279410038,0.0071131176401556,11.0,9.60834718947715,2.677881796201164e-07,4.813961630529336e-10,1.4581891162319167,99.82055367265144,381.4827688951536,2.581474926189309,2.677881796201164e-07,4.837527974508351e-15,2.64423476172383e-07,1.4584908305286558e-22,1.6903496712623635e-16,3.3646984411702644e-09,5.868807163569645e-25,9.460562933837208e-23,5.143913445718572e-17,5.033980553315857e-13,2.3054827646920488e-18,4.667930321727852e-17,2.7588498042652195e-17,8.074434989071753e-23,1.227937857184208e-15,2.2022464983347964e-17,-1.0906709505886951,-12.722479328107006,-999.999,UO2(OH)2,(Hfo_sO)2UO2
11.0,9.8,2.682695795279728e-07,0.0001930697728883,1.0,0.01,0.001,0.04,11.0,9.608378394271783,2.6818426356928456e-07,8.531221281201548e-11,8.2,99.96819767681514,383.3612670242208,2.58360823173609,2.6818426356928456e-07,4.833131744252695e-15,2.6483083375336585e-07,3.3469723368524893e-22,1.6846847405078567e-16,3.3534248143181792e-09,1.3402078232580318e-24,1.6767129928441814e-23,9.115342538607205e-18,8.886162305042481e-14,9.32758658507398e-19,4.343360524416064e-17,5.881789191138834e-17,1.4283380071034242e-23,2.6069432118272803e-14,4.638533218869629e-15,-2.5939390701146507,-13.11385769522769,-999.999,UO2(OH)2,(Hfo_sO)2UO2
11.0,9.8,2.682695795279728e-07,0.0005179474679231,0.0039810717055349,1e-05,0.001,0.04,11.0,9.60107176463474,2.68167879402938e-07,1.0169663843444174e-10,8.2,99.96209032525653,321.57798360532496,2.5072863077193794,2.68167879402938e-07,4.832836321447447e-15,2.6481465467225225e-07,1.30635050699535e-20,1.684581710457669e-16,3.3532197293781483e-09,5.230939726584845e-23,1.6766104486836678e-23,9.426700112256949e-18,1.185071572204224e-13,4.539491817630727e-17,6.617098122171597e-14,3.497721912634245e-12,9.108741129682463e-26,3.776599481036096e-12,2.0411454186653003e-15,-7.015953024260419,-11.522450128485772,-999.999,CaUO2(CO3)3-2,(Hfo_sO)2UO2
11.0,9.8,2.682695795279728e-07,0.0005179474679231,1.0,1e-05,0.0001778279410038,0.0071131176401556,11.0,9.608344371303309,2.677881438675737e-07,4.814319176819847e-10,1.4581891162319167,99.82054034555608,381.4543862872638,2.581442613147768,2.677881438675737e-07,4.837527326769345e-15,2.6442344087170804e-07,1.0700942369969219e-21,1.6903494442536902e-16,3.364697989302244e-09,4.30594185943936e-24,9.460561663320516e-23,5.1439795139193074e-17,5.035837288946754e-13,1.692112146916122e-17,2.5128181860014522e-15,1.0896402555610696e-14,8.076159294225811e-23,4.809440031580376e-15,8.556497699250792e-19,-1.0909130491786527,-11.856961006360368,-999.999,UO2(OH)2,(Hfo_sO)2UO2
11.0,9.8,2.682695795279728e-07,0.0037275937203149,0.0039810717055349,1e-05,5.623413251903491e-06,0.0002249365300761,11.0,9.60108335333095,1.3062847988411037e-07,1.376410996381439e-07,0.0461119886656086,48.69299013102959,20.581446146792565,1.313475887020513,1.3062847988411037e-07,2.4628986462684123e-15,1.2883855824007382e-07,4.163885595419736e-20,8.992290068468642e-17,1.7899190911731715e-09,1.829305889349291e-22,1.5915387906747758e-21,8.94790930903124e-16,1.1233700520560316e-11,2.8194674370953323e-14,2.696019895934245e-10,9.336326375645512e-08,8.386006828662875e-24,3.504642581303376e-08,6.576705033116157e-12,-3.108346057205594,-8.728729839485329,-999.999,UO2(CO3)3-4,(Hfo_sO)2UO2
11.0,9.8,2.682695795279728e-07,0.0037275937203149,0.0630957344480193,0.01,1e-06,4e-05,11.0,9.601546412620324,1.2751125138941712e-08,2.5551845463555625e-07,0.0081999999999999,4.753101399486907,6.085725835593579,0.784312383321058,1.2751125138941712e-08,2.354538907906645e-16,1.25836311908384e-08,7.146779956568488e-22,8.414573729987654e-18,1.6749370423412988e-10,3.008173748051054e-24,8.374825479769786e-22,4.698443325773289e-16,5.793233969515371e-12,2.5660732194532568e-15,4.3811147133961545e-12,2.6661774703746645e-10,6.027029104252591e-23,1.864269861522008e-07,6.413828632972484e-08,-1.3628866458544948,-9.762719804796276,-999.999,CaUO2(CO3)3-2,(Hfo_sO)2UO2
11.0,9.8,2.682695795279728e-07,0.01,0.0158489319246111,0.0,0.0001778279410038,0.0071131176401556,11.0,9.601191398264378,2.286354790947846e-07,3.963410053921056e-08,1.4581891162319167,85.22601761149163,3.956040827079046,0.5972607649483086,2.286354790947846e-07,4.12848888138132e-15,2.2576519292608547e-07,1.4751717574738272e-19,1.4419655934890792e-16,2.8702818958656164e-09,5.930757338539209e-22,8.070403648770062e-23,4.535064963167325e-17,5.661987318355277e-13,2.875927835061903e-15,5.588129517144061e-11,3.9124794230754514e-08,1.581207318675626e-24,0.0,0.0,-4.57928117890804,-9.717919139903085,-999.999,UO2(CO3)3-4,(Hfo_sO)2UO2
11.0,9.8,2.682695795279728e-07,0.01,0.2511886431509579,0.0,5.623413251903491e-06,0.0002249365300761,11.0,9.60290627295798,2.11489931658367e-07,5.677964720790874e-08,0.0461119886656086,78.83485411595643,80.77615092654665,1.9072831547118088,2.11489931658367e-07,4.1058753879290504e-15,2.0841482794760118e-07,4.295083256554717e-20,1.544902357592467e-16,3.0750994503570683e-09,2.00402040008902e-22,2.73434254734196e-21,1.5244438288161033e-15,1.7933041099537836e-11,2.9186357904461995e-14,1.8833839508816975e-10,4.1589321746303044e-08,6.868259246993798e-22,0.0,0.0,0.7481668990330022,-8.689104107209191,-999.999,UO2(CO3)3-4,(Hfo_sO)2UO2
11.0,9.8,1.389495494373136e-06,1e-05,0.0039810717055349,1e-05,1e-06,4e-05,11.0,9.60106994729524,3.666639940214005e-07,1.0228314734437137e-06,0.0081999999999999,26.38828233025823,43.71699774897734,1.640650329265256,3.666639940214005e-07,1.777442001814437e-14,3.304467585875197e-07,3.2003666805022923e-22,1.822771446436469e-15,3.621721583668905e-08,1.1092087973594663e-23,1.817437118666072e-19,1.021858004561988e-13,1.2848888400596196e-09,9.662766522710403e-15,2.764750096440707e-13,2.869155761523525e-13,9.935462489791204e-22,4.63183161493347e-13,3.7436500741524633e-16,1.0632029395925642,-9.194442362220087,-999.999,UO2(OH)2,(Hfo_sO)2UO2
11.0,9.8,1.389495494373136e-06,1e-05,0.0158489319246111,0.01,3.1622776601683795e-05,0.0012649110640673,11.0,9.60119466475264,1.3713476538974565e-06,1.814773830195488e-08,0.2593067681338071,98.6939259213743,291.41453372457613,2.46451120755403,1.3713476538974565e-06,2.6943063138206497e-14,1.3509191234326971e-06,1.6084250763268306e-22,1.026314714959117e-15,2.0428502495381377e-08,7.691446399249104e-25,3.2302387631799937e-21,1.815165995480625e-15,2.264543888884742e-11,2.0959879553799438e-17,7.426387323422593e-17,9.474342531463709e-18,6.269851488957136e-23,1.0702189213557572e-14,6.008676743874081e-15,-1.3282133272594905,-11.85499388973712,-999.999,UO2(OH)2,(Hfo_sO)2UO2
11.0,9.8,1.389495494373136e-06,1e-05,0.2511886431509579,0.001,0.001,0.04,11.0,9.602889568164542,1.3890167267892082e-06,4.786640831166703e-10,8.2,99.96554378291498,353.88551121662823,2.548862782113418,1.3890167267892082e-06,2.508658655760927e-14,1.371571989793368e-06,2.6098236817438563e-22,8.763834233142719e-16,1.7444711032869827e-08,1.049678592434028e-24,8.72237138206587e-23,4.863248819136199e-17,5.732281579132988e-13,8.61263899985501e-19,5.121765550112548e-18,1.0442686852887948e-18,2.1972364047413802e-23,6.856894023871798e-17,2.130844360040728e-18,-2.2256338085012644,-13.219972865582566,-999.999,UO2(OH)2,(Hfo_sO)2UO2
11.0,9.8,1.389495494373136e-06,1e-05,1.0,0.0,5.623413251903491e-06,0.0002249365300761,11.0,9.608343660865524,1.1985501028745688e-06,1.909453022305454e-07,0.0461119886656086,86.25793374128851,136.1235802356673,2.1339333631107125,1.1985501028745688e-06,3.582751714660684e-14,1.1563797135815445e-06,9.03500905404167e-23,2.1193373198412496e-15,4.2170351346169993e-08,1.0419223337243347e-24,3.752346999309649e-20,2.0402656766767194e-14,1.9975350812190728e-10,1.295851041911272e-16,3.7150036846234133e-16,3.110193266001174e-17,3.203253400917741e-20,0.0,0.0,4.106172693093328,-10.972868879047954,-999.999,UO2(OH)2,(Hfo_sO)2UO2
11.0,9.8,1.389495494373136e-06,2.6826957952797277e-05,0.0630957344480193,1e-05,0.001,0.04,11.0,9.601506038413198,1.389007470463315e-06,4.879203494451919e-10,8.2,99.96487761840196,347.1696868703327,2.5405417977266014,1.389007470463315e-06,2.5086418933805345e-14,1.3715628503494295e-06,1.6397264428048507e-21,8.763775514287383e-16,1.7444594151086883e-08,6.595026681016647e-24,8.722312941340167e-23,4.894300602163809e-17,6.059169099769297e-13,5.64742938377212e-18,2.0218225592613996e-16,2.589993802603405e-16,6.421774288639477e-24,2.510078099261587e-16,1.2015426799252912e-19,-3.3069798390738256,-12.421812648806831,-999.999,UO2(OH)2,(Hfo_sO)2UO2
11.0,9.8,1.389495494373136e-06,2.6826957952797277e-05,0.0630957344480193,0.0001,1e-06,4e-05,11.0,9.601506366747408,3.672320932836177e-07,1.0222633742278176e-06,0.0081999999999999,26.429167620244257,43.80906403282028,1.641563974709251,3.672320932836177e-07,1.7833186831034904e-14,3.308164388865096e-07,3.8622620510116775e-22,1.8327758604819058e-15,3.641563473114511e-08,1.344443447395781e-23,1.8274304175286502e-19,1.0254138242290684e-13,1.269414623457441e-09,1.1554243458117464e-14,4.039709714382501e-13,5.05364595689586e-13,1.3450659939240527e-20,4.895144140562566e-12,2.3419205943313305e-14,3.335256962563406,-9.110904495931276,-999.999,UO2(OH)2,(Hfo_sO)2UO2
11.0,9.8,1.389495494373136e-06,7.196856730011514e-05,0.001,0.01,0.0001778279410038,0.0071131176401556,11.0,9.601085113096394,1.3866689487924485e-06,2.826442244224346e-09,1.4581891162319167,99.79657756414944,336.44867537837,2.526918822794699,1.3866689487924485e-06,2.5357753434821613e-14,1.3688092181437308e-06,1.1033148093276616e-21,8.972354883280704e-16,1.7859704393727682e-08,4.552299140385344e-24,5.02167572541782e-22,2.823251000428438e-16,3.5360613315990948e-12,2.213475215061362e-17,5.291291861018498e-16,4.57002150409361e-16,6.397441023400307e-25,5.781863799114515e-13,3.6482697539908753e-13,-5.3138867178497975,-11.832794808970789,-999.999,UO2(OH)2,(Hfo_sO)2UO2
11.0,9.8,1.389495494373136e-06,7.196856730011514e-05,0.0158489319246111,0.0001,3.1622776601683795e-05,0.0012649110640673,11.0,9.601158241937128,1.3713286103731107e-06,1.816678177051564e-08,0.2593067681338071,98.6925553862108,291.1050136500648,2.4640496852801257,1.3713286103731107e-06,2.6942655169278274e-14,1.3509004156414845e-06,6.816514981846645e-21,1.0262978474204593e-15,2.0428166762666324e-08,3.259631100263288e-23,3.230185672373958e-21,1.815440646446664e-15,2.2754499826246074e-11,8.922718982266766e-16,1.3338457305370278e-13,7.21181639081142e-13,6.617519067962461e-23,9.212230457158993e-12,5.875104517966626e-14,-1.287695381762795,-10.227833455262012,-999.999,UO2(OH)2,(Hfo_sO)2UO2
11.0,9.8,1.389495494373136e-06,7.196856730011514e-05,0.0630957344480193,1e-05,0.001,0.04,11.0,9.601506162090017,1.389007460771076e-06,4.8793004398614e-10,8.2,99.96487692086544,347.162786633778,2.540533165738976,1.389007460771076e-06,2.508641875828725e-14,1.3715628407795748e-06,4.398351477162724e-21,8.763775452803101e-16,1.7444594028700445e-08,1.769029551883356e-23,8.722312880132297e-23,4.894297780256817e-17,6.059076722502232e-13,1.514827625733268e-17,1.4547223228297753e-15,4.998668359502521e-15,6.4212386097667176e-24,4.787004024482756e-15,2.2642824245155397e-18,-3.3072075833659653,-11.99329411776717,-999.999,UO2(OH)2,(Hfo_sO)2UO2
11.0,9.8,1.389495494373136e-06,0.0005179474679231,0.001,0.01,5.623413251903491e-06,0.0002249365300761,11.0,9.601085342647286,1.1655579541792365e-06,2.2393746336081575e-07,0.0461119886656086,83.88353606753306,112.87383104462909,2.052593265660468,1.1655579541792365e-06,3.4255699508802885e-14,1.1259633522213186e-06,6.723122297873107e-21,1.989841573269884e-15,3.959456571236983e-08,7.476224599214016e-23,3.52299035060182e-20,1.980668617662928e-14,2.4811075938610544e-10,1.1505132384736632e-14,2.0370653696554856e-12,1.3033219869701487e-11,4.494485292827224e-23,1.595524965507198e-08,9.742914623397623e-09,-1.620650853768204,-9.117041790279334,-999.999,CaUO2(CO3)3-2,(Hfo_sO)2UO2
11.0,9.8,1.389495494373136e-06,0.0005179474679231,0.2511886431509579,0.0,0.0001778279410038,0.0071131176401556,11.0,9.602886978841646,1.3867382176914625e-06,2.7571733914966323e-09,1.4581891162319167,99.80156274756992,344.9185515162078,2.5377165536148456,1.3867382176914625e-06,2.5359039430859432e-14,1.3688775673671883e-06,1.4591603981256262e-20,8.97281691135517e-16,1.7860624067938233e-08,6.020534609479224e-23,5.021934315871142e-22,2.8000650613091886e-16,3.3015296951555778e-12,2.778813797990176e-16,9.254391833628734e-14,1.057027561595984e-12,1.2660376192364673e-22,0.0,0.0,-0.7055937383659767,-10.711390544105484,-999.999,UO2(OH)2,(Hfo_sO)2UO2
11.0,9.8,1.389495494373136e-06,0.0005179474679231,1.0,0.0,0.0001778279410038,0.0071131176401556,11.0,9.608344340522832,1.3869394559729208e-06,2.555934993017971e-09,1.4581891162319167,99.81604557837242,372.1292836806522,2.570693846964588,1.3869394559729208e-06,2.5362775485704263e-14,1.369076133814109e-06,5.541579799667209e-21,8.974159191882428e-16,1.7863295898614783e-08,2.2864809321198065e-23,5.0226855718435e-22,2.7309790124736114e-16,2.673576444142496e-12,8.985326354767706e-17,1.3345903338278567e-14,5.7883391158706e-14,4.28770917582119e-22,0.0,0.0,0.3591252440586387,-11.131858016750858,-999.999,UO2(OH)2,(Hfo_sO)2UO2
11.0,9.8,1.389495494373136e-06,0.0013894954943731,0.001,0.0,0.001,0.04,11.0,9.601052929230692,1.388569560578645e-06,9.258785453982584e-10,8.2,99.93336187139576,182.8941302633161,2.2621997676133327,1.388569560578645e-06,2.5078488780841963e-14,1.3711304700567123e-06,1.9445029775050517e-19,8.76099757206881e-16,1.7439064567149073e-08,7.820833065435031e-22,8.719547836353739e-23,4.902969123877978e-17,6.166309386012188e-13,6.789296165190992e-16,2.844157388016229e-12,4.3219869957129236e-10,1.2028013296048643e-25,0.0,0.0,-6.781973752746161,-10.347776204992911,-999.999,UO2(CO3)3-4,(Hfo_sO)2UO2
11.0,9.8,1.389495494373136e-06,0.0013894954943731,0.001,0.0001,3.1622776601683795e-05,0.0012649110640673,11.0,9.601053080523702,1.2694072383261251e-06,1.2008824381810848e-07,0.2593067681338071,91.35742026272725,40.76492280913833,1.610286624297802,1.2694072383261251e-06,2.4773712685700503e-14,1.2507526469143334e-06,1.7006118022457347e-19,9.371906522553719e-16,1.865456570071769e-08,8.020822411289804e-22,2.9497198489478764e-21,1.6586152789723148e-15,2.0859958474805172e-11,2.2020005110406555e-14,8.84399089610775e-11,1.2884929450215217e-08,4.0638650031859186e-24,9.019437920721085e-08,3.16140247675404e-10,-3.722797437569959,-8.836785471269819,-999.999,CaUO2(CO3)3-2,(Hfo_sO)2UO2
11.0,9.8,1.389495494373136e-06,0.0037275937203149,0.0039810717055349,0.01,0.001,0.04,11.0,9.601109559238449,1.35623127113404e-06,3.326422198315e-08,8.2,97.60602151113105,4.972130643522976,0.6965425312760677,1.35623127113404e-06,2.449290875017837e-14,1.3392004713929754e-06,7.40676637706714e-20,8.555881508585503e-16,1.7030774392493296e-08,2.9786361005189614e-22,8.515401707932774e-23,4.786929969480812e-17,5.997172216574475e-13,2.5764736538067132e-16,4.224460426523382e-13,2.5035386416153097e-11,4.334368203995274e-25,2.2589958434626706e-08,1.016983899176774e-08,-5.655982998930007,-10.767011806781488,-999.999,CaUO2(CO3)3-2,(Hfo_sO)2UO2
11.0,9.8,1.389495494373136e-06,0.0037275937203149,0.0630957344480193,0.001,0.001,0.04,11.0,9.601518671603708,1.3646644578257986e-06,2.4831035439699254e-08,8.2,98.21294587511132,6.702197146025274,0.8262171985174025,1.3646644578257986e-06,2.4645609400884063e-14,1.3475271938559762e-06,1.9430413773880521e-19,8.609366730830259e-16,1.7137238463081197e-08,7.81421490181612e-22,8.568633922637903e-23,4.807787874898206e-17,5.94414367656332e-13,6.682921982782184e-16,2.889353043321927e-12,4.4642151947823824e-10,6.2614325122862265e-24,2.3302461145830242e-08,6.000241841944171e-10,-3.339596585922408,-10.34814390029926,-999.999,CaUO2(CO3)3-2,(Hfo_sO)2UO2
11.0,9.8,1.389495494373136e-06,0.01,0.0039810717055349,0.001,1e-06,4e-05,11.0,9.601106727936036,1.7107629884440403e-09,1.3877847320410252e-06,0.0081999999999999,0.1231211612683813,0.1503328491229652,-0.822946111668063,1.7107629884440403e-09,3.0916745250583065e-17,1.689250372537946e-09,1.196506703187218e-21,1.0807445149547297e-18,2.1512583907403254e-11,4.818520265793487e-24,1.0756315088222166e-22,6.046737450902709e-17,7.573120100572646e-13,4.166589972183583e-15,8.751968400083019e-11,6.642427968547448e-08,5.46607767657818e-25,1.3078248358146496e-06,1.2843057983719294e-08,-5.508009737653325,-9.558115371704025,-999.999,CaUO2(CO3)3-2,(Hfo_sO)2UO2
11.0,9.8,1.389495494373136e-06,0.01,0.2511886431509579,0.001,1e-06,4e-05,11.0,9.60290904822939,3.615038258169769e-08,1.353345112532849e-06,0.0081999999999999,2.6016912417558253,3.2575454707333145,0.5128904865644354,3.615038258169769e-08,6.997206061311688e-16,3.562794248796555e-08,7.016987281448036e-21,2.6246852802612896e-17,5.224393677576337e-10,3.25383736475635e-23,2.612333314197728e-21,1.4564029320158666e-15,1.7129843822432505e-11,2.6644491648973043e-14,1.6434196763676643e-10,3.4682343014029135e-08,6.559380597969893e-22,1.2817922873261435e-06,2.2374110677581373e-08,0.7090464002016077,-8.728611464367413,-999.999,CaUO2(CO3)3-2,(Hfo_sO)2UO2
11.0,9.8,7.196856730011529e-06,1e-05,0.0630957344480193,0.0,3.1622776601683795e-05,0.0012649110640673,11.0,9.601505976934645,6.969980078119861e-06,2.2687394609169826e-07,0.2593067681338071,96.84755914418064,118.47673012708104,2.0736330594618204,6.969980078119861e-06,2.1282810087060472e-13,6.713681911085138e-06,3.0000349687666204e-21,1.2881046375957874e-14,2.5629794132557324e-07,3.621684995617743e-23,4.055714226498145e-20,2.2757599199127797e-14,2.8174288027401744e-10,9.815226128596006e-16,1.3134043740824288e-14,6.288745424698492e-15,2.9864376826714567e-21,0.0,0.0,2.02799308878339,-10.181767097763748,-999.999,UO2(OH)2,(Hfo_sO)2UO2
11.0,9.8,7.196856730011529e-06,1e-05,1.0,0.01,0.001,0.04,11.0,9.608378199830105,7.194503019258242e-06,2.350917542102812e-09,8.2,99.9672952951325,373.2068017145036,2.5719495501874268,7.194503019258242e-06,1.314097017813154e-13,7.1020615041433885e-06,4.646453509069712e-22,4.6440663806753056e-15,9.244137906108416e-08,1.912509419689756e-24,4.622113474324491e-22,2.512784565831633e-16,2.4496332930859408e-12,1.331094650282287e-18,3.208595259711977e-18,2.2493244532632203e-19,3.937427862902e-22,9.999015522769355e-17,1.78440547903803e-17,0.286918122241957,-12.959422229555445,-999.999,UO2(OH)2,(Hfo_sO)2UO2
11.0,9.8,7.196856730011529e-06,2.6826957952797277e-05,0.0039810717055349,1e-05,3.1622776601683795e-05,0.0012649110640673,11.0,9.601070028898354,6.96870097956058e-06,2.2815304471008418e-07,0.2593067681338071,96.82978612733083,117.79089144381705,2.0711117085441924,6.96870097956058e-06,2.1276371806187794e-13,6.712513167407378e-06,1.7429900434979534e-20,1.2875497905803186e-14,2.561875865139684e-07,2.1036226485795972e-22,4.0539665326709305e-20,2.279350714434471e-14,2.866044074782032e-10,5.7787064264439486e-15,4.433019793125712e-13,1.2334155689410865e-12,2.21934535920553e-22,1.958340991620869e-12,1.556710734222411e-15,-0.240286197976026,-9.417710085263767,-999.999,UO2(OH)2,(Hfo_sO)2UO2
11.0,9.8,7.196856730011529e-06,2.6826957952797277e-05,0.2511886431509579,0.0001,0.0001778279410038,0.0071131176401556,11.0,9.602886374766664,7.180553971690323e-06,1.6299970846815416e-08,1.4581891162319167,99.77347390766828,302.10455319730653,2.4801572708329087,7.180553971690323e-06,1.4020432767593998e-13,7.074926790655264e-06,3.8742159939635024e-21,5.306619949228992e-15,1.0562703552410809e-07,1.8290979824422994e-23,2.9700999237103872e-21,1.6560344355876089e-15,1.9527538690207865e-11,8.443310898603073e-17,1.444424411094932e-15,8.475331596259597e-16,7.488523053065719e-22,5.567294719285636e-15,1.7314564278226084e-17,0.839100071274899,-11.22876705994201,-999.999,UO2(OH)2,(Hfo_sO)2UO2
11.0,9.8,7.196856730011529e-06,2.6826957952797277e-05,1.0,0.0,5.623413251903491e-06,0.0002249365300761,11.0,9.608343704456797,3.177083297660898e-06,4.019772201008557e-06,0.0461119886656086,44.14542927347964,17.140098231313992,1.23401330657174,3.177083297660898e-06,2.319420975182788e-13,2.3025706178025665e-06,4.826312812881077e-22,4.427780502464285e-14,8.745124036384291e-07,5.796535260550395e-23,7.897984566166534e-19,4.2943745856742846e-13,4.2044209677700235e-09,7.317140852441507e-15,5.6275750752699265e-14,1.2639322807243271e-14,6.74225800466035e-19,0.0,0.0,6.752588547031465,-9.221081210905616,-999.999,UO2(OH)2,(Hfo_sO)2UO2
11.0,9.8,7.196856730011529e-06,7.196856730011514e-05,0.001,0.0,0.0001778279410038,0.0071131176401556,11.0,9.601048047143385,7.180131963134926e-06,1.6721979233020593e-08,1.4581891162319167,99.7676101178052,294.46310961611334,2.4690308940511674,7.180131963134926e-06,1.4019539813091005e-13,7.07451204427507e-06,5.625335548857369e-20,5.306255092835324e-15,1.0561977335814682e-07,2.6558110526281304e-22,2.969895708640991e-21,1.6699987908949818e-15,2.1014792738730417e-11,1.2972603311823745e-15,3.045405195341662e-13,2.594759000196504e-12,4.225590097119671e-24,0.0,0.0,-3.6867593325749866,-10.066806858441602,-999.999,UO2(OH)2,(Hfo_sO)2UO2
11.0,9.8,7.196856730011529e-06,7.196856730011514e-05,1.0,0.001,3.1622776601683795e-05,0.0012649110640673,11.0,9.608347212017376,6.989144253130724e-06,2.0770976344118228e-07,0.2593067681338071,97.11384449249036,129.76370612112572,2.1131532407278173,6.989144253130724e-06,2.137944127458385e-13,6.731187404517459e-06,3.712746661865511e-21,1.2964442514553943e-14,2.579566218544076e-07,4.4993555667508736e-23,4.081982970834525e-20,2.219462526295348e-14,2.1720277631329428e-10,9.94754128252695e-16,2.014088070543035e-14,1.1903703241582412e-14,3.4839271135985425e-20,5.298216982092037e-13,9.50207199277013e-15,4.17923668302852,-10.087525177131074,-999.999,UO2(OH)2,(Hfo_sO)2UO2
11.0,9.8,7.196856730011529e-06,0.0001930697728883,0.001,0.01,0.001,0.04,11.0,9.601085195665238,7.194236418595603e-06,2.617536357257136e-09,8.2,99.96359089093716,335.18002616251493,2.525278130525481,7.194236418595603e-06,1.3140476390374276e-13,7.101798426390128e-06,1.5477118999010498e-20,4.6438893963301535e-15,9.243785615680703e-08,6.370472496586437e-23,4.621937314152522e-22,2.59851191073424e-16,3.2547080105882738e-12,5.5084890637344275e-17,3.560144387060458e-15,8.313605114054722e-15,5.924676032074793e-25,1.0425445025181498e-11,6.52058368485829e-12,-5.385640409178322,-11.436854168605612,-999.999,CaUO2(CO3)3-2,(Hfo_sO)2UO2
11.0,9.8,7.196856730011529e-06,0.0001930697728883,1.0,0.01,3.1622776601683795e-05,0.0012649110640673,11.0,9.60837841675389,6.98915908011696e-06,2.0769493750485257e-07,0.2593067681338071,97.11405051279608,129.77324437850783,2.1131851622907543,6.98915908011696e-06,2.1379516157387007e-13,6.731200944419141e-06,8.506985191384416e-21,1.2964507227494214e-14,2.579579089381419e-07,1.0309366258815076e-22,4.082003354058672e-20,2.2191546867238654e-14,2.1633585299047577e-10,2.2708224764548327e-15,1.0574007147255742e-13,1.4319330757201436e-13,3.4773493920720715e-20,6.346644353179414e-11,1.1292557480116312e-11,4.17888940610456,-9.7274435215764,-999.999,UO2(OH)2,(Hfo_sO)2UO2
11.0,9.8,7.196856730011529e-06,0.0005179474679231,0.001,0.0001,5.623413251903491e-06,0.0002249365300761,11.0,9.601049928183327,2.7792275458527863e-06,4.417628460554643e-06,0.0461119886656086,38.61724152800155,13.643351428599376,1.1349210659335949,2.7792275458527863e-06,1.841256998702774e-13,2.199156153213629e-06,1.1252619245397085e-19,2.9292538970501144e-14,5.800711792207961e-07,9.385963134209242e-21,5.211260717416515e-19,2.9303129009055005e-13,3.686671527419256e-09,1.4645007862981636e-12,2.212778347901125e-09,1.2132085691219764e-07,7.291728420648867e-22,1.3526601606962891e-06,7.554247004674578e-09,0.7897172392971257,-7.014059642748912,-999.999,CaUO2(CO3)3-2,(Hfo_sO)2UO2
11.0,9.8,7.196856730011529e-06,0.0005179474679231,0.0039810717055349,0.01,0.0001778279410038,0.0071131176401556,11.0,9.601107383216274,7.177963439961238e-06,1.8890820437286777e-08,1.4581891162319167,99.73747858601236,260.5772939215937,2.415936569649081,7.177963439961238e-06,1.4014951384274293e-13,7.072380836940866e-06,4.293906965532184e-20,5.304380320881088e-15,1.0558245756643465e-07,2.0271167317763805e-22,2.9688462418223466e-21,1.6689525582326177e-15,2.0889821346884467e-11,9.85165389930421e-16,1.774850140917833e-13,1.1546455367769286e-12,1.4950470474213077e-23,1.3745072410576806e-09,8.156049099507588e-10,-2.576668484795391,-10.184125302395804,-999.999,CaUO2(CO3)3-2,(Hfo_sO)2UO2
11.0,9.8,7.196856730011529e-06,0.0005179474679231,1.0,0.0001,0.001,0.04,11.0,9.608344703420295,7.194501623014544e-06,2.3523140519275022e-09,8.2,99.96727589438922,372.9851658158319,2.57169155960376,7.194501623014544e-06,1.3140967592055524e-13,7.102060126349961e-06,2.869140060261821e-20,4.644065453766983e-15,9.244136061081234e-08,1.1809560453529518e-22,4.62211255162258e-22,2.513171707804344e-16,2.460241637279728e-12,8.252430551107804e-17,1.2234192955487056e-14,5.2959360280057225e-14,3.9456900649306594e-22,2.337493166682728e-13,4.1584542361000384e-16,0.2869308034113942,-11.16879207876428,-999.999,UO2(OH)2,(Hfo_sO)2UO2
11.0,9.8,7.196856730011529e-06,0.0013894954943731,0.0039810717055349,0.001,1e-06,4e-05,11.0,9.601076940761123,2.678602413018039e-07,6.92899648625012e-06,0.0081999999999999,3.721905984105575,4.714374318187045,0.6734240622505004,2.678602413018039e-07,9.456070350472636e-15,2.545214058744517e-07,2.1845686046014382e-20,6.705595095210608e-16,1.3338825300700113e-08,3.620420031083472e-22,6.678317773678074e-20,3.754777881250428e-14,4.718205697220614e-10,3.144733910918856e-13,7.97902506163726e-10,7.338228040893101e-08,3.5859267680175955e-22,6.215588933472506e-06,2.634200422568152e-07,0.1721145626710338,-7.681691545317175,-999.999,CaUO2(CO3)3-2,(Hfo_sO)2UO2
11.0,9.8,7.196856730011529e-06,0.0013894954943731,0.0630957344480193,0.0,0.0001778279410038,0.0071131176401556,11.0,9.60150977375367,7.179008385617722e-06,1.7845749399316526e-08,1.4581891162319167,99.75199805882788,275.8772055112595,2.4407158181680475,7.179008385617722e-06,1.4017162375793217e-13,7.073407801752487e-06,4.3712922420185855e-19,5.3052836901525486e-15,1.056004383878895e-07,2.0637014350796268e-21,2.9693519217236386e-21,1.6661464688572532e-15,2.061783778255644e-11,9.933933629648544e-15,1.8391788433710976e-11,1.2178817077027707e-09,2.1808845569189536e-22,0.0,0.0,-0.2497529421680724,-9.17635718258006,-999.999,UO2(CO3)3-4,(Hfo_sO)2UO2
11.0,9.8,7.196856730011529e-06,0.0013894954943731,0.2511886431509579,0.01,0.0001778279410038,0.0071131176401556,11.0,9.602923732981449,7.163123143813892e-06,3.3732232607332697e-08,1.4581891162319167,99.53127333969336,145.62752833990584,2.1632434785214243,7.163123143813892e-06,1.3983556829106986e-13,7.057795810538158e-06,1.1509836107984152e-19,5.291555404583571e-15,1.0532718814849372e-07,5.43175959598723e-22,2.961667501838271e-21,1.6510487095863954e-15,1.938183927256216e-11,2.4965936719311405e-15,1.2774279078580312e-12,2.2322171986432926e-11,7.400104925732163e-22,1.3572822440228304e-08,3.890589415233638e-09,0.8301880254131433,-9.756063650095111,-999.999,CaUO2(CO3)3-2,(Hfo_sO)2UO2
11.0,9.8,7.196856730011529e-06,0.0013894954943731,1.0,0.0,0.0001778279410038,0.0071131176401556,11.0,9.608345526462196,7.18173034068195e-06,1.5123602317892576e-08,1.4581891162319167,99.78981950180416,325.6566814628209,2.5127599929743014,7.18173034068195e-06,1.4022921967090857e-13,7.076082915251303e-06,7.686495173927242e-20,5.3076370407940604e-15,1.0564727989371333e-07,3.6290567982170744e-22,2.9706692036525386e-21,1.615229706177859e-15,1.5810690122979797e-11,1.426022158991816e-15,5.684930835477822e-13,6.616992325677606e-12,2.535990260782562e-21,0.0,0.0,1.9024233492959648,-9.931210260347292,-999.999,UO2(OH)2,(Hfo_sO)2UO2
11.0,9.8,7.196856730011529e-06,0.01,0.0039810717055349,0.0001,0.0001778279410038,0.0071131176401556,11.0,9.601106125034937,3.94475317000882e-06,3.252103559008569e-06,1.4581891162319167,54.81216756141401,0.83184347582177,-0.0799583852261081,3.94475317000882e-06,7.421929241399478e-14,3.890930200483124e-06,2.9533170511948488e-18,2.703980792977126e-15,5.382289259945719e-08,1.2918844389649431e-20,1.5133876428414873e-21,8.507637671681892e-16,1.0652594129089108e-11,6.280502734079127e-14,1.414045711766448e-09,1.1500588964709958e-06,7.65352914625827e-24,2.0902234748182755e-06,1.8943182905026886e-09,-3.217856427172101,-8.37979318368522,-999.999,CaUO2(CO3)3-2,(Hfo_sO)2UO2
11.0,9.8,7.196856730011529e-06,0.01,0.0158489319246111,0.01,3.1622776601683795e-05,0.0012649110640673,11.0,9.60120682706008,2.6052905236244e-07,6.936327680897612e-06,0.2593067681338071,3.620039444109132,0.1448480676421054,-0.839087294163833,2.6052905236244e-07,4.768350180578222e-15,2.5716768554191504e-07,6.238751209812799e-20,1.6886808361498303e-16,3.361361883244021e-09,2.578674595883248e-22,5.31483628738366e-22,2.9863952734774323e-16,3.7311255780807315e-12,7.0373044653099176e-15,5.072854815779992e-11,1.3186626454367064e-08,1.0483176902265206e-23,5.695560742410535e-06,1.2245441577903688e-06,-2.9039401227945945,-9.329628837710716,-999.999,CaUO2(CO3)3-2,(Hfo_sO)2UO2
11.0,9.8,3.727593720314938e-05,1e-05,0.0630957344480193,0.0,0.0001778279410038,0.0071131176401556,11.0,9.6015060854502,3.707616834354767e-05,1.9969445319496437e-07,1.4581891162319167,99.46408092031864,127.32538297405212,2.104914991137377,3.707616834354767e-05,1.093517929849098e-12,3.580743881634426e-05,1.5999916035564096e-20,6.376077693039334e-14,1.2687283699246884e-06,1.792722611479946e-22,3.569845572074578e-20,2.003126196674317e-14,2.4798941344983207e-10,8.638927392296358e-16,1.1559480573875348e-14,5.534555724876752e-15,2.629847538968173e-21,0.0,0.0,1.917137272260284,-10.237206125577876,-999.999,UO2(OH)2,(Hfo_sO)2UO2
11.0,9.8,3.727593720314938e-05,2.6826957952797277e-05,1.0,0.0,3.1622776601683795e-05,0.0012649110640673,11.0,9.608343804477132,2.664874816413949e-05,1.0627135636444244e-05,0.2593067681338071,71.49048464940536,9.670451177638828,0.9854467366877504,2.664874816413949e-05,2.202452641459153e-12,1.398065175222049e-05,2.9304180622913497e-21,6.494242425808914e-13,1.2668093560042114e-05,8.396792610629453e-22,2.0857217309730842e-18,1.1340698622050584e-12,1.1103109347086274e-08,1.9323237648772667e-14,1.4861433254872504e-13,3.337819595644039e-14,1.7805521382801044e-18,0.0,0.0,7.596065836439592,-8.79934146930914,-999.999,UO2(OH)2,(Hfo_sO)2UO2
11.0,9.8,3.727593720314938e-05,0.0005179474679231,0.001,0.0001,3.1622776601683795e-05,0.0012649110640673,11.0,9.601049948561965,2.3744816450851003e-05,1.3531086024920148e-05,0.2593067681338071,63.70011925238688,6.767407203285685,0.8304223093073723,2.3744816450851003e-05,1.931561309735504e-12,1.3757264957571072e-05,6.93214619490788e-19,5.098024345905015e-13,9.987549051915332e-06,1.5914556368154725e-19,1.630254105616823e-18,9.16698366895259e-13,1.1533127168901242e-08,4.511701746606314e-12,6.7131526954531885e-09,3.624617117904802e-07,2.295559979341763e-21,3.954794944363645e-06,2.1614006190153e-08,1.7804231785690303,-6.525409085880302,-999.999,CaUO2(CO3)3-2,(Hfo_sO)2UO2
11.0,9.8,3.727593720314938e-05,0.0005179474679231,0.0039810717055349,0.01,5.623413251903491e-06,0.0002249365300761,11.0,9.601107472369629,7.422867436952171e-06,2.985305641851906e-05,0.0461119886656086,19.913295262030392,5.392237974354744,0.7317690505651872,7.422867436952171e-06,5.995594140184033e-13,2.590145135008375e-06,1.5425125163045302e-20,2.536857390836548e-13,4.832721448698618e-06,9.10115185202856e-21,4.691486953795282e-18,2.6373430285716385e-12,3.3010715658730405e-08,1.5270291296782394e-12,2.6984831259419605e-10,1.721964935194182e-09,2.362582051383424e-20,2.0502626257089703e-06,1.2168215664506643e-06,3.820736674411556,-6.993784890169337,-999.999,CaUO2(CO3)3-2,(Hfo_wO)2UO2
11.0,9.8,3.727593720314938e-05,0.0005179474679231,1.0,0.0001,5.623413251903491e-06,0.0002249365300761,11.0,9.608344816710328,8.320875181693792e-06,2.8955045416710757e-05,0.0461119886656086,22.32237686297737,6.232049648064429,0.7946309045160054,8.320875181693792e-06,6.59562849073625e-13,2.608847000766881e-06,1.0539168838397018e-20,3.023131302256705e-13,5.712027219050915e-06,7.297061729826804e-21,5.6368172954037934e-18,3.0648934226114694e-12,3.0003316687796314e-08,1.0063850588489408e-12,1.4919334879034708e-10,6.458136411743345e-10,4.811898381590296e-18,2.850371082545036e-09,5.070701702470324e-12,8.459316761403933,-7.082608289696797,-999.999,UO2(OH)2,(Hfo_wO)2UO2
11.0,9.8,3.727593720314938e-05,0.0013894954943731,0.0039810717055349,0.001,3.1622776601683795e-05,0.0012649110640673,11.0,9.601076752493912,1.2825948478554945e-05,2.444998687123029e-05,0.2593067681338071,34.408118053893766,2.023005243306513,0.3059970083942029,1.2825948478554945e-05,6.969124839534225e-13,1.1183374019377086e-05,9.260575307903737e-19,8.273404242833621e-14,1.6425736795303649e-06,4.3012033707104657e-20,2.6106801348525143e-19,1.4678146288301556e-13,1.8444539754793702e-09,1.1860359316698533e-12,2.903246429536527e-09,2.5760187431675655e-07,1.3953419718424125e-21,2.1797471231679205e-05,9.228737039647904e-07,1.3567083195534837,-7.10518121741889,-999.999,CaUO2(CO3)3-2,(Hfo_sO)2UO2
11.0,9.8,3.727593720314938e-05,0.0037275937203149,0.2511886431509579,0.0001,1e-06,4e-05,11.0,9.60289376823778,1.1584533225320037e-06,3.611748248020474e-05,0.0081999999999999,3.1077778573844355,3.911534961169068,0.5923472163089905,1.1584533225320037e-06,9.513861976930292e-14,4.5626207576471833e-07,3.439670688191138e-20,3.656009547750138e-14,7.021911150685187e-07,1.6740091346197186e-20,3.771111226407373e-18,2.1025815903022648e-12,2.4771392435217052e-08,1.4746395641333547e-11,3.4759564683958764e-08,2.807868872588617e-06,9.494656524069762e-19,1.245927977208235e-05,2.6153095517178793e-08,7.039484549316043,-5.986228164657016,-999.999,CaUO2(CO3)3-2,(Hfo_wO)2UO2
11.0,9.8,3.727593720314938e-05,0.0037275937203149,0.2511886431509579,0.0001,3.1622776601683795e-05,0.0012649110640673,11.0,9.602893747933727,2.269737731041621e-05,1.457853296216624e-05,0.2593067681338071,60.89015867453104,6.004101172076275,0.7784480017098494,2.269737731041621e-05,1.828200757897613e-12,1.3656958797496765e-05,1.0365492183866094e-18,4.607561001411919e-13,9.040416223961332e-06,2.169823234585879e-19,1.4711741599500869e-18,8.202526545518223e-13,9.663742264842864e-09,5.791807985707523e-12,1.3744721577599316e-08,1.1178200012929986e-06,3.7039666976862894e-19,5.356144342654442e-06,1.2140786058184791e-08,6.221833569238811,-6.392099982424387,-999.999,CaUO2(CO3)3-2,(Hfo_sO)2UO2
11.0,9.8,3.727593720314938e-05,0.0037275937203149,1.0,0.001,3.1622776601683795e-05,0.0012649110640673,11.0,9.608352067818815,2.489655532927832e-05,1.2379344310000168e-05,0.2593067681338071,66.78988429880403,7.755820833418854,0.88962776792133,2.489655532927832e-05,2.0416003626112763e-12,1.3854273318418675e-05,3.958840742575525e-19,5.64596550252434e-13,1.1042279404662235e-05,9.977988796254586e-20,1.8085401687820575e-18,9.833204600922648e-13,9.61805399155381e-09,2.282115693979873e-12,2.394951478793546e-09,7.332988419001126e-08,1.5436133610760406e-18,3.0419326825541567e-06,5.0821024679918095e-08,7.469940814676008,-6.726687560861766,-999.999,CaUO2(CO3)3-2,(Hfo_sO)2UO2
11.0,9.8,3.727593720314938e-05,0.01,0.0039810717055349,0.0,0.0001778279410038,0.0071131176401556,11.0,9.601105882060036,2.4715861166432015e-05,1.2560075490233491e-05,1.4581891162319167,66.30513682790466,1.3494899201334618,0.1301696449897826,2.4715861166432015e-05,6.044399179702149e-13,2.414066356875554e-05,1.840239914895781e-17,2.8901263160715e-14,5.751969643167571e-07,1.3865700910451178e-19,1.6178083886976516e-20,9.094657974218121e-15,1.1387252432095188e-10,6.742572342293731e-13,1.5246760151028688e-08,1.2453826500984784e-05,8.111439022907502e-23,0.0,0.0,-1.1604768802236052,-7.348947674298525,-999.999,UO2(CO3)3-4,(Hfo_sO)2UO2
11.0,9.8,3.727593720314938e-05,0.01,0.0158489319246111,0.0,0.0001778279410038,0.0071131176401556,11.0,9.60119117388548,2.766079975367913e-05,9.615136620615849e-06,1.4581891162319167,74.20551119326953,1.9728561536717524,0.2950954208102071,2.766079975367913e-05,7.057025249252612e-13,2.6958742225900687e-05,1.7564110400742848e-17,3.5276701879995434e-14,7.020567867815094e-07,1.4464345074031437e-19,1.9747573116232678e-20,1.1096919483046798e-14,1.3854397338081649e-10,7.016762260916473e-13,1.3594611303231181e-08,9.490592511279678e-06,3.8581538200351904e-22,0.0,0.0,0.1980958151831515,-7.330559737370454,-999.999,UO2(CO3)3-4,(Hfo_sO)2UO2
11.0,9.8,0.0001930697728883,1e-05,0.001,1e-05,0.001,0.04,11.0,9.60104844638351,0.0001928981976183,1.696534069443505e-07,8.2,99.91113302335538,138.66017113925625,2.141951731884596,0.0001928981976183,5.4429517177120595e-12,0.0001868745784333,2.0411023460436658e-19,3.0270382679172193e-13,6.023613439364101e-06,2.080518823925172e-21,3.013651752292479e-20,1.6946000880547463e-14,2.1324374134397824e-10,1.808183619890644e-15,5.830719874585404e-14,6.823964094330328e-14,4.967912555362971e-23,1.2179903097106324e-13,1.089145352557399e-16,-1.6734240687912203,-9.922592378832658,-999.999,UO2(OH)2,(Hfo_sO)2UO2
11.0,9.8,0.0001930697728883,2.6826957952797277e-05,0.0630957344480193,0.0001,0.0001778279410038,0.0071131176401556,11.0,9.601506972016988,0.0001769246670442,1.6143350712999987e-05,1.4581891162319167,91.637683308707,7.515897570016283,0.8759808527111067,0.0001769246670442,1.4682020545607877e-11,8.006866457998026e-05,9.345497976325961e-20,5.002046867736243e-12,9.685598278019528e-05,3.5749198946936785e-20,2.877948526554528e-18,1.614879532747445e-12,1.9991027346031348e-08,1.81911753231906e-13,6.358618177573424e-12,7.952480444095575e-12,2.1230845793658675e-19,7.700265686308816e-11,3.682533321745522e-13,5.72963146204642,-7.913777115322681,-999.999,UO2(OH)2,(Hfo_wO)2UO2
11.0,9.8,0.0001930697728883,2.6826957952797277e-05,0.2511886431509579,0.001,3.1622776601683795e-05,0.0012649110640673,11.0,9.60289020307522,9.472602074215548e-05,9.83428366784734e-05,0.2593067681338071,49.063102589832496,3.714605608879536,0.5699127101612589,9.472602074215548e-05,6.438999091648534e-12,1.5133483693350234e-05,7.725239824730689e-21,4.5741989199081046e-12,7.959252603560722e-05,1.2848290448720576e-20,1.6469100438023117e-17,9.182491270646991e-12,1.0823080965074609e-07,4.3625726548752544e-13,6.960108234328503e-12,3.807054121023585e-12,4.1497186524583814e-18,2.4963974750363074e-10,7.747082050204302e-12,8.326372666982614,-7.515357064317406,-999.999,UO2(OH)2,(Hfo_wO)2UO2
11.0,9.8,0.0001930697728883,2.6826957952797277e-05,0.2511886431509579,0.001,0.001,0.04,11.0,9.602890186359978,0.0001929024626122,1.6538924542484585e-07,8.2,99.91334206615848,142.23833298254837,2.153016653772912,0.0001929024626122,5.443136976268004e-12,0.0001868785619539,9.53996859852773e-20,3.0271797588461563e-13,6.023894912507996e-06,9.724445543364149e-22,3.013792646934555e-20,1.680366630006221e-14,1.9805908746872743e-10,7.983638733805081e-16,1.2737620112409726e-14,6.967480372935513e-15,7.596627558179614e-21,4.568707476442763e-13,1.4177870202626524e-14,2.8512499063864425,-10.252899169366383,-999.999,UO2(OH)2,(Hfo_sO)2UO2
11.0,9.8,0.0001930697728883,7.196856730011514e-05,0.0630957344480193,0.01,0.0001778279410038,0.0071131176401556,11.0,9.601543273903271,0.000176927409069,1.6140609069886788e-05,1.4581891162319167,91.63910353348918,7.517290723163405,0.8760613464445948,0.000176927409069,1.4682241403748417e-11,8.006878453186389e-05,7.360083612381699e-20,5.002186073358957e-12,9.685860485271308e-05,2.815514195970287e-20,2.878030794491484e-18,1.6146557402359082e-12,1.989614271319417e-08,1.4263279443899618e-13,3.943977793192335e-12,3.884668582123743e-12,2.0683322260420212e-19,3.519768839971353e-09,1.5681180485983116e-09,5.711456317144638,-8.017485051267684,-999.999,UO2(OH)2,(Hfo_wO)2UO2
11.0,9.8,0.0001930697728883,0.0001930697728883,1.0,0.0,0.0001778279410038,0.0071131176401556,11.0,9.608344440930685,0.0001781923061265,1.4875701628934857e-05,1.4581891162319167,92.29425376160358,8.214812157489677,0.9145976371687192,0.0001781923061265,1.478389834004604e-11,8.012358423553124e-05,1.2087434219778728e-19,5.066452700284772e-12,9.80687020406199e-05,4.678473590780936e-20,2.916027001990398e-18,1.5855272534978518e-12,1.5522497031536997e-08,1.9443345782539972e-13,1.0763141529288982e-11,1.7398540001101892e-11,2.489660911271939e-18,0.0,0.0,7.887018237752947,-7.796634703894295,-999.999,UO2(OH)2,(Hfo_wO)2UO2
11.0,9.8,0.0001930697728883,0.0005179474679231,0.0158489319246111,0.001,0.001,0.04,11.0,9.601162776243177,0.0001927991780026,2.69029285537534e-07,8.2,99.85984606413292,87.39604252151916,1.941491767302832,0.0001927991780026,5.438646071932417e-12,0.0001867821035177,4.760521965435829e-18,3.0237483795308744e-13,6.017068743871007e-06,4.8495817485346964e-20,3.01036987079554e-20,1.6918636452040262e-14,2.1195639417536615e-10,4.1983132013996575e-14,3.1714544725364346e-11,8.661194523442632e-10,6.153474941714978e-22,9.38556904677917e-08,5.075503013685559e-09,0.6441482464188368,-8.555060829989571,-999.999,CaUO2(CO3)3-2,(Hfo_sO)2UO2
11.0,9.8,0.0001930697728883,0.01,0.0630957344480193,1e-05,0.0001778279410038,0.0071131176401556,11.0,9.60153306475365,9.535275458873872e-05,9.771696822542954e-05,1.4581891162319167,49.38771779873201,0.6691899456272606,-0.1744505928013983,9.535275458873872e-05,6.728820623159352e-12,7.164560746983474e-05,3.0057253810765934e-17,1.198984964017177e-12,2.3707139191065204e-05,3.1451320110822066e-18,6.755514799178732e-19,3.7902108663802394e-13,4.676384616488295e-09,1.5298896521000996e-11,1.928314683668476e-07,8.668373935668351e-05,4.873141166439466e-20,7.061965846122266e-06,2.832406068569679e-10,4.4240025932886695,-5.987581820982051,-999.999,UO2(CO3)3-4,(Hfo_sO)2UO2
11.0,9.8,0.0001930697728883,0.01,0.2511886431509579,0.0,0.0001778279410038,0.0071131176401556,11.0,9.6029056913928,0.0001503515213164,4.271777828136684e-05,1.4581891162319167,77.87418976424908,2.413711264018126,0.3826853171517527,0.0001503515213164,1.242962349950154e-11,7.865138427409725e-05,1.605512672453382e-17,3.676162734258679e-12,7.17001209365547e-05,4.628361319083557e-18,2.099813124734757e-18,1.1706857049998689e-12,1.3771312318425892e-08,2.220053069090598e-11,1.4190424268175014e-07,3.10386445490837e-05,5.271048391411933e-19,0.0,0.0,6.518963734292136,-5.807911986901809,-999.999,UO2(CO3)3-4,(Hfo_sO)2UO2
11.0,9.8,0.0001930697728883,0.01,0.2511886431509579,0.001,0.0001778279410038,0.0071131176401556,11.0,9.602907971543324,7.363075306882599e-05,0.0001194390072597,1.4581891162319167,38.136862113271015,0.4227651745362553,-0.3739007950866094,7.363075306882599e-05,4.0934565445275046e-12,6.368302161917548e-05,1.2156636363508356e-17,5.011529315922322e-13,9.94772685502829e-06,6.005008360310998e-19,2.812721544538969e-19,1.568129225220623e-13,1.8445003737133306e-09,2.780726616490834e-12,1.6622879961144942e-08,3.400134001450567e-06,7.059379109337492e-20,0.0001127142148827,1.764831053865287e-06,4.773794248252877,-6.710083495764266,-999.999,CaUO2(CO3)3-2,(Hfo_sO)2UO2
11.0,9.8,0.001,1e-05,0.2511886431509579,0.0,0.0001778279410038,0.0071131176401556,11.0,9.602888060533669,0.0007835723910884,0.0002163920551395,1.4581891162319167,78.35723910884057,2.4832701115796167,0.3950239614346899,0.0007835723910884,4.9436094798911896e-11,8.60867077646626e-05,1.7711776632681515e-20,4.358868048305651e-11,0.0006974855902989,4.53796630649656e-20,3.0348529928452987e-17,1.692125576804165e-11,1.995264948703297e-07,3.241430679639297e-13,2.083481811166349e-12,4.593204066943943e-13,7.663586676081149e-18,0.0,0.0,8.857774365929146,-7.644536313865988,-999.999,UO2(OH)2,(Hfo_wO)2UO2
11.0,9.8,0.001,2.6826957952797277e-05,0.0630957344480193,1e-05,0.001,0.04,11.0,9.601508184863071,0.0009841341328703,1.582005918079873e-05,8.2,98.41341328703663,7.58634062587991,0.8800323385801813,0.0009841341328703,8.169126521947086e-11,0.0004497668573218,5.371841884466803e-19,2.7582382444510358e-11,0.0005343671662748,2.0182526751540352e-19,2.8206791866983648e-18,1.5827356199885156e-12,1.9592852788369223e-08,1.8244168803319986e-13,6.525671934559188e-12,8.351433129844606e-12,2.0946506923882065e-19,8.083169708888554e-12,3.863998975559958e-15,5.712059207797118,-7.912510534671764,-999.999,UO2(OH)2,(Hfo_wO)2UO2
11.0,9.8,0.001,2.6826957952797277e-05,1.0,0.0001,0.001,0.04,11.0,9.608345822826662,0.0009855294711957,1.442472521033999e-05,8.2,98.55294711957453,8.3319799250926,0.9207482148964462,0.0009855294711957,8.180436433262011e-11,0.0004498293147703,9.410168783945632e-20,2.7653075218246755e-11,0.0005357000469679,3.543817457213486e-20,2.8281021448483007e-18,1.5377102089853034e-12,1.5053467312940246e-08,2.6147332499884547e-14,2.0072173794554242e-13,4.4992908396145953e-14,2.4154522267743466e-18,2.0045055385944037e-13,3.5995904707091574e-16,7.860464934193132,-8.66795525008692,-999.999,UO2(OH)2,(Hfo_wO)2UO2
11.0,9.8,0.001,7.196856730011514e-05,0.0039810717055349,0.01,3.1622776601683795e-05,0.0012649110640673,11.0,9.6011093052785,0.0002061723831712,0.0007938184848336,0.2593067681338071,20.617238317126247,1.0016025717473125,0.0006954309764111,0.0002061723831712,1.2607467725328082e-11,1.5457638376514768e-05,1.263056774239414e-20,1.3717608211025052e-11,0.0001907147184696,4.927923310833636e-20,6.181395867282527e-17,3.474873499981165e-11,4.348446543582963e-07,2.759999362962999e-12,6.693388241459409e-11,5.86037957327871e-11,3.174666793378297e-19,7.193245299028019e-08,4.4001419792720754e-08,6.058731246050222,-6.736633713057781,-999.999,UO2(OH)2,(Hfo_wO)2UO2
11.0,9.8,0.001,0.0001930697728883,0.0039810717055349,1e-05,0.0001778279410038,0.0071131176401556,11.0,9.601072771082451,0.0007788573112535,0.0002211073814592,1.4581891162319167,77.88573112535879,2.415687807512447,0.3830408073351232,0.0007788573112535,4.918433362396613e-11,8.607273417924664e-05,1.5713392119710046e-18,4.3223811872643774e-11,0.0006927844846661,3.999470539856412e-18,3.0045077101540707e-17,1.6892690797547805e-11,2.123771558627794e-07,3.0106559600619853e-11,1.6239850294390427e-08,3.176774373652396e-07,1.8004218611422173e-19,4.148617133867325e-07,2.712088144328552e-10,5.494673192344209,-5.700822327873105,-999.999,CaUO2(CO3)3-2,(Hfo_wO)2UO2
11.0,9.8,0.001,0.0001930697728883,0.0158489319246111,1e-05,0.001,0.04,11.0,9.601160484280314,0.0009840291995809,1.5925024603443852e-05,8.2,98.4029199580956,7.535533784893215,0.8771140212986787,0.0009840291995809,8.168275587960023e-11,0.0004497621649952,6.37988285822388e-18,2.7577066273468152e-11,0.0005342669253258,2.396558723864372e-18,2.820120918461207e-18,1.5849582018642617e-12,1.9863991343107195e-08,2.189758071865698e-12,9.20295506879388e-10,1.3988047150571628e-08,5.979167266900159e-20,1.6603455588989385e-08,9.838717758494384e-12,4.592636796954061,-6.83790248416112,-999.999,UO2(OH)2,(Hfo_wO)2UO2
11.0,9.8,0.001,0.0001930697728883,0.0158489319246111,0.01,5.623413251903491e-06,0.0002249365300761,11.0,9.601196949826486,3.828930287163539e-05,0.0009617090088712,0.0461119886656086,3.828930287163539,0.8634156624642131,-0.0637800774540334,3.828930287163539e-05,2.344568139538994e-12,2.7515129755477317e-06,6.174508810839504e-21,2.6100705686587146e-12,3.553778494144892e-05,2.5218613422156952e-20,6.753437584046105e-17,3.7949149135122624e-11,4.7342965986753337e-07,8.25908635461476e-12,5.51552159615231e-10,1.3262256980711866e-09,1.3120146020928781e-18,1.475613380049999e-06,8.16026001582348e-07,7.312073211219641,-6.25944426007859,-999.999,CaUO2(CO3)3-2,(Hfo_wO)2UO2
11.0,9.8,0.001,0.0001930697728883,0.0630957344480193,0.0001,0.0001778279410038,0.0071131176401556,11.0,9.601508962765449,0.0007801428032685,0.0002198218126794,1.4581891162319167,78.0142803268555,2.4338256810797154,0.3862894693516228,0.0007801428032685,4.925294639784172e-11,8.607655534920561e-05,7.194533139181416e-19,4.3323167900398994e-11,0.0006940661553432,1.8345037588872964e-18,3.012762691113368e-17,1.6905111953545597e-11,2.092507081436709e-07,1.3635730891498039e-11,3.4135038855711435e-09,3.057159798707463e-08,2.230096589670221e-18,2.828087544048233e-07,1.292002388527533e-09,7.768317479100752,-6.038917336943081,-999.999,CaUO2(CO3)3-2,(Hfo_wO)2UO2
11.0,9.8,0.001,0.0001930697728883,1.0,0.0001,1e-06,4e-05,11.0,9.60834649150128,7.127326372472918e-06,0.0009928723600825,0.0081999999999999,0.7127326372472919,0.8754258633125929,-0.0577806268707006,7.127326372472918e-06,4.3767649318824324e-13,4.89793527574579e-07,7.374206418520683e-22,4.990913095476075e-13,6.637531908130532e-06,3.1601585344210565e-21,7.434701609131943e-17,4.0424216577432256e-11,3.957170761619245e-07,4.94687460198684e-12,2.733178776092082e-10,4.409306494511857e-10,6.346537218317187e-17,1.9582533883618163e-09,3.505359750452211e-12,10.699960693564703,-6.391034208752988,-999.999,UO2(OH)2,(Hfo_wO)2UO2
11.0,9.8,0.001,0.0005179474679231,0.001,1e-05,5.623413251903491e-06,0.0002249365300761,11.0,9.601051715571003,3.810818072459536e-05,0.0009618901458202,0.0461119886656086,3.810818072459536,0.8591695726994554,-0.065921111815278,3.810818072459536e-05,2.3329874248262802e-12,2.751220681722253e-06,1.3352167394568776e-19,2.590699900327231e-12,3.53569551191851e-05,5.42626748299473e-19,6.687597077760164e-17,3.760431832344281e-11,4.730747315664972e-07,1.7824643412400063e-10,2.554599254229996e-07,1.328461956478119e-05,9.486907181740306e-20,6.030090660814725e-06,1.3709542798618314e-09,5.004428826327249,-4.92870355980615,-999.999,UO2(CO3)3-4,(Hfo_wO)2UO2
11.0,9.8,0.001,0.0005179474679231,1.0,0.0001,0.0001778279410038,0.0071131176401556,11.0,9.608346581944897,0.0007961042585675,0.0002038596303889,1.4581891162319167,79.61042585675686,2.6780881154118306,0.4278248622232521,0.0007961042585675,5.010653906741398e-11,8.612326347425504e-05,3.4787990070543603e-19,4.456434172744619e-11,0.0007099809004224,9.06891904072914e-19,3.11640593001908e-17,1.6944622986963154e-11,1.6586697513172376e-07,5.563050562991884e-12,8.246539442919203e-10,3.569279846228852e-09,2.6612929211654888e-17,1.5749585977345517e-08,2.8009658216707567e-11,9.944495204908904,-6.340037118698305,-999.999,UO2(OH)2,(Hfo_wO)2UO2
11.0,9.8,0.001,0.0013894954943731,0.0158489319246111,1e-05,0.001,0.04,11.0,9.601163849374288,0.0009769723012334,2.2985276344028557e-05,8.2,97.6972301233489,5.183447080722714,0.7146186690589195,0.0009769723012334,8.110918876989934e-11,0.0004494443139315,4.4534951538473567e-17,2.7219792886492817e-11,0.0005275278789728,1.6529910799467705e-17,2.7826119996170158e-18,1.5638532862258205e-12,1.9590784840562503e-08,1.5086559911043363e-11,4.431011130621582e-08,4.704656659964267e-06,5.810440810262894e-20,2.5553341288820858e-06,6.925959228323793e-10,4.569173780904805,-5.999522252698098,-999.999,UO2(CO3)3-4,(Hfo_wO)2UO2
11.0,9.8,0.001,0.0013894954943731,0.0158489319246111,0.0001,0.0001778279410038,0.0071131176401556,11.0,9.601163542613175,0.0007243124304995,0.0002756559693787,1.4581891162319167,72.43124304995241,1.801958084135181,0.2557446845117924,0.0007243124304995,4.628883377718105e-11,8.59015229581078e-05,6.906561994935474e-18,3.9089122681143596e-11,0.0006384108221634,1.6231598492694116e-17,2.6664616565548786e-17,1.498577852614041e-11,1.877345380741809e-07,1.1730520841381908e-10,2.795486793079748e-07,2.4083438643934627e-05,5.532400659643473e-19,6.559618088371771e-05,8.915783526509759e-08,6.533890003932648,-5.108803606107859,-999.999,CaUO2(CO3)3-2,(Hfo_wO)2UO2
11.0,9.8,0.001,0.0013894954943731,0.0630957344480193,1e-05,0.0001778279410038,0.0071131176401556,11.0,9.601511723183624,0.0007711260613364,0.0002288395253209,1.4581891162319167,77.11260613364996,2.3108964763258677,0.3637804903655385,0.0007711260613364,4.877208289835626e-11,8.60495917553482e-05,5.130139522993464e-18,4.2628140485837694e-11,0.0006850763781809,1.2915741831774405e-17,2.955144640902936e-17,1.658159671220599e-11,2.051735929693374e-07,9.536886512412256e-11,1.703489524729755e-07,1.0882278337429377e-05,2.1820299243219776e-18,4.385129484689773e-06,8.723535316392806e-10,7.745867980758568,-5.1940408951082695,-999.999,UO2(CO3)3-4,(Hfo_wO)2UO2
11.0,9.8,0.001,0.0013894954943731,1.0,0.0001,5.623413251903491e-06,0.0002249365300761,11.0,9.60834807391752,3.9791619394791925e-05,0.0009602066271663,0.0461119886656086,3.9791619394791926,0.8986965251818736,-0.0463869375095991,3.9791619394791925e-05,2.44217721835004e-12,2.753868860039737e-06,2.9801139999706476e-20,2.774328058738446e-12,3.7037745318246754e-05,1.267459711943238e-19,7.321193103502317e-17,3.980675412242136e-11,3.8960267093196964e-07,3.500755174098922e-11,1.3904683471306234e-08,1.612318100117251e-07,6.24976114709376e-17,6.950292366195852e-07,1.2073847130798386e-09,10.68586029831107,-5.541128515552867,-999.999,CaUO2(CO3)3-2,(Hfo_wO)2UO2
11.0,9.8,0.001,0.0037275937203149,0.001,0.0001,5.623413251903491e-06,0.0002249365300761,11.0,9.601058590881433,3.0450164493997367e-05,0.0009695486681394,0.0461119886656086,3.045016449399737,0.6810926232542495,-0.1667938234280401,3.0450164493997367e-05,1.8742711098287734e-12,2.736814373441861e-06,5.044151575734461e-19,1.8474990371284285e-12,2.771334639878324e-05,1.6152202722888237e-18,4.339003407980777e-17,2.4397417698818127e-11,3.064574436830277e-07,4.3853596900889184e-10,2.390427433254398e-06,0.0004720829883315,5.828166380085466e-20,9.63211072136764e-05,9.8287213809609e-09,4.58114722703364,-4.537067222253466,-999.999,UO2(CO3)3-4,(Hfo_wO)2UO2
